tree
version=v4
num_class=1
num_tree_per_iteration=1
label_index=0
max_feature_idx=8
objective=regression_l1
feature_names=stage_pct recharge_total_ham extraction_total_ham extraction_over_recharge_pct rainfall_mm category_ordinal neighbour_stage_mean stage_delta_prev year_gap
feature_infos=[8.5999999999999996:458.04316902715067] [51.840000000000003:32981.07] [120.21000000000001:23265.459999999999] [4.7137367638518786:396.48846370287004] [61.249748305557048:1268.9000000000001] [0:3] [21.633999999999997:389.73111694739788] [-255.29507401637019:150.35316902715067] [1:3]
tree_sizes=1353 1421 1409 1405 1411 1409 1406 1403 1404 1417 1411 1412 1408 1416 1401 1409 1394 1408 1427 1378 1386 1391 1411 1412 1418 1415 1411 1401 1413 1408 1414 1402 1437 1405 1397 1402 1403 1401 1410 1401 1393 1421 1415 1426 1407 1427 1415 1427 1412 1408 1407 1418 1422 1422 1416 1404 1410 1420 1413 1426 1415 1408 1406 1424 1408 1405 1403 1393 1421 1414 1403 1438 1431 1427 1429 1417 1424 1424 1431 1419 1412 1415 1438 1422 1401 1417 1408 1410 1419 1428 1411 1424 1414 1418 1426 1402 1405 1420 1411 1416 1425 1426 1432 1412 1421 1424 1421 1398 1413 1431 1417 1421 1417 1433 1405 1422 1402 1400 1417 1407 1436 1427 1417 1414 1425 1427 1412 1418 1406 1425 1421 1402 1422 1424 1415 1439 1410 1417 1439 1421 1425 1418 1418 1396 1417 1441 1413 1432 1416 1428 1419 1421 1398 1435 1402 1421 1421 1421 1392 1428 1418 1388 1414 1417 1424 1416 1395 1421 1419 1390 1427 1408 1422 1432 1423 1411 1426 1433 1422 1427 1417 1416 1415 1420 1419 1431 1420 1421 1428 1420 1421 1406 1435 1450 1427 1423 1412 1435 1418 1422 1427 1429 1417 1423 1426 1443 1413 1408 1403 1431 1438 1430 1411 1420 1425 1431 1425 1430 1427 1426 1433 1418 1430 1423 1412 1437 1436 1405 1422 1438 1446 1432 1419 1439 1436 1423 1428 1418 1414 1419 1408 1407 1411 1421 1424 1405 1440 1421 1414 1430 1429 1432 1425 1431 1409 1421 1427 1434 1420 1430 1404 1422 1427 1401 1454 1423 1424 1446 1438 1429 1428 1430 1433 1427 1446 1413 1441 1418 1412 1430 1408 1435 1437 1450 1448 1427 1443 1425 1434 1410 1408 1431 1395 1418 1426 1422 1426 1426 1422 1429 1423 1426 1414 1419 1420 1433 1411 1413 1419 1419 1397 1439 1440 1420 1457 1421 1419 1432 1445 1424 1414 1427 1431 1436 1432 1443 1434 1413 1423 1405 1425 1412 1427 1403 1434 1429 1423 1428 1415 1427 1428 1438 1420 1434 1432 1419 1423 1450 1449 1431 1409 1449 1428 1414 1426 1450 1424 1429 1413 1439 1433 1426 1442 1417 1411 1394 1424 1409 1429 1431 1421 1439 1423 1429 1422 1424 1388 1428 1412 1439 1440 1424 1414 1428 1441 1411 1427 1411 1454 1441 1442 1443 1436 1420 1430 1425 1431 1446 1433 1426

Tree=0
num_leaves=15
num_cat=0
split_feature=8 4 7 3 6 4 6 4 0 7 7 0 0 4
split_gain=32.1213 15.3562 12.878 9.17396 11.8414 8.6567 8.44755 6.37434 9.02913 8.87454 6.85512 5.77275 7.80661 5.16522
threshold=1.5000000000000002 784.75500000000011 12.240576446122811 200.16687481663931 97.558424839764953 621.83382352941192 69.55825957253326 497.20500000000004 54.976990892666656 -41.860271339975981 -9.0727731832168441 263.59989435116739 152.44158168174371 727.07000000000016
decision_type=2 10 10 2 2 10 2 10 2 10 10 2 2 10
left_child=1 7 3 4 -2 -4 -3 8 -1 -9 -10 12 -11 -6
right_child=2 6 5 -5 13 -7 -8 9 10 11 -12 -13 -14 -15
leaf_value=0.97884620353579521 1.0194526344537735 1.0460074514150619 1.0626186907291413 0.92151845395565035 1.4409695982933044 0.83098254203796384 1.0157075583934785 1.0869976043701173 0.65016998052597041 0.94051904827356336 1.0349888980388642 0.5496940016746521 0.96543458960950379 1.0238065421581268
leaf_weight=30 100 26 70 62 262 47 142 22 47 203 225 22 180 31
leaf_count=30 100 26 70 62 262 47 142 22 47 203 225 22 180 31
internal_value=1.00747 1.00157 1.01672 1.02052 1.02333 1.00196 1.01516 0.998431 1.00401 0.994505 1.00692 0.992817 0.994321 1.02839
internal_weight=1469 897 572 455 393 117 168 729 302 427 272 405 383 293
internal_count=1469 897 572 455 393 117 168 729 302 427 272 405 383 293
is_linear=0
shrinkage=1


Tree=1
num_leaves=15
num_cat=0
split_feature=8 4 7 2 0 6 6 4 0 7 0 0 7 6
split_gain=29.9704 14.9819 12.2773 10.3122 8.56019 12.1842 8.44755 6.28359 9.14613 8.74001 5.89365 7.27964 5.42064 5.01485
threshold=1.5000000000000002 784.75500000000011 12.240576446122811 5370.197000000001 222.72964531768312 98.505629590393951 69.55825957253326 497.20500000000004 54.976990892666656 -41.860271339975981 263.59989435116739 152.44158168174371 -9.0727731832168441 217.18696331675559
decision_type=2 10 10 2 2 2 2 10 2 10 2 2 10 2
left_child=1 7 4 -4 5 -2 -3 8 -1 -9 11 -11 -10 -6
right_child=2 6 3 -5 13 -7 -8 9 12 10 -12 -13 -14 -15
leaf_value=-0.027194316498935223 0.00039980098605155726 0.036608868986368184 0.090028225034475329 -0.18728612452745438 -0.43473076269030575 0.3214964681863785 0.0078239706158637953 0.075549514293670655 -0.33943672835826877 -0.063605113998055463 -0.4348889082670212 -0.03993534972891212 0.026141243278980254 0.62105156734585765
leaf_weight=30 103 26 46 71 32 292 142 22 47 203 22 180 225 28
leaf_count=30 103 26 46 71 32 292 142 22 47 203 22 180 225 28
internal_value=-3.40136e-05 -0.00573497 0.00890052 -0.00550847 0.0126096 0.0152778 0.00769231 -0.00883562 -0.00330033 -0.0127336 -0.0144089 -0.0128906 -0.0003663 -0.00491803
internal_weight=1469 897 572 117 455 395 168 729 302 427 405 383 272 60
internal_count=1469 897 572 117 455 395 168 729 302 427 405 383 272 60
is_linear=0
shrinkage=0.05


Tree=2
num_leaves=15
num_cat=0
split_feature=8 4 7 4 3 6 6 4 0 3 7 4 2 6
split_gain=24.9953 13.2187 12.8587 8.77233 7.90469 9.95233 6.52075 6.104 7.50937 7.02811 6.56917 5.8077 5.21311 4.78424
threshold=1.5000000000000002 784.75500000000011 11.591788690390233 621.83382352941192 200.16687481663931 98.505629590393951 69.55825957253326 497.20500000000004 52.030013044333622 233.21832234627394 -17.040586077334545 616.45000000000016 5745.4540000000006 217.18696331675559
decision_type=2 10 10 10 2 2 2 10 2 2 8 10 2 2
left_child=1 7 4 12 5 -2 -3 8 -1 10 -9 -7 -4 -6
right_child=2 6 3 -5 13 11 -8 9 -10 -11 -12 -13 -14 -15
leaf_value=-0.023820129828527572 0.011361802823841572 0.034778425537049774 0.22742152727395296 -0.15382391761243344 -0.41299422455579049 0.4594422522485257 0.0074327720850706049 0.08785193963255733 -0.0027044164687395123 -0.41314446285367012 -0.051683873277157545 0.011313796371221541 -0.15639146129786968 0.58999898897856473
leaf_weight=22 102 26 33 51 34 231 142 39 280 26 362 55 38 28
leaf_count=22 102 26 33 51 34 231 142 39 280 26 362 55 38 28
internal_value=-0.000306122 -0.00551225 0.0078534 -0.00650407 0.0117517 0.0143959 0.00710059 -0.00842466 -0.0029703 -0.0122664 -0.0105721 0.0191638 0.00486111 -0.0047619
internal_weight=1469 897 572 122 450 388 168 729 302 427 401 286 71 62
internal_count=1469 897 572 122 450 388 168 729 302 427 401 286 71 62
is_linear=0
shrinkage=0.05


Tree=3
num_leaves=15
num_cat=0
split_feature=8 7 3 6 7 7 2 6 2 2 1 7 3 6
split_gain=22.5056 10.3516 7.78521 8.05368 7.34425 6.2736 6.78204 5.83922 6.87879 4.97778 4.16831 3.95155 3.31087 12.158
threshold=1.5000000000000002 37.615644771913338 262.44997659907676 98.505629590393951 -1.2716811360275402 -17.040586077334545 9549.8750000000018 166.24936973569427 6794.9040000000014 7814.9600000000009 8502.7950000000001 7.7032982754556736 34.017419183778195 76.843044044200369
decision_type=2 10 2 2 10 10 2 2 2 2 2 8 2 2
left_child=12 2 3 10 5 6 -5 -6 -9 -3 11 -2 -1 -14
right_child=1 9 -4 4 7 -7 -8 8 -10 -11 -12 -13 13 -15
leaf_value=-0.0093391978810541346 0.052093258447572593 0.033519325298257178 -1.4508181897412986 0.45081797899156806 -0.016903444437310105 0.42944005371481175 -0.01721635047476739 0.33736438666004692 -0.0077970482207834705 -0.75944878521040082 -0.027069077979400759 -0.0054978586532175525 0.031243316031247373 -0.032734260408952838
leaf_weight=55 22 24 25 200 68 36 44 20 21 20 21 71 61 781
leaf_count=55 22 24 25 200 68 36 44 20 21 20 21 71 61 781
internal_value=-0.000238095 0.00750436 0.0094518 0.0108135 0.0142308 0.0185053 0.0155102 0.00318182 0.0178571 -0.0155556 -0.000869565 0.0037234 -0.00517817 -0.00438909
internal_weight=1469 572 528 503 389 280 244 109 41 44 114 93 897 842
internal_count=1469 572 528 503 389 280 244 109 41 44 114 93 897 842
is_linear=0
shrinkage=0.05


Tree=4
num_leaves=15
num_cat=0
split_feature=8 0 7 2 1 0 7 2 5 7 3 0 2 1
split_gain=21.1178 10.2267 9.2796 5.91764 6.79434 11.3781 6.14391 5.8067 5.1792 5.185 5.79682 4.73283 4.5998 6.33266
threshold=1.5000000000000002 38.605000000000011 38.689719545555143 9549.8750000000018 2033.6950000000004 89.086500000000015 3.7352150197161582 1317.7275000000002 1.5000000000000002 -2.9643020947149092 41.230116381975385 101.12592126646395 1434.4600000000003 2260.2710000000002
decision_type=2 2 10 2 2 2 10 2 2 8 2 2 2 2
left_child=1 -1 3 4 7 -6 -7 -2 9 -3 -11 -10 -13 -14
right_child=2 8 -4 -5 5 6 -8 -9 11 10 -12 12 13 -15
leaf_value=-0.0088722379870014301 0.051418361660139633 0.071498992894487454 -0.45845670452401976 -0.021061257615247755 -0.0010808716042432942 0.45314950226031248 0.029601126005710101 -0.24468068121550607 -0.036724621077869085 -0.030484164526911918 0.013147737903650853 0.063455768436929211 -0.12243119297070429 -0.026965039999093866
leaf_weight=21 50 22 43 85 88 192 78 36 80 34 99 31 59 551
leaf_count=21 50 22 43 85 88 192 78 36 80 34 99 31 59 551
internal_value=-0.000170068 -0.00495546 0.00732984 0.00915094 0.0114607 0.0144847 0.0195572 -0.00114943 -0.0041049 0.00416667 0.000373134 -0.00588643 -0.00443925 -0.00540098
internal_weight=1469 897 572 529 444 358 270 86 876 155 133 721 641 610
internal_count=1469 897 572 529 444 358 270 86 876 155 133 721 641 610
is_linear=0
shrinkage=0.05


Tree=5
num_leaves=15
num_cat=0
split_feature=8 0 2 0 6 6 1 1 3 0 1 1 0 6
split_gain=18.1185 10.5696 7.46247 6.75331 8.99595 5.31378 4.3095 3.93611 4.12233 5.27375 3.50431 6.57526 5.19425 4.17931
threshold=1.5000000000000002 38.605000000000011 9549.8750000000018 286.06312190908818 110.18562672158531 95.593414466856999 8435.7100000000009 1790.7445000000002 144.37040879121128 140.52698445551889 2260.2710000000002 2982.5300000000002 298.51044828734331 171.96309772705803
decision_type=2 2 2 2 2 2 2 2 2 2 2 2 2 2
left_child=1 -1 3 4 -2 -3 -4 -6 9 -9 -7 -12 13 -13
right_child=2 5 6 -5 7 10 -8 8 -10 -11 11 12 -14 -15
leaf_value=-0.0084286260876513582 0.0038593559299508308 0.012170447974775922 -0.19775455941288128 -0.31619635910311317 -0.22882574776087075 -0.07572094993583578 0.075576010402437777 0.21147259031105414 0.21920475435315387 0.60652743135261911 0.040086606086215941 -0.040200235415310551 -0.36010558486060895 0.0014900775658739736
leaf_weight=21 144 119 63 26 22 107 34 149 92 42 90 332 24 204
leaf_count=21 144 119 63 26 22 107 34 149 92 42 90 332 24 204
internal_value=3.40136e-05 -0.00439866 0.0069808 0.00955882 0.011 -0.00353478 -0.00561224 0.0158497 0.0174296 0.0216146 -0.00507916 -0.00368664 -0.0057041 -0.00465549
internal_weight=1469 897 572 475 449 876 97 305 283 191 757 650 560 536
internal_count=1469 897 572 475 449 876 97 305 283 191 757 650 560 536
is_linear=0
shrinkage=0.05


Tree=6
num_leaves=15
num_cat=0
split_feature=4 0 6 4 2 0 7 4 2 0 0 4 7 1
split_gain=19.802 8.99161 8.36066 6.12938 13.0062 10.0487 7.46926 7.98828 7.31387 5.79046 5.79785 7.95678 15.1391 6.03532
threshold=813.70000000000016 222.72964531768312 171.96309772705803 502.55000000000001 3029.5300000000002 263.59989435116739 -8.801203531763802 619.60333333333347 6024.1975000000011 229.16277826520826 38.605000000000011 445.35500000000008 -3.2326561892162569 13789.190000000002
decision_type=8 2 2 10 2 2 8 10 2 2 2 10 8 2
left_child=2 -2 9 4 -4 6 -5 -8 -6 10 -1 12 -12 -14
right_child=1 -3 3 5 8 -7 7 -9 -10 -11 11 -13 13 -15
leaf_value=-0.013623836949152108 0.052867272165954396 -0.41452301503055439 -0.14246550888101678 0.11998224125859221 0.1925398054016923 -0.39054169178188652 0.024142386183709699 -0.21663273705485386 0.062185398945895823 -0.30978101192839791 0.15924052527008936 -0.032161476657838604 0.032924071207816014 -0.037990519612943412
leaf_weight=26 442 44 43 39 62 32 62 59 103 27 24 405 74 27
leaf_count=26 442 44 43 39 62 32 62 59 103 27 24 405 74 27
internal_value=-0.000238095 0.00800821 -0.00431911 0.00124688 0.00717703 -0.00518135 0 -0.00614754 0.0135542 -0.00813356 -0.0070018 -0.00583804 0.00515873 -0.00343137
internal_weight=1469 486 983 400 208 192 160 121 165 583 556 530 125 101
internal_count=1469 486 983 400 208 192 160 121 165 583 556 530 125 101
is_linear=0
shrinkage=0.05


Tree=7
num_leaves=15
num_cat=0
split_feature=4 6 3 4 3 2 7 4 2 4 4 7 6 4
split_gain=21.1364 7.49375 6.48838 6.16919 10.4393 10.2162 6.01759 8.37924 5.32267 5.77943 5.08523 4.61472 4.42806 4.18553
threshold=813.70000000000016 171.96309772705803 252.1116748717474 502.55000000000001 238.20212289337366 3029.5300000000002 -8.801203531763802 619.60333333333347 6024.1975000000011 427.14500000000004 564.70000000000016 1.0516792073037247 93.307000000000016 665.17500000000007
decision_type=8 2 2 10 2 2 8 10 2 10 10 10 2 10
left_child=1 -1 11 5 6 -3 -5 10 -7 -10 -8 -2 -13 -9
right_child=2 3 -4 4 -6 8 7 13 9 -11 -12 12 -14 -15
leaf_value=-0.025061829542140562 0.15722678569579884 -0.13534223343696594 -1.534833466226704 0.11398312919566261 -0.40034782656577389 0.18291281513160765 -0.25768763690000229 -0.38562957551257832 -0.043280130035123932 0.23557583638698995 0.1150487374648833 0.022047486971841796 -0.025856033010474656 -0.052063664960881308
leaf_weight=583 341 43 20 41 27 62 20 27 65 38 44 53 72 33
leaf_count=583 341 43 20 41 27 62 20 27 65 38 44 53 72 33
internal_value=-0.000306122 -0.00452236 0.00821355 0.00074813 -0.00569948 0.00669856 -0.000903614 -0.0064 0.0123494 0.00528846 0.00615385 0.00942184 0.00119048 -0.0196721
internal_weight=1469 983 486 400 192 208 165 124 165 103 64 466 125 60
internal_count=1469 983 486 400 192 208 165 124 165 103 64 466 125 60
is_linear=0
shrinkage=0.05


Tree=8
num_leaves=15
num_cat=0
split_feature=4 0 8 4 4 2 4 1 2 4 3 0 4 3
split_gain=17.8787 6.90563 5.47708 11.7751 9.66073 4.51772 8.19828 5.35888 4.19715 4.24313 4.19172 7.45943 4.17527 8.8428
threshold=813.70000000000016 222.72964531768312 1.5000000000000002 619.60333333333347 579.80000000000007 10318.640000000001 893.38000000000022 1611.1400000000001 5441.3600000000006 693.29000000000019 65.066463251201881 53.546525554623862 497.20500000000004 233.21832234627394
decision_type=8 2 2 10 10 2 10 2 2 10 2 2 10 2
left_child=2 5 12 4 -4 7 -7 -2 -5 -10 11 -9 -1 -14
right_child=1 -3 3 8 -6 6 -8 10 9 -11 -12 -13 13 -15
leaf_value=-0.0049316522603817083 -0.024497094310884426 -0.36035779303754362 0.063116424343002672 -0.0035328243458736309 0.32961358705386395 0.17606513479149064 -0.072721080313154871 0.063040154924604727 -0.034444224891446079 -0.2800641559934593 0.13138010764104485 -0.015422929520058038 -0.030517471944224564 -0.35099721586450355
leaf_weight=302 61 44 122 43 27 25 20 21 21 21 276 39 421 26
leaf_count=302 61 44 122 43 27 25 20 21 21 21 276 39 421 26
internal_value=-0.000238095 0.00759754 -0.00411585 0.00255319 0.011 0.00948081 -0.00543478 0.0111809 -0.0122093 -0.0232558 0.0136499 0.00163934 -0.0062 -0.00926339
internal_weight=1469 486 983 234 149 442 45 397 85 42 336 60 749 447
internal_count=1469 486 983 234 149 442 45 397 85 42 336 60 749 447
is_linear=0
shrinkage=0.05


Tree=9
num_leaves=15
num_cat=0
split_feature=4 2 2 7 1 1 3 0 2 0 4 7 3 7
split_gain=15.8339 6.32088 8.76136 5.56681 5.35043 6.20533 4.98638 4.768 4.48781 4.72185 5.53355 6.00563 5.55208 5.37348
threshold=825.95000000000016 9318.6000000000004 8485.1200000000008 -17.959329216237979 7432.438000000001 3284.1650000000004 153.35294307824236 98.438722300408855 11748.565000000001 32.924709631785383 507.21000000000004 -11.365706592341366 236.03206420406775 -0.67035190254998855
decision_type=8 2 2 8 2 2 2 2 2 2 10 10 2 10
left_child=3 2 4 6 5 7 -1 -2 9 -5 11 -11 -12 -13
right_child=1 -3 -4 8 -6 -7 -8 -9 -10 10 12 13 -14 -15
leaf_value=-0.037011656431013243 0.020962222784195319 -0.018545079309383285 0.41137525881922843 -0.011804063769047801 -0.056330860155926504 0.1633436782164675 0.24677051196998248 -0.055412692154729375 -0.14606500193888336 -0.34019512524140788 -0.021256730623093315 0.07104381061399781 -0.33344735507127837 0.00085620226125842638
leaf_weight=49 95 90 23 22 23 161 44 81 75 20 467 73 22 224
leaf_count=49 95 90 23 22 23 161 44 81 75 20 467 73 22 224
internal_value=-3.40136e-05 0.00748945 0.0102865 -0.00361083 0.00831025 0.00991124 0.00797872 0.00338983 -0.00481195 -0.00373945 -0.00309789 0.00204403 -0.00642857 0.00385906
internal_weight=1469 473 383 996 360 337 93 176 903 828 806 317 489 297
internal_count=1469 473 383 996 360 337 93 176 903 828 806 317 489 297
is_linear=0
shrinkage=0.05


Tree=10
num_leaves=15
num_cat=0
split_feature=8 7 0 2 2 1 3 2 1 4 2 7 7 7
split_gain=14.3004 8.99652 5.80102 4.97778 4.95573 7.35509 4.89011 5.37022 6.51757 7.30032 6.33983 6.20949 4.64583 6.78355
threshold=1.5000000000000002 37.615644771913338 38.605000000000011 7814.9600000000009 1434.4600000000003 2260.2710000000002 262.44997659907676 3029.5300000000002 7432.438000000001 656.62500000000011 2295.1810000000005 3.1889350930791562 2.7786511870306119 -0.48681300393325694
decision_type=2 10 2 2 2 2 2 2 2 10 2 8 10 8
left_child=2 6 -1 -3 12 -6 7 10 9 11 -2 -9 13 -4
right_child=1 3 4 -5 5 -7 -8 8 -10 -11 -12 -13 -14 -15
leaf_value=-0.0099541554583150518 0.026289743507479025 0.049176405525676092 0.059654001217779175 -0.69446635968238413 -0.08074559969212719 -0.015974993296022477 -1.2668685890896172 0.43030575155654099 -0.0014339746342341975 -0.010712759246046366 -0.049159865644971407 0.37739629041851508 0.044448895823995666 -0.034226938268774848
leaf_weight=21 135 24 23 20 71 701 25 29 80 49 32 178 25 56
leaf_count=21 135 24 23 20 71 701 25 29 80 49 32 178 25 56
internal_value=-0.000238095 0.00593368 -0.00417595 -0.0155556 -0.00353478 -0.00491591 0.00775047 0.00882937 0.0124629 0.0163424 0.0014881 0.0204327 0.00666667 0.000625
internal_weight=1469 572 897 44 876 772 528 503 336 256 167 207 104 79
internal_count=1469 572 897 44 876 772 528 503 336 256 167 207 104 79
is_linear=0
shrinkage=0.05


Tree=11
num_leaves=15
num_cat=0
split_feature=8 4 4 4 4 0 3 1 1 2 0 4 1 4
split_gain=13.6773 7.06876 9.46751 5.91787 7.53312 8.0599 7.29903 5.25556 5.52959 5.51896 5.19296 4.29284 5.06887 4.02775
threshold=1.5000000000000002 616.45000000000016 579.80000000000007 674.29000000000019 497.20500000000004 54.976990892666656 233.21832234627394 1359.1350000000004 10333.225 9549.8750000000018 164.71112817582221 381.64500000000004 5031.5000000000009 559.56000000000006
decision_type=2 10 10 10 10 2 2 2 2 2 2 10 2 10
left_child=3 2 7 4 5 -1 13 -2 9 11 -3 12 -9 -6
right_child=1 10 -4 -5 6 -7 -8 8 -10 -11 -12 -13 -14 -15
leaf_value=-0.020042814185824882 -0.2917452618695594 0.0035950419292547888 0.31173692395604163 0.001661513354631028 -0.17008536789693943 0.0074728285310101646 -0.34530945702589499 0.22246209159973251 -0.022026321174291021 -0.024432574267466541 -0.35036651598625346 -0.0054738592905275501 0.49577317268297283 -0.037441236773163543
leaf_weight=30 36 98 23 331 55 272 23 182 27 58 37 43 68 186
leaf_count=30 36 98 23 331 55 272 23 182 27 58 37 43 68 186
internal_value=-0.000102041 0.00593368 0.00901826 -0.00395323 -0.00705467 -0.00165017 -0.0132075 0.00722892 0.00897098 0.0106534 -0.00404412 0.0134354 0.0159363 -0.0105372
internal_weight=1469 572 437 897 566 302 264 414 378 351 135 293 250 241
internal_count=1469 572 437 897 566 302 264 414 378 351 135 293 250 241
is_linear=0
shrinkage=0.05


Tree=12
num_leaves=15
num_cat=0
split_feature=8 7 6 7 2 0 2 6 4 6 0 0 5 4
split_gain=11.1277 8.633 8.12141 7.40576 6.75088 6.11262 5.58564 6.43946 5.5617 4.83598 8.00329 6.37798 4.53494 5.73111
threshold=1.5000000000000002 -1.2716811360275402 101.89189202224883 -22.214310501880906 9549.8750000000018 38.605000000000011 5745.4540000000006 166.56824322436901 609.6350000000001 125.23444001911626 140.93782093604449 100.45989810793745 1.5000000000000002 727.07000000000016
decision_type=2 10 2 10 2 2 2 2 10 2 2 2 2 10
left_child=5 2 -2 4 -4 -1 7 -3 -8 10 11 12 -7 -14
right_child=1 6 3 -5 -6 9 8 -9 -10 -11 -12 -13 13 -15
leaf_value=-0.0095395233531308417 -0.010964476521209987 -0.0039689799749935278 0.35173857143472104 0.39339370953151304 -0.044534832557467409 0.012682632572231213 -0.003204022755032546 0.14617455364603235 -0.18344184117260617 -0.034209021416982427 -0.17280577144202122 0.064359199583022192 0.0042028794393724981 -0.05474793634334775
leaf_weight=21 94 76 206 39 50 120 42 23 42 619 24 65 26 22
leaf_count=21 94 76 206 39 50 120 42 23 42 619 24 65 26 22
internal_value=-3.40136e-05 0.00541012 0.00961538 0.0136824 0.0105058 -0.0035078 -0.00353261 0.0045 -0.0129412 -0.00285063 0.00290698 0.00576923 0.000591716 -0.0122449
internal_weight=1469 572 389 295 256 897 183 99 84 876 257 233 168 48
internal_count=1469 572 389 295 256 897 183 99 84 876 257 233 168 48
is_linear=0
shrinkage=0.05


Tree=13
num_leaves=15
num_cat=0
split_feature=4 3 2 6 6 7 2 2 3 4 6 4 6 2
split_gain=11.5465 7.35403 7.80903 4.25714 3.57695 3.17913 3.72546 5.11095 4.10116 3.13431 3.85414 3.40141 6.2354 7.98902
threshold=996.70000000000016 197.10020890112636 3753.9800000000005 287.35750078183622 138.98692485220462 -47.10775147469618 11748.565000000001 14778.825000000001 214.33853907676391 903.90166666666653 93.307000000000016 507.21000000000004 171.96309772705803 3029.5300000000002
decision_type=8 2 2 2 2 8 2 2 2 10 2 10 2 2
left_child=3 2 -2 5 -4 -1 9 8 -8 11 -11 12 -7 -14
right_child=1 -3 4 -5 -6 6 7 -9 -10 10 -12 -13 13 -15
leaf_value=0.12443572831782249 0.013378155295183342 -0.37199160502522732 0.149546024273183 0.058330061698775151 0.74048590526306168 -0.015214770854094612 -0.20661445349330557 0.016926306741965248 -0.0092118237033037408 0.016810402400707004 -0.0050337139943624825 -0.016814287692979525 -0.12623578995606174 0.11116713640660092
leaf_weight=23 116 48 96 34 69 183 56 29 20 26 36 585 37 111
leaf_count=23 116 48 96 34 69 183 56 29 20 26 36 585 37 111
internal_value=-0.000510204 0.00772727 0.0108156 -0.0028922 0.0177711 -0.0034327 -0.00382841 -0.0127358 -0.0194805 -0.00286006 0.00793651 -0.00359869 0.000451807 0.00805369
internal_weight=1469 329 281 1140 165 1106 1083 105 76 978 62 916 331 148
internal_count=1469 329 281 1140 165 1106 1083 105 76 978 62 916 331 148
is_linear=0
shrinkage=0.05


Tree=14
num_leaves=15
num_cat=0
split_feature=4 3 2 6 0 4 0 3 0 4 2 2 2 4
split_gain=10.6133 4.37415 6.7358 4.04364 3.09821 9.89905 4.29971 5.87705 6.41531 3.72284 3.64691 7.12044 6.09854 7.21315
threshold=996.70000000000016 197.10020890112636 3753.9800000000005 287.35750078183622 64.5634546516212 307 76.548333224714966 75.943759111434233 122.08416780095443 448.45500000000004 2957.7400000000002 3776.8700000000003 1434.4600000000003 715.76666666666677
decision_type=8 2 2 2 2 10 2 2 2 10 2 2 2 10
left_child=3 2 -2 4 5 -1 -6 8 9 -8 12 -12 13 -9
right_child=1 -3 -4 -5 6 -7 7 10 -10 -11 11 -13 -14 -15
leaf_value=-0.017802958766172366 0.012709247530424177 -0.35339202477396597 0.30230356351573873 0.055413558613836393 -0.036738373831849802 0.024849855034942483 0.10282376464631438 0.017751537536876971 -0.046990641864017024 0.0031077186211694256 0.063093589823453755 -0.021671889936503531 -0.060692313353470168 -0.038261357108996419
leaf_weight=44 116 48 165 34 53 67 28 41 22 32 78 627 92 22
leaf_count=44 116 48 165 34 53 67 28 41 22 32 78 627 92 22
internal_value=-0.000170068 0.00772727 0.0101064 -0.00245399 -0.00298103 0.00491071 -0.00386546 -0.00307529 0.00963855 0.0180328 -0.00429733 -0.00276204 -0.0112179 0.00078125
internal_weight=1469 329 281 1140 1106 111 995 942 82 60 860 705 155 63
internal_count=1469 329 281 1140 1106 111 995 942 82 60 860 705 155 63
is_linear=0
shrinkage=0.05


Tree=15
num_leaves=15
num_cat=0
split_feature=4 6 1 0 4 7 2 2 7 1 0 4 7 1
split_gain=9.96611 5.95742 8.59342 6.05356 6.00902 11.9573 7.57682 8.64234 5.2766 4.95008 3.69084 4.48502 10.4654 6.19137
threshold=813.70000000000016 171.96309772705803 1022.6465000000001 229.16277826520826 595.56500000000017 -8.801203531763802 3029.5300000000002 8040.5915000000014 13.680533479165272 3038.6300000000006 38.605000000000011 445.35500000000008 -4.3185774248485904 14140.460000000003
decision_type=8 2 2 2 10 8 2 2 8 2 2 10 8 2
left_child=1 2 -1 10 6 -6 9 -8 -7 -3 -4 12 -12 -14
right_child=-2 4 3 -5 5 8 7 -9 -10 -11 11 -13 13 -15
leaf_value=0.011337467031880023 0.028614664468645558 -0.4470014853842133 -0.014898339982402859 -0.29797624464472766 0.22348936566031086 -0.17945967231501142 0.12684430001949118 -0.038981230618891985 -0.14117590321772108 0.015367436058440291 0.11257721113666608 -0.025235348233290059 0.01908070048582592 -0.030242657850315727
leaf_weight=23 486 24 22 27 30 61 140 91 32 22 21 392 73 25
leaf_count=23 486 24 22 27 30 61 140 91 32 22 21 392 73 25
internal_value=-0.000306122 -0.00320122 -0.00642123 -0.00766488 0.00149626 -0.00766129 0.00557554 0.00926724 -0.0164894 -0.012766 -0.00646067 -0.00556641 0.00291667 -0.0040404
internal_weight=1469 983 583 560 400 123 277 231 93 46 533 511 119 98
internal_count=1469 983 583 560 400 123 277 231 93 46 533 511 119 98
is_linear=0
shrinkage=0.05


Tree=16
num_leaves=15
num_cat=0
split_feature=8 7 6 1 1 2 2 1 7 6 7 6 6 0
split_gain=10.0084 7.48137 4.14944 4.46814 4.20472 5.68568 5.20499 5.9122 5.15657 6.28205 4.904 5.84182 5.7933 3.80929
threshold=1.5000000000000002 38.689719545555143 98.505629590393951 3104.8650000000002 2068.4750000000004 9549.8750000000018 7578.3950000000013 2368.6600000000003 -5.6623056342042455 165.35454411899499 -37.498371800764431 159.56052912081546 140.85862310278455 138.2865408756588
decision_type=2 10 2 2 2 2 2 2 10 2 10 2 2 2
left_child=-1 2 3 -2 13 6 7 -6 10 -10 11 12 -9 -4
right_child=1 -3 4 -5 5 -7 -8 8 9 -11 -12 -13 -14 -15
leaf_value=-0.012034955830517214 0.025082094374396492 -0.3562523023659413 0.029709102253473476 -0.021366079006469897 0.7088886800674955 -0.016321284139715467 0.51322744414115251 0.16908427467390214 -0.033279525931125285 0.098510024114121686 0.25602850237158553 -0.025692624361724283 0.65045146432462164 -0.62106224914055874
leaf_weight=897 65 43 22 49 22 78 55 51 49 25 22 48 22 21
leaf_count=897 65 43 22 49 22 78 55 51 49 25 22 48 22 21
internal_value=-0.000102041 0.00506108 0.00669811 -0.00173913 0.00901442 0.0107239 0.0138983 0.010625 0.00802752 -0.00266667 0.0135417 0.00942623 0.0182432 -0.00568182
internal_weight=1469 572 529 114 415 372 294 239 217 74 143 121 73 43
internal_count=1469 572 529 114 415 372 294 239 217 74 143 121 73 43
is_linear=0
shrinkage=0.05


Tree=17
num_leaves=15
num_cat=0
split_feature=4 3 6 3 5 2 6 6 3 6 2 2 6 2
split_gain=7.31265 5.93129 4.72743 5.51779 8.87942 4.83269 3.86927 6.51532 3.26357 4.10802 8.04551 8.31828 7.63992 6.2028
threshold=1120.7500000000002 252.1116748717474 98.505629590393951 108.63216385435963 2.5000000000000004 4901.5600000000004 287.35750078183622 264.38156449252426 262.44997659907676 196.51672392057458 2957.7400000000002 6070.7600000000011 202.94220529335354 3919.5550000000003
decision_type=8 2 2 2 2 2 2 2 2 2 2 2 2 2
left_child=6 2 -2 4 -4 -5 7 8 9 13 -11 -12 -13 -1
right_child=1 -3 3 5 -6 -7 -8 -9 -10 10 11 12 -14 -15
leaf_value=0.0027080122532901554 -0.021400781934640203 -1.3699880975593128 0.16063006094020704 -0.049058605155894823 1.2344475852628638 0.33594890530309751 0.038063717139726699 -0.1621621165364372 -0.16988494090773498 -0.1282316600385833 0.17168914449351214 0.36087031617751819 -0.026557179628460242 -0.023641809501576929
leaf_weight=390 68 20 47 33 28 104 34 21 29 29 37 21 90 518
leaf_count=390 68 20 47 33 28 104 34 21 29 29 37 21 90 518
internal_value=-0.000306122 0.00664452 0.00854093 0.0122066 0.0230263 0.00615942 -0.00209402 -0.00259683 -0.00206278 -0.00161142 0.00533708 0.0100671 0.003125 -0.0029703
internal_weight=1469 300 280 212 75 137 1169 1135 1114 1085 177 148 111 908
internal_count=1469 300 280 212 75 137 1169 1135 1114 1085 177 148 111 908
is_linear=0
shrinkage=0.05


Tree=18
num_leaves=15
num_cat=0
split_feature=8 4 4 4 6 3 2 7 4 4 7 7 7 4
split_gain=7.25876 5.02214 10.7968 6.49648 6.23165 6.31304 6.23228 5.14684 4.33666 7.54443 10.6105 7.22737 8.60225 5.27355
threshold=1.5000000000000002 616.45000000000016 579.80000000000007 896.08000000000004 98.505629590393951 114.91069762576599 3661.6850000000004 -8.4745967916817033 683.65382352941185 579.80000000000007 -9.0727731832168441 -11.847711156869272 -0.15746361951867269 559.56000000000006
decision_type=2 10 10 10 2 2 2 10 10 10 10 8 8 10
left_child=8 2 4 7 -2 -6 -7 -3 9 10 -1 -11 -13 -12
right_child=1 3 -4 -5 5 6 -8 -9 -10 11 13 12 -14 -15
leaf_value=-0.19733077476806529 -0.016628064381849224 0.040140595639554022 0.31088707836986668 0.018805339666392404 0.2411419371129131 -0.17513703654293841 0.134776648040911 -0.048271005143450112 0.0033038215255401489 0.030130372444066689 0.00029838851709952375 -0.15582470133442725 -0.052213726418090058 0.040424294896732306
leaf_weight=71 80 25 23 30 122 29 183 80 312 22 295 48 122 27
leaf_count=71 80 25 23 30 122 29 183 80 312 22 295 48 122 27
internal_value=-3.40136e-05 0.004363 0.00696347 -0.00404412 0.00506024 0.0080597 0.0028169 -0.00990566 -0.00283964 -0.00537543 -0.00139594 -0.0134715 -0.0169591 0.00247678
internal_weight=1469 572 437 135 414 334 212 105 897 585 393 192 170 322
internal_count=1469 572 437 135 414 334 212 105 897 585 393 192 170 322
is_linear=0
shrinkage=0.05


Tree=19
num_leaves=15
num_cat=0
split_feature=8 7 6 7 2 6 6 6 0 6 7 2 2 6
split_gain=5.03033 4.53452 6.03893 9.60253 4.85827 6.43946 4.42626 8.82426 3.7966 3.08116 3.4108 3.06591 3.12094 2.85336
threshold=1.5000000000000002 -1.2716811360275402 105.99820833333335 -22.214310501880906 5745.4540000000006 166.56824322436901 159.56052912081546 143.22122829846126 123.4842650470713 104.5502417082506 13.680533479165272 12466.205000000002 14395.910000000002 178.76687873106462
decision_type=2 10 2 10 2 2 2 2 2 2 10 2 2 2
left_child=11 2 -2 6 5 9 7 8 -4 -3 -11 -1 -13 -8
right_child=1 4 3 -5 -6 -7 13 -9 -10 10 -12 12 -14 -15
leaf_value=-0.0049777108800281196 -0.0086096632804613001 0.0066079278514634054 0.3073283363586814 0.37258295190735424 -0.07921184222435268 0.097180163640666978 -0.23808271158203828 0.8073696124095644 -0.037603505438093265 -0.057941543331105586 0.1784860867057867 -0.08400397290704377 0.01317939491525417 0.15716439676249028
leaf_weight=825 102 30 42 38 84 23 28 31 50 21 25 47 25 98
leaf_count=825 102 30 42 38 84 23 28 31 50 21 25 47 25 98
internal_value=-0.000170068 0.0034904 0.00653846 0.0102431 -0.00298913 0.0045 0.0066 0.0133065 0.00537634 -0.0025974 -0.0106383 -0.00250557 -0.0123288 0
internal_weight=1469 572 389 287 183 99 249 123 92 76 46 897 72 126
internal_count=1469 572 389 287 183 99 249 123 92 76 46 897 72 126
is_linear=0
shrinkage=0.05


Tree=20
num_leaves=15
num_cat=0
split_feature=4 6 4 7 2 1 1 2 7 2 2 7 4 4
split_gain=5.15836 3.65983 7.79347 11.7837 6.93903 5.49645 5.29323 7.40409 5.26927 5.11526 5.06165 4.06275 3.59532 3.34495
threshold=813.70000000000016 171.96309772705803 619.60333333333347 -6.6597871082780093 8152.1280000000015 1022.6465000000001 2831.0150000000003 4984.5550000000012 6.0221832179691939 7098.8050000000012 6024.1975000000011 -3.3646118871070878 665.17500000000007 492.19000000000011
decision_type=8 2 10 8 2 2 2 2 10 2 2 10 10 10
left_child=1 5 4 -4 6 -1 7 13 11 10 -8 -6 -5 -3
right_child=-2 2 3 12 8 -7 9 -9 -10 -11 -12 -13 -14 -15
leaf_value=0.01132063532687177 0.01949244549873673 -0.45030954680731183 0.20224892883005771 -0.28733818634954444 -0.10018170191890963 -0.01796477292305914 0.055663768590840372 0.10028327726415327 -0.14049909063118013 0.30445876850557529 -0.10855325079341119 0.022230494092170084 -0.0997919815909072 -0.025577015142016025
leaf_weight=23 486 20 31 30 32 560 81 36 35 25 26 30 34 20
leaf_count=23 486 20 31 30 32 560 81 36 35 25 26 30 34 20
internal_value=-0.000102041 -0.00218496 0.00149626 -0.0109375 0.00539216 -0.0047089 0.0105263 0 -0.00561224 0.0165414 0.0115741 0.0031746 -0.0230769 -0.0146341
internal_weight=1469 983 400 95 305 583 208 76 97 132 107 62 64 40
internal_count=1469 983 400 95 305 583 208 76 97 132 107 62 64 40
is_linear=0
shrinkage=0.05


Tree=21
num_leaves=15
num_cat=0
split_feature=4 0 3 3 3 1 1 0 4 7 0 3 7 7
split_gain=4.33208 4.24591 4.90906 6.35258 7.69735 6.20988 4.02854 3.93028 7.6114 5.09968 4.14894 4.50823 3.85179 3.77433
threshold=1120.7500000000002 222.72964531768312 89.541738414568997 108.63216385435963 130.24180910809699 3558.4650000000006 3580.2800000000002 64.5634546516212 307 0.17992582467158871 76.548333224714966 75.943759111434233 -41.860271339975981 -22.214310501880906
decision_type=8 2 2 2 2 2 2 2 10 8 2 2 8 8
left_child=7 2 -2 -4 -5 -6 -3 8 9 -1 -9 -12 -13 -14
right_child=1 6 3 4 5 -7 -8 10 -10 -11 11 12 13 -15
leaf_value=0.0033495246193653823 -0.014389532634892505 0.57129937620046878 0.73713768755662246 -0.042645822287658633 -0.025760602040871473 0.4377100589623657 -1.3378141750955868 -0.033638408504702212 0.021550010658713939 -0.032415344687835648 0.014599077114699127 0.07172074797741719 -0.115916131034735 -0.010601658763061543
leaf_weight=20 98 21 38 46 27 47 23 58 71 24 84 29 41 842
leaf_count=20 98 21 38 46 27 47 23 58 71 24 84 29 41 842
internal_value=-3.40136e-05 0.00531561 0.0077821 0.0132075 0.00743802 0.0173333 -0.00888889 -0.00141026 0.00732759 -0.00888889 -0.00236967 -0.00160481 -0.0026287 -0.00322398
internal_weight=1469 300 256 158 120 74 44 1169 115 44 1054 996 912 883
internal_count=1469 300 256 158 120 74 44 1169 115 44 1054 996 912 883
is_linear=0
shrinkage=0.05


Tree=22
num_leaves=15
num_cat=0
split_feature=4 2 2 1 2 2 6 1 4 4 1 2 2 8
split_gain=4.33924 3.12296 10.3116 3.99317 3.50972 3.25267 2.83946 5.83539 5.1326 6.75968 4.04821 5.99645 4.5792 4.53724
threshold=912.98166666666668 9158.1150000000034 7727.6250000000009 9063.0450000000019 7098.8050000000012 6258.8750000000009 170.44456831331431 1022.6465000000001 619.60333333333347 637.9433333333335 2119.8845000000006 8152.1280000000015 3029.5300000000002 1.5000000000000002
decision_type=8 2 2 2 2 2 2 2 10 10 2 2 2 2
left_child=6 2 4 -3 5 -2 7 -1 10 -10 -8 12 -12 -14
right_child=1 3 -4 -5 -6 -7 8 -9 9 -11 11 -13 13 -15
leaf_value=0.01587859831222975 0.013165965934733648 -0.13240735610194052 0.40168015717681238 0.13739835441921439 -0.50417127644275739 0.38526691222785336 -0.17852681705108592 -0.012707742964977543 -0.40227425887732421 -0.0047871346251064824 -0.039708576965834408 -0.020874464171289655 0.049997264853466131 0.54390344553727776
leaf_weight=24 225 49 38 28 21 28 36 635 20 87 33 100 107 38
leaf_count=24 225 49 38 28 21 28 36 635 20 87 33 100 107 38
internal_value=-3.40136e-05 0.00448718 0.00670927 -0.00448718 0.00327273 0.00492126 -0.00166512 -0.00371212 0.00154028 -0.00787037 0.0047619 0.00681004 0.0122905 0.0160959
internal_weight=1469 389 312 77 274 253 1080 659 421 107 314 278 178 145
internal_count=1469 389 312 77 274 253 1080 659 421 107 314 278 178 145
is_linear=0
shrinkage=0.05


Tree=23
num_leaves=15
num_cat=0
split_feature=4 0 4 7 0 7 7 6 7 0 0 4 6 6
split_gain=6.05081 4.4295 8.03304 5.09968 3.76622 3.69219 6.84597 4.4773 5.59664 5.21235 4.83536 4.60872 4.00947 6.02424
threshold=967.77500000000009 64.5634546516212 307 0.17992582467158871 76.548333224714966 3.577992478507213 4.5990944090746106 171.96309772705803 -3.3646118871070878 169.32734950567814 142.72869666639579 608.38563725490201 244.27870960172456 217.18696331675559
decision_type=8 2 10 8 2 8 8 2 10 2 2 10 2 2
left_child=1 2 3 -1 -3 7 -7 8 -6 10 11 -10 13 -9
right_child=-2 4 -4 -5 5 6 -8 12 9 -11 -12 -13 -14 -15
leaf_value=0.0038174355366459942 0.083380307067790926 -0.034133824130976771 0.019678580210166753 -0.030159190305194983 -0.039624056891120522 -0.05202678825929391 -0.0082839833093086984 0.017769337141761831 0.042250994727324367 -0.050668691703409124 0.10431655598852151 -0.010740489692498002 -0.029909892968511244 0.23002544926202978
leaf_weight=20 337 53 67 24 131 38 384 117 37 26 25 129 44 37
leaf_count=20 337 53 67 24 131 38 384 117 37 26 25 129 44 37
internal_value=-0.000102041 -0.00185349 0.00758929 -0.00888889 -0.0028865 -0.00216718 -0.00567376 0.000548446 -0.00286533 0.00206422 0.00494792 0.00179641 0.00653266 0.0103226
internal_weight=1469 1132 111 44 1021 968 422 546 348 217 191 166 198 154
internal_count=1469 1132 111 44 1021 968 422 546 348 217 191 166 198 154
is_linear=0
shrinkage=0.05


Tree=24
num_leaves=15
num_cat=0
split_feature=4 1 0 2 2 7 1 1 2 2 0 4 7 7
split_gain=5.40956 4.48118 3.9027 7.41596 2.85563 2.84061 3.59496 9.45015 5.18814 11.3958 6.93723 7.23768 5.05746 6.24741
threshold=967.77500000000009 5099.0060000000012 88.311357823461364 9318.6000000000004 7323.0700000000006 -41.860271339975981 3891.1085000000003 4217.4700000000012 2957.7400000000002 1679.7750000000003 165.39745526838968 511.54000000000002 -0.48681300393325694 2.7786511870306119
decision_type=8 2 2 2 2 8 2 2 2 2 2 10 8 10
left_child=5 -2 -3 4 -4 -1 8 -8 9 12 -10 -12 -7 -14
right_child=1 2 3 -5 -6 6 7 -9 10 -11 11 -13 13 -15
leaf_value=0.062987231907197155 0.0083386522846074177 -0.11684388523106298 0.24980673722361049 0.0011266632080772277 0.48689417615764841 0.051189277281997174 -0.16911661972007055 -0.0080075793565630247 0.097017151791889605 -0.037871005495190416 0.039226835772043646 -0.087266874993793292 -0.018803714681500047 0.032028970799035876
leaf_weight=30 211 21 30 45 30 37 53 552 93 92 86 74 71 44
leaf_count=30 211 21 30 45 30 37 53 552 93 92 86 74 71 44
internal_value=-0.00037415 0.00517751 0.0125984 0.0165094 0.0278689 -0.00203001 -0.00244787 -0.005033 0.000702811 -0.0044898 0.00570866 -0.000621118 0.00392157 -0.0012931
internal_weight=1469 337 126 105 60 1132 1102 605 497 244 253 160 152 115
internal_count=1469 337 126 105 60 1132 1102 605 497 244 253 160 152 115
is_linear=0
shrinkage=0.05


Tree=25
num_leaves=15
num_cat=0
split_feature=7 6 3 2 2 7 7 4 4 3 3 0 3 0
split_gain=4.6052 4.00013 4.94716 8.463 9.41551 7.69664 6.48584 4.53603 6.99813 4.22214 8.44152 9.03101 7.58066 6.86011
threshold=3.577992478507213 44.276617438275387 47.11698921775568 2957.7400000000002 1397.7450000000001 -2.9643020947149092 2.3281226062574309 875.32000000000016 727.07000000000016 79.872734540474923 108.63216385435963 144.70256566248392 144.37040879121128 112.09915498260722
decision_type=10 2 2 2 2 10 8 8 10 2 2 2 2 2
left_child=1 -1 5 4 7 -3 -6 8 -4 -5 13 -12 -13 -11
right_child=-2 2 3 9 6 -7 -8 -9 -10 10 11 12 -14 -15
leaf_value=-0.014210531334178544 -0.013448200385951931 0.15988297092837078 0.011432541322724516 -0.0096907740043444823 -0.040727385361055045 0.00074700214481580049 -0.0088153593622353945 0.034551536027057073 -0.057987844476366804 0.017739367543210129 -0.065965413630849665 0.15879587432892464 0.008374521216003494 0.15175659797173457
leaf_weight=23 452 34 33 69 75 51 58 51 30 103 97 68 280 45
leaf_count=23 452 34 33 69 75 51 58 51 30 103 97 68 280 45
internal_value=-0.000442177 0.00142436 0.00190955 0.000824176 -0.00705645 0.0133721 -0.0160448 0.00347826 -0.00546875 0.00377074 0.00513468 0.00168161 0.00544413 0.0154362
internal_weight=1469 1017 994 909 247 85 133 114 63 662 593 445 348 148
internal_count=1469 1017 994 909 247 85 133 114 63 662 593 445 348 148
is_linear=0
shrinkage=0.05


Tree=26
num_leaves=15
num_cat=0
split_feature=7 0 3 3 3 0 0 7 6 1 7 0 0 7
split_gain=4.13669 4.84011 4.90634 4.36795 10.2444 5.71429 3.37692 5.65932 3.75088 3.72767 3.66822 2.60212 4.31985 2.54202
threshold=-41.860271339975981 304.09848375768519 85.184256311791515 108.63216385435963 130.24180910809699 103.64032294789079 64.5634546516212 -1.7716516201487946 56.688300350629994 13498.470000000003 -22.214310501880906 85.42153303294215 68.621515520881516 61.13915789669975
decision_type=10 2 2 2 2 2 2 10 2 2 10 2 2 10
left_child=1 2 11 5 -5 -4 7 -2 -9 10 -8 12 -1 -12
right_child=6 -3 3 4 -6 -7 9 8 -10 -11 13 -13 -14 -15
leaf_value=-0.07368981904303494 0.044507634691089537 -1.4448673513996173 0.050921643899466455 -0.069671153709402731 0.20249960739391004 1.0519045495954029 -0.056847922226684888 -0.01350000476746962 0.013300051422073605 -0.038574287918762447 -0.0030607897412599731 -0.33541205069400326 0.31425684923871988 -0.74690269653229457
leaf_weight=37 34 20 35 48 131 27 45 27 53 20 929 23 20 20
leaf_count=37 34 20 35 48 131 27 45 27 53 20 929 23 20 20
internal_value=-0.000578231 0.00423977 0.00574534 0.00929752 0.00527778 0.0206349 -0.0020372 0.00608696 -0.00123457 -0.00295567 -0.00251256 -0.00493827 0.000862069 -0.00184211
internal_weight=1469 341 321 241 179 62 1128 114 80 1014 994 80 57 949
internal_count=1469 341 321 241 179 62 1128 114 80 1014 994 80 57 949
is_linear=0
shrinkage=0.05


Tree=27
num_leaves=15
num_cat=0
split_feature=4 6 6 6 4 7 1 7 6 4 4 3 4 6
split_gain=4.6607 4.08131 6.29533 4.17134 6.82591 10.8976 5.65681 4.63609 3.73446 5.9403 4.98308 4.73242 6.28627 3.60841
threshold=813.70000000000016 287.35750078183622 264.38156449252426 171.96309772705803 619.60333333333347 -6.6597871082780093 1022.6465000000001 7.9408530868449541 181.67025304080747 427.14500000000004 502.55000000000001 225.2859932048697 561.61000000000001 212.90410128780627
decision_type=8 2 2 2 10 10 2 10 2 10 10 2 10 2
left_child=1 2 3 6 8 -6 -1 -7 -5 13 -11 12 -12 -10
right_child=-2 -3 -4 4 5 7 -8 -9 9 10 11 -13 -14 -15
leaf_value=0.0087274322215006583 0.0169893691513778 0.040100106072976316 -0.13621527101762285 0.16679368687965812 0.18463107993932004 -0.17547738452689662 -0.0139887650489703 -0.25856471918699725 -0.15676949165365961 0.15367028890143075 -0.19796052552460475 -0.22036943538558951 0.22069913146072662 0.026749879275070072
leaf_weight=23 486 34 21 43 29 30 560 31 36 48 23 24 37 44
leaf_count=23 486 34 21 43 29 30 560 31 36 48 23 24 37 44
internal_value=-0.000510204 -0.00248984 -0.00310526 -0.00247578 0.00187861 -0.00989011 -0.00505137 -0.0217742 0.00605469 0.00328638 0.00977444 0.00235294 0.00983607 -0.00740741
internal_weight=1469 983 949 928 345 90 583 61 255 212 132 84 60 80
internal_count=1469 983 949 928 345 90 583 61 255 212 132 84 60 80
is_linear=0
shrinkage=0.05


Tree=28
num_leaves=15
num_cat=0
split_feature=6 6 7 6 0 6 6 6 2 6 2 1 6 7
split_gain=3.83429 6.53994 3.99636 3.71091 5.76414 3.32995 8.66162 5.1408 3.49318 6.40456 2.99966 6.59638 6.73273 5.78224
threshold=287.35750078183622 269.71879561932559 1.6401945863701004 44.276617438275387 48.66978492107264 215.28504985170073 196.51672392057458 224.19208497618021 9779.7400000000034 131.7512634858416 1317.7275000000002 2512.3050000000007 129.98874234732961 1.0516792073037247
decision_type=2 2 10 2 2 2 2 2 2 2 2 2 2 10
left_child=1 2 3 -1 -5 6 8 -7 -4 -10 -6 12 -12 -13
right_child=-2 -3 5 4 10 7 -8 -9 9 -11 11 13 -14 -15
leaf_value=-0.013141329104814393 0.098324622464474085 -0.19250911515942393 -0.0075221136546121089 0.058304506271795446 0.017479024954537681 -0.47777996527842775 0.037421624179143138 -0.0036778655884931013 0.041210068159238694 -0.18154158072317231 -0.068829435503999989 0.00466821951387062 0.004807824083557977 0.039918763520874791
leaf_weight=20 40 20 386 28 79 21 54 39 26 38 43 591 56 28
leaf_count=20 40 20 386 28 79 21 54 39 26 38 43 591 56 28
internal_value=-0.000442177 -0.000874126 -0.000460993 0.00171395 0.00223971 -0.00371681 -0.00237624 -0.0147541 -0.00465632 -0.0153846 0.0014411 0.000417246 -0.0115 0.00233871
internal_weight=1469 1429 1409 845 825 564 504 60 450 64 797 718 99 619
internal_count=1469 1429 1409 845 825 564 504 60 450 64 797 718 99 619
is_linear=0
shrinkage=0.05


Tree=29
num_leaves=15
num_cat=0
split_feature=4 6 3 6 3 4 7 4 4 1 1 6 6 3
split_gain=3.97953 3.82426 5.85283 5.33138 5.57212 5.23483 3.79258 3.17916 3.98686 3.17464 3.16774 2.58043 4.45972 2.49833
threshold=996.70000000000016 187.86660416666672 198.18503097870754 191.44833333333335 118.48966657885585 579.80000000000007 -8.801203531763802 464.92500000000007 331.97029411764714 5099.0060000000012 6509.3305000000009 161.13656410475406 135.07241178639737 183.10113946519905
decision_type=8 2 2 2 2 8 10 10 10 2 2 2 2 2
left_child=1 2 13 -3 -5 7 -7 8 -6 11 -11 12 -2 -1
right_child=9 3 -4 4 5 6 -8 -9 -10 10 -12 -13 -14 -15
leaf_value=-0.0060277923848207245 -0.0060937715373462573 0.13976271453449537 -0.36454855272212933 -0.10868910124133131 0.14942970891054597 0.1422896787474279 -0.12509218432667299 0.040634511085973296 -0.12375538825708332 0.28069491641607192 0.13201150703525477 -0.13104634069550172 0.42345379253259285 0.062998876926249642
leaf_weight=780 114 30 32 55 35 24 69 59 36 51 67 68 29 20
leaf_count=780 114 30 32 55 35 24 69 59 36 51 67 68 29 20
internal_value=-0.000442177 -0.00184049 -0.00360144 0.00291262 0.000716846 0.00424107 -0.00478723 0.010687 0.00347222 0.00439394 0.0109244 0.000707547 0.00451389 -0.00274657
internal_weight=1469 1140 832 308 278 223 93 130 71 329 118 211 143 800
internal_count=1469 1140 832 308 278 223 93 130 71 329 118 211 143 800
is_linear=0
shrinkage=0.05


Tree=30
num_leaves=15
num_cat=0
split_feature=8 0 0 0 6 2 7 7 7 0 0 0 0 4
split_gain=4.46169 4.56312 3.96292 5.01809 4.65486 5.55199 3.72299 6.39989 3.39988 3.72651 4.80351 5.08243 3.85137 4.95343
threshold=1.5000000000000002 38.605000000000011 64.5634546516212 76.548333224714966 96.816336438699054 1397.7450000000001 -1.0000000180025095e-35 1.9874535978172718 38.689719545555143 101.12592126646395 117.15007294198773 144.70256566248392 163.63309919111893 515.49000000000012
decision_type=2 2 2 2 2 2 8 10 10 2 2 2 2 8
left_child=1 -1 6 -4 5 -5 -3 -8 9 -2 -11 -12 -13 -14
right_child=8 2 3 4 -6 -7 7 -9 -10 10 11 12 13 -15
leaf_value=-0.0054674311158111506 -0.0027463228027184263 0.046474043563697234 -0.033820358382969672 0.018096292760279863 -0.0084815752063903682 -0.0085923742064239594 -0.026487402211826962 0.020388358044165524 -0.31192544913308495 0.20313070763577157 -0.017671288961321131 0.2600873964162953 0.26030091829562962 0.018058079582642442
leaf_weight=21 193 22 43 25 717 26 20 23 43 50 89 44 28 125
leaf_count=21 193 22 43 25 717 26 20 23 43 50 89 44 28 125
internal_value=-0.000306122 -0.00250557 -0.00193843 -0.00289409 -0.00195059 0.0125 0.00984848 0.00113636 0.00314136 0.00424528 0.0074184 0.00487805 0.00934343 0.00551948
internal_weight=1469 897 876 811 768 51 65 43 572 529 336 286 197 153
internal_count=1469 897 876 811 768 51 65 43 572 529 336 286 197 153
is_linear=0
shrinkage=0.05


Tree=31
num_leaves=15
num_cat=0
split_feature=4 3 0 2 3 1 3 0 7 0 2 2 2 2
split_gain=3.39233 3.31983 4.65226 4.86173 4.87565 4.81803 4.72744 3.43216 3.02167 3.0181 3.20932 3.71349 2.73019 7.84621
threshold=996.70000000000016 183.10113946519905 219.96904636037351 8350.6950000000015 215.99580296503339 4242.527000000001 248.54141250173765 229.16277826520826 11.951296791185181 280.90581883423221 4817.7150000000011 5745.4540000000006 3919.5550000000003 2957.7400000000002
decision_type=8 2 2 2 2 2 2 2 10 2 2 2 2 2
left_child=1 7 -3 4 -4 -5 -6 12 -7 10 -2 -12 13 -1
right_child=9 2 3 5 6 8 -8 -9 -10 -11 11 -13 -14 -15
leaf_value=-0.0032379642064272796 -0.0043491633836408141 0.061029506261009829 -0.10918503050115358 -0.30353689041711168 0.1701883303988046 -0.073363879723560552 0.0086178547350256093 -0.15983780062891664 0.18667306673490297 -1.2414842906219847 0.51443372369223472 0.16525477713213138 -0.011897126489308347 0.068790778119663873
leaf_weight=299 148 37 21 28 28 49 37 30 23 20 27 134 484 104
leaf_count=299 148 37 21 28 28 49 37 30 23 20 27 134 484 104
internal_value=-0.00037415 -0.00166521 0.00379464 0.000534759 0.0091954 -0.00693069 0.0159091 -0.00299564 0 0.00409091 0.00532258 0.0101852 -0.00242117 0.000618812
internal_weight=1469 1140 223 186 86 100 65 917 72 329 309 161 887 403
internal_count=1469 1140 223 186 86 100 65 917 72 329 309 161 887 403
is_linear=0
shrinkage=0.05


Tree=32
num_leaves=15
num_cat=0
split_feature=6 6 7 2 6 3 7 7 2 4 2 7 7 4
split_gain=3.90371 4.42982 4.24837 3.27557 3.76133 2.90328 2.72195 3.63341 3.07064 4.41547 5.21938 4.09712 3.81086 3.57911
threshold=287.35750078183622 269.71879561932559 -55.496505031013974 3828.3300000000004 161.13656410475406 94.047203885126535 -22.214310501880906 -17.959329216237979 11748.565000000001 893.38000000000022 10023.938500000002 2.6735361837479634 1.6401945863701004 448.45500000000004
decision_type=2 2 10 2 2 2 10 10 2 10 2 10 10 10
left_child=1 2 3 4 5 -1 -4 -8 9 10 13 -12 -11 -9
right_child=-2 -3 6 -5 -6 -7 7 8 -10 12 11 -13 -14 -15
leaf_value=-0.027778628849977394 0.08969469865650026 -0.18730682160086709 -0.053775539289190766 0.15278576127190946 -0.44152013886015928 0.13063388658339845 0.18596653316378831 0.0050993092370438088 -0.054511593303027642 0.042779160027092727 0.13642360114946223 -0.0012516674634284353 0.00023980163763817066 -0.0098339529499425708
leaf_weight=73 40 20 59 195 26 20 20 211 94 41 29 27 63 551
leaf_count=73 40 20 59 195 26 20 20 211 94 41 29 27 63 551
internal_value=-0.000578231 -0.00101399 -0.000673759 0.00444444 -0.00208333 0.00265957 -0.00214416 -0.00154291 -0.00196657 -0.00108342 -0.0023199 0.0122807 0.00857143 -0.0034076
internal_weight=1469 1429 1409 314 119 93 1095 1036 1016 922 818 56 104 762
internal_count=1469 1429 1409 314 119 93 1095 1036 1016 922 818 56 104 762
is_linear=0
shrinkage=0.05


Tree=33
num_leaves=15
num_cat=0
split_feature=8 7 7 3 2 1 7 6 1 7 1 6 2 3
split_gain=5.80542 3.80431 4.70255 6.01237 3.1451 3.26153 3.14686 2.80329 3.48396 2.95375 3.08947 2.97574 2.90091 2.75757
threshold=1.5000000000000002 -1.2716811360275402 -22.214310501880906 86.014032548227576 9779.7400000000034 5563.0800000000008 7.4887558159252317 98.505629590393951 3197.9945000000002 -41.860271339975981 4790.3750000000009 143.22122829846126 7420.3320000000012 111.22796971448166
decision_type=2 10 10 2 2 2 10 2 2 10 2 2 2 2
left_child=-1 2 7 -4 5 6 -3 8 -2 10 12 13 -9 -12
right_child=1 4 3 -5 -6 -7 -8 9 -10 -11 11 -13 -14 -15
leaf_value=-0.0038321971287994198 0.051519830600569506 -0.03402754176901656 0.003523962448032103 0.44328919306126907 -0.10308399560547987 0.025409719309944175 0.0019477076915962344 0.10382085145577505 -0.13222435360825843 -0.022149103504394141 0.31642719745557724 0.60830480373617069 -0.58092913714353256 -0.040826254065038772
leaf_weight=897 43 28 30 29 33 27 95 118 24 21 25 52 20 27
leaf_count=897 43 28 30 29 33 27 95 118 24 21 25 52 20 27
internal_value=-0.000442177 0.0034904 0.00628205 0.0191667 -0.00244565 0.000662252 -0.00282258 0.00392749 -0.00514706 0.00625 0.00781893 0.0142857 0.0028777 0.00566038
internal_weight=1469 572 389 59 183 150 123 330 67 263 242 104 138 52
internal_count=1469 572 389 59 183 150 123 330 67 263 242 104 138 52
is_linear=0
shrinkage=0.05


Tree=34
num_leaves=15
num_cat=0
split_feature=8 2 1 1 1 1 3 7 7 2 6 2 6 1
split_gain=4.89994 3.47144 4.13526 3.91593 4.2287 4.45061 2.84434 2.79958 4.62664 3.09866 2.45131 3.83877 5.00861 2.88939
threshold=1.5000000000000002 9549.8750000000018 9063.0450000000019 9581.9870000000028 5676.7000000000016 6509.3305000000009 188.79303835825175 -1.3285886049352695 7.4887558159252317 3419.5530000000003 110.18562672158531 2103.3345000000004 66.643298962090384 4395.6195000000007
decision_type=2 2 2 2 2 2 2 8 8 2 2 2 2 2
left_child=-1 3 6 4 7 -6 -3 9 -9 -2 11 12 -10 -12
right_child=1 2 -4 -5 5 -7 -8 8 10 -11 13 -13 -14 -15
leaf_value=-0.0036405872723594469 0.0033477643256304979 -0.24599588542391998 0.070684793172744134 -0.013359421229141799 0.18915635398762787 0.02013874424657389 -0.0053358695620944786 -0.03232616468056574 0.2758831927764388 0.19845131882053468 0.011083920579914697 -0.079900720326096061 -0.076576483497997616 0.36880988404146847
leaf_weight=897 34 28 28 21 29 36 41 28 22 29 155 24 38 59
leaf_count=897 34 28 28 21 29 36 41 28 22 29 155 24 38 59
internal_value=-0.000646259 0.00296684 -0.00561224 0.00472689 0.00571429 0.0174242 -0.0121429 0.00371795 0.00183486 0.0132813 0.00367893 -0.00352941 0.00327869 0.00651163
internal_weight=1469 572 97 475 454 65 69 389 326 63 298 84 60 214
internal_count=1469 572 97 475 454 65 69 389 326 63 298 84 60 214
is_linear=0
shrinkage=0.05


Tree=35
num_leaves=15
num_cat=0
split_feature=7 8 6 6 7 0 7 3 3 3 1 1 7 1
split_gain=4.13931 3.78349 6.95339 5.58535 4.78119 6.43229 4.36312 3.84091 3.81496 5.81607 3.27976 3.06818 4.05725 4.33061
threshold=-0.84305986674137745 1.5000000000000002 96.816336438699054 147.53484092538028 -22.214310501880906 95.570734338592658 -4.6811170157939577 140.19031376675812 105.84594515946536 90.414256570923769 6087.0750000000007 2524.2450000000003 -6.6597871082780093 4526.4575000000013
decision_type=10 2 2 2 10 2 10 2 2 2 2 2 8 2
left_child=1 2 -1 8 -3 -6 11 -8 9 -4 -10 -5 13 -13
right_child=-2 4 3 6 5 -7 7 -9 10 -11 -12 12 -14 -15
leaf_value=0.017629284793208039 -0.0042554175353587131 0.067150553514106912 -0.045881315006331747 -0.34675535627325149 0.0030479768102648856 0.48533598566849556 -0.0091655227642398248 0.11894656106654122 -0.031575320569561138 0.032880064984026881 -0.20139121377873997 0.16040625313156273 -0.17269837584559178 -0.0088905286903771894
leaf_weight=21 784 330 21 21 31 32 22 21 35 21 20 33 25 52
leaf_count=21 784 330 21 21 31 32 22 21 35 21 20 33 25 52
internal_value=-0.000578231 0.00225948 -0.00204778 -0.00422794 0.00545685 0.0179688 0.00114286 0.0147727 -0.0137755 -0.00232558 -0.0223214 -0.00340909 0 0.00523256
internal_weight=1469 685 292 271 393 63 174 43 97 42 55 131 110 85
internal_count=1469 685 292 271 393 63 174 43 97 42 55 131 110 85
is_linear=0
shrinkage=0.05


Tree=36
num_leaves=15
num_cat=0
split_feature=4 4 1 4 1 3 2 4 2 1 2 6 2 3
split_gain=4.14898 5.08813 4.05649 4.01934 3.58746 3.53426 4.05785 6.55835 7.35377 5.16464 4.07985 6.66443 3.88779 3.69166
threshold=502.55000000000001 559.56000000000006 10333.225 573.69000000000005 8753.8900000000012 46.728116154335751 4817.7150000000011 253.85425055935312 2867.4650000000006 3910.3400000000006 9158.1150000000034 151.45810050006193 1317.7275000000002 64.264291633627749
decision_type=10 10 2 10 2 2 2 10 2 2 2 2 2 2
left_child=2 -2 4 -3 5 -1 7 12 -9 -10 -8 -12 -7 -14
right_child=1 3 -4 -5 -6 6 10 8 9 -11 11 -13 13 -15
leaf_value=0.054513885959365044 -0.082431684105105138 0.03718987937254907 -0.0088454945116558693 -0.0045811294622846166 0.34437975090498912 0.20112337043463438 0.081135181474194365 -0.30037238690006379 0.036312729000505854 -0.11578239120584927 -0.15381165651926737 0.028224378501350341 -0.061791087174449089 0.052048585659966111
leaf_weight=52 66 25 86 677 20 32 228 25 32 30 20 63 23 90
leaf_count=52 66 25 86 677 20 32 228 25 32 30 20 63 23 90
internal_value=-0.000714286 -0.00325098 0.00206553 -0.00199147 0.00349026 0.00276846 0.0015625 -0.00343348 -0.0142045 -0.0047619 0.00528846 -0.00416667 0.00308219 -0.00131579
internal_weight=1469 768 701 702 615 595 543 232 87 62 311 83 145 113
internal_count=1469 768 701 702 615 595 543 232 87 62 311 83 145 113
is_linear=0
shrinkage=0.05


Tree=37
num_leaves=15
num_cat=0
split_feature=7 0 3 3 0 7 6 0 8 7 3 6 0 3
split_gain=3.67173 6.35526 3.77015 12.5688 10.0173 8.13005 6.23659 6.92362 5.22537 4.50425 4.98393 3.79034 3.66716 7.40227
threshold=0.17992582467158871 50.02456984139647 108.63216385435963 131.83135305113726 101.12592126646395 -1.3285886049352695 214.57580423236851 222.72964531768312 1.5000000000000002 -7.3378224535427483 147.54816345330474 227.48708431902847 53.038725717791621 31.140942381968749
decision_type=10 2 2 2 2 8 2 2 2 8 2 2 2 2
left_child=2 -2 4 8 12 -6 7 9 -4 -5 -11 -8 13 -1
right_child=1 -3 3 6 5 -7 11 -9 -10 10 -12 -13 -14 -15
leaf_value=-0.004032439962280132 -0.010937387915868502 -0.0043520729891703969 -0.11358634471377323 -0.058418972364992196 0.020229873998354988 0.20560242695971431 0.27882197830648253 -0.2666966998823127 -0.027844628856574263 0.20746532173481005 0.095791212594451433 0.03647202337292467 -0.0088958044213628667 0.12139624089319777
leaf_weight=23 21 691 50 57 55 43 24 60 61 35 64 58 206 21
leaf_count=23 21 691 50 57 55 43 24 60 61 35 64 58 206 21
internal_value=-0.000510204 -0.00308555 0.00191293 -0.00134146 0.00573066 0.0191919 0.00401338 -0.000460829 -0.015625 0.00509554 0.0115 0.0156627 0.000398406 0.0133333
internal_weight=1469 712 757 409 348 98 298 216 111 156 99 82 250 44
internal_count=1469 712 757 409 348 98 298 216 111 156 99 82 250 44
is_linear=0
shrinkage=0.05


Tree=38
num_leaves=15
num_cat=0
split_feature=7 0 6 3 0 7 0 6 6 6 7 6 7 3
split_gain=4.05682 4.41468 3.25184 6.81037 11.8091 6.71522 5.99922 6.73682 6.30906 5.00336 4.93979 4.92205 4.37465 4.23071
threshold=0.17992582467158871 50.02456984139647 214.57580423236851 108.63216385435963 101.12592126646395 -1.3285886049352695 144.70256566248392 203.91191453340943 143.22122829846126 158.74516055429675 -29.410311274686858 169.87822722331705 -8.801203531763802 135.60654348870438
decision_type=10 2 2 2 2 8 2 2 2 2 10 2 10 2
left_child=2 -2 3 4 -1 -6 12 8 10 -10 -8 -11 -5 -4
right_child=1 -3 13 6 5 -7 7 -9 9 11 -12 -13 -14 -15
leaf_value=0.0012083816180107289 -0.010390518520075076 -0.004134469339711888 -0.10193668764107558 -0.072668349577268948 0.036601802019467986 0.22008139536221982 0.068980843828117602 -0.36700435116822305 0.36144337956640304 -0.18172315978547438 -0.24055838469325863 0.084020118145097133 -0.064802812999824336 0.11614186346303589
leaf_weight=246 21 691 22 67 46 40 32 24 34 28 26 76 34 82
leaf_count=246 21 691 22 67 46 40 32 24 34 28 26 76 34 82
internal_value=-0.000238095 -0.0029453 0.00230871 0.000993884 0.00600601 0.0218391 -0.00419255 0.000452489 0.0035533 0.00935252 -0.0101695 0.00380952 -0.0142157 0.0104762
internal_weight=1469 712 757 653 332 86 321 220 196 138 58 104 101 104
internal_count=1469 712 757 653 332 86 321 220 196 138 58 104 101 104
is_linear=0
shrinkage=0.05


Tree=39
num_leaves=15
num_cat=0
split_feature=4 0 6 1 0 0 0 0 6 4 7 6 0 0
split_gain=4.44288 3.45108 3.37478 2.89115 2.71888 4.80161 4.60699 3.09574 2.38687 5.87194 11.0738 6.52466 4.9902 4.50875
threshold=1120.7500000000002 280.90581883423221 98.505629590393951 3822.8455000000004 120.40557463526581 103.64032294789079 143.20911815019807 159.34985184486382 171.96309772705803 619.60333333333347 -6.6597871082780093 198.86474081608893 234.37934151779493 278.05658193574567
decision_type=8 2 2 2 2 2 2 2 2 10 8 2 2 2
left_child=8 2 3 -2 5 -4 -6 -8 12 13 -11 -12 -1 -10
right_child=1 -3 4 -5 6 -7 7 -9 9 10 11 -13 -14 -15
leaf_value=-0.0045420287673568014 0.07061292804747088 -1.1739617256420309 0.070098910329215364 -0.1087963729882413 -0.099033163548586656 1.0237329117502867 0.4617554792612828 0.24648295530330824 0.030135518171806788 0.14486333381817085 -0.36088697098745276 -0.079952979246827455 -0.25973958316696605 -0.0056179477136280636
leaf_weight=740 46 20 50 22 41 27 20 74 219 34 32 36 22 86
leaf_count=740 46 20 50 22 41 27 20 74 219 34 32 36 22 86
internal_value=-0.000102041 0.00531561 0.00676157 -0.00289855 0.00985915 0.0173077 0.00551471 0.0115789 -0.00149573 0.00159314 -0.00873786 -0.0202899 -0.00314548 0.00506536
internal_weight=1469 300 280 68 212 77 135 94 1169 407 102 68 762 305
internal_count=1469 300 280 68 212 77 135 94 1169 407 102 68 762 305
is_linear=0
shrinkage=0.05


Tree=40
num_leaves=15
num_cat=0
split_feature=4 6 1 1 2 1 7 4 6 1 2 6 0 0
split_gain=3.34058 4.33022 5.74602 7.06176 4.60298 4.93039 5.65652 10.7998 5.20999 6.37603 4.6875 7.06827 4.60879 4.4903
threshold=729.3850000000001 171.96309772705803 1495.6750000000002 2327.3075000000003 8306.5750000000025 2094.8530000000005 0.17992582467158871 619.60333333333347 213.71465235211417 3472.1250000000005 9318.6000000000004 189.26565168370936 263.59989435116739 217.87742075118246
decision_type=8 2 2 2 2 2 10 10 2 2 2 2 2 2
left_child=1 2 -1 -4 5 -3 13 8 9 -8 -6 -12 -13 -7
right_child=-2 4 3 -5 10 6 7 -9 -10 -11 11 12 -14 -15
leaf_value=0.011220696848646978 0.0062870653498574187 -0.10944754241765209 -0.06759633301760043 -0.010229749042000205 -0.28016516406964581 0.042479742347731768 0.15797515281324062 -0.16014657912198918 -0.0082685927314511583 0.004250386408706508 -0.26115420044019716 0.11125420875984832 -0.0053370503279466493 0.231230395107721
leaf_weight=51 594 34 37 396 35 54 35 21 46 33 26 42 40 25
leaf_count=51 594 34 37 396 35 54 35 21 46 33 26 42 40 25
internal_value=-3.40136e-05 -0.00199772 -0.00515464 -0.00702765 0.00191327 0.0060241 0.00883721 0.00257353 0.00869565 0.0173913 -0.00520833 0 0.00722892 0.019375
internal_weight=1469 875 484 433 391 248 214 135 114 68 143 108 82 79
internal_count=1469 875 484 433 391 248 214 135 114 68 143 108 82 79
is_linear=0
shrinkage=0.05


Tree=41
num_leaves=15
num_cat=0
split_feature=7 7 6 7 4 4 4 6 4 2 2 2 2 3
split_gain=3.75454 4.4363 6.74076 4.01113 3.68128 6.8976 5.48859 4.45684 4.13317 3.59305 3.35179 2.73058 3.95932 6.42194
threshold=3.577992478507213 4.5990944090746106 133.33464103796459 5.8808210969159527 448.45500000000004 558.19500000000005 611.0250000000002 189.26565168370936 663.32500000000016 7441.2300000000005 3077.0840000000003 12006.116000000002 2957.7400000000002 81.747441542060329
decision_type=10 10 2 10 10 10 10 2 10 2 2 2 2 2
left_child=11 2 -2 -3 10 9 7 -7 -8 -6 -5 12 13 -1
right_child=1 3 -4 4 5 6 8 -9 -10 -11 -12 -13 -14 -15
leaf_value=0.0033382161843198924 0.023640851737971182 0.016162408184887237 -0.17176835235064081 -0.028271959450274997 -0.26754744719998469 0.17975538009995856 -0.15526536245236708 -0.00038675573621023142 -0.0038258875551860252 -0.09359478726490203 0.021994938973270879 -0.014014840348323267 0.015405098680163935 -0.020198397320459895
leaf_weight=198 20 60 30 24 22 30 40 23 107 20 76 92 587 140
leaf_count=198 20 60 30 24 22 30 40 23 107 20 76 92 587 140
internal_value=3.40136e-05 -0.00375276 -0.0176471 -0.00198511 -0.00408163 -0.00740741 -0.00348259 0.0101852 -0.00844595 -0.0255814 0.0039604 0.00171906 0.0025378 -0.00176991
internal_weight=1469 452 50 402 342 242 200 53 147 42 100 1017 925 338
internal_count=1469 452 50 402 342 242 200 53 147 42 100 1017 925 338
is_linear=0
shrinkage=0.05


Tree=42
num_leaves=15
num_cat=0
split_feature=6 3 3 4 3 3 2 2 3 6 3 6 3 3
split_gain=3.1714 4.09198 4.15171 4.21028 3.43431 5.20715 4.09096 9.06449 4.60788 5.99903 4.43645 3.7932 4.26472 3.54494
threshold=298.28141587658195 252.1116748717474 219.83755809896039 1120.7500000000002 107.30782159831239 102.56115964720205 5186.1950000000006 4411.9400000000014 83.159304027490649 144.20377208719984 75.943759111434233 123.04374204267778 125.18775508312505 90.414256570923769
decision_type=2 2 2 8 2 2 2 2 2 2 2 2 2 2
left_child=1 2 3 4 5 6 7 10 -8 -10 -1 12 -6 -12
right_child=-2 -3 -4 -5 11 -7 8 -9 9 -11 13 -13 -14 -15
leaf_value=0.0032720427370847406 0.080290942781896218 -0.086997731485464191 0.057266697620056962 0.064324209494499643 -0.019096185503890369 0.051499664240020372 -0.0024845828418654545 -0.074914690470610834 0.019452052669006892 -0.035715537220655312 -0.014917794504858462 -0.011696800722012247 -0.17552543200308182 0.0047371835283045397
leaf_weight=206 30 73 58 268 28 29 52 32 34 21 91 471 24 52
leaf_count=206 30 73 58 268 28 29 52 32 34 21 91 471 24 52
internal_value=0.000306122 -3.47222e-05 0.000585223 0 -0.00144092 0.00144788 0.000204499 -0.00222513 0.0087963 0.01875 0.000142857 -0.00429389 -0.0169811 -0.00659722
internal_weight=1469 1439 1366 1308 1040 517 488 381 107 55 349 523 52 143
internal_count=1469 1439 1366 1308 1040 517 488 381 107 55 349 523 52 143
is_linear=0
shrinkage=0.05


Tree=43
num_leaves=15
num_cat=0
split_feature=7 3 8 7 4 4 7 3 6 7 7 3 6 4
split_gain=3.486 4.55227 3.77815 3.7115 3.5054 5.52283 5.28103 3.40557 7.06665 6.534 5.54169 5.31675 5.73194 4.88591
threshold=12.585515333991745 87.637967920474622 1.5000000000000002 7.4887558159252317 608.38563725490201 456.07029411764717 -1.2716811360275402 107.30782159831239 147.53484092538028 1.0000000180025095e-35 2.6231319251495653 95.039899770270907 123.90236016572554 701.75000000000011
decision_type=10 2 2 10 8 10 10 2 2 10 10 2 2 10
left_child=2 -2 7 4 5 -4 -6 11 9 -9 -11 -1 -13 -10
right_child=1 -3 3 -5 6 -7 -8 8 13 10 -12 12 -14 -15
leaf_value=3.3521450582288392e-05 -0.055575429058657359 -0.0033791359189397022 0.00016851869317672242 0.084996727598867158 0.039457241939188842 0.40670532870463366 -0.056221136639354068 -0.13453485443742982 -0.008032014799256991 0.059114571341486413 -0.033566541795738196 0.080553960038300565 0.0032251507077391637 0.045727577801994768
leaf_weight=318 25 175 43 24 340 25 24 61 262 20 45 23 42 42
leaf_count=318 25 175 43 24 340 25 24 61 262 20 45 23 42 42
internal_value=0.000646259 -0.00547264 0.00161417 0.00525164 0.00415704 0.0144928 0.00219178 -0.000429975 -0.00348028 -0.0133858 -0.00227273 0.00299479 0.0159091 0.000655738
internal_weight=1469 200 1269 456 432 68 364 813 430 126 65 383 65 304
internal_count=1469 200 1269 456 432 68 364 813 430 126 65 383 65 304
is_linear=0
shrinkage=0.05


Tree=44
num_leaves=15
num_cat=0
split_feature=7 4 7 1 1 1 7 1 1 2 7 4 1 7
split_gain=3.4577 3.93723 6.39647 4.32791 5.33701 4.33382 7.98686 4.30322 4.11203 5.25058 3.41332 2.58514 2.24352 2.19008
threshold=3.577992478507213 331.97029411764714 4.5990944090746106 1495.6750000000002 2156.0200000000004 3706.8850000000007 10.040243407745601 4217.4700000000012 5403.9865000000009 8418.0250000000015 30.201806978352668 676.3950000000001 4497.2605000000012 -22.214310501880906
decision_type=10 10 10 2 2 2 10 2 2 2 10 10 2 8
left_child=13 -2 11 -4 -5 6 -6 -7 9 12 -8 -3 -9 -1
right_child=1 2 3 4 5 7 10 8 -10 -11 -12 -13 -14 -15
leaf_value=-0.022658960711539881 0.061108130749284 -0.30243512927346639 0.1478366313611838 -0.064038195999901307 0.090980297774777397 -0.13278254896105085 -0.14112790714021914 0.10620180575106047 -0.0261342850092895 0.25936015777232901 0.012518729432702522 -0.0061734970776860468 -0.083093236051717659 0.0036666297738359613
leaf_weight=80 56 22 20 23 41 31 33 22 103 24 20 23 34 937
leaf_count=80 56 22 20 23 41 31 33 22 103 24 20 23 34 937
internal_value=0.000102041 -0.00353201 -0.00528967 -0.00298295 -0.00436747 -0.002589 0.00631579 -0.00651163 -0.00353261 0.00493827 -0.00648148 -0.0228261 -0.00350877 0.00171906
internal_weight=1469 452 396 351 331 308 94 214 183 80 53 45 56 1017
internal_count=1469 452 396 351 331 308 94 214 183 80 53 45 56 1017
is_linear=0
shrinkage=0.05


Tree=45
num_leaves=15
num_cat=0
split_feature=7 3 8 7 3 0 3 6 7 6 7 7 0 1
split_gain=2.96497 4.55227 3.1347 4.06953 3.62296 8.83514 5.53338 5.73194 4.91039 4.73776 3.86905 3.54901 4.16612 8.08076
threshold=12.585515333991745 87.637967920474622 1.5000000000000002 7.4887558159252317 107.30782159831239 144.70256566248392 95.039899770270907 123.90236016572554 1.0000000180025095e-35 143.22122829846126 0.34610390324895951 2.278513062942999 191.66903412353869 4675.5300000000007
decision_type=10 2 2 10 2 2 2 2 10 2 10 8 2 2
left_child=2 -2 4 -4 6 8 -1 -8 -6 10 -7 12 13 -11
right_child=1 -3 3 -5 5 9 7 -9 -10 11 -12 -13 -14 -15
leaf_value=4.079612774635089e-06 -0.051489943355260026 -0.0081699233189787886 0.025393636487950677 0.075817338630777845 -0.19164603039879335 -0.19186542298802223 0.076342930547693755 0.0028805616836604072 -0.014919518452963699 0.15733614590707734 0.0033826207561615308 -0.0071939249685265888 -0.0018648590882464318 0.00079897789398462047
leaf_weight=318 25 175 432 24 45 27 23 42 43 30 26 134 86 39
leaf_count=318 25 175 432 24 45 27 23 42 43 30 26 134 86 39
internal_value=0.000170068 -0.00547264 0.00106299 0.00437637 -0.000798526 -0.00394432 0.00273438 0.0159091 -0.0179775 -0.000291545 -0.0138889 0.00224138 0.00737179 0.0164286
internal_weight=1469 200 1269 456 813 430 383 65 88 342 53 289 155 69
internal_count=1469 200 1269 456 813 430 383 65 88 342 53 289 155 69
is_linear=0
shrinkage=0.05


Tree=46
num_leaves=15
num_cat=0
split_feature=7 2 2 0 3 3 0 3 1 3 2 2 7 1
split_gain=2.28617 3.71101 5.27193 4.61321 7.31655 7.5749 5.14885 5.89714 9.11454 4.36483 5.26551 4.41831 4.2041 3.48032
threshold=3.577992478507213 2957.7400000000002 2262.2800000000002 81.546891808930113 108.63216385435963 101.04582634087882 144.70256566248392 144.37040879121128 5601.6440000000011 77.686155523509157 1372.5350000000001 1527.0250000000003 -1.635026143424241 13498.470000000003
decision_type=10 2 2 2 2 2 2 2 2 2 2 2 10 2
left_child=1 2 9 13 5 -5 -6 8 -8 11 -11 12 -1 -3
right_child=-2 3 -4 4 6 -7 7 -9 -10 10 -12 -13 -14 -15
leaf_value=0.040126440099667426 -0.0046505650735428035 -0.034569306419458906 -0.028980352491179029 0.0072669607548125296 -0.048285541524786479 0.24199575500424575 0.18777853907469086 0.0043238338493484371 -0.0041612546575328429 0.0048473256811549575 -0.047960978845229457 0.020127401242294632 -0.0041831638006987696 0.014724087864882527
leaf_weight=52 452 29 57 149 97 34 38 280 30 64 59 55 51 22
leaf_count=52 452 29 57 149 97 34 38 280 30 64 59 55 51 22
internal_value=0.000306122 0.00162083 -0.00265487 0.00375 0.00492846 0.0133152 0.0014574 0.00429799 0.0173913 0.000177305 -0.00685484 0.00566038 -0.000480769 -0.0105769
internal_weight=1469 1017 338 679 628 183 445 348 68 281 123 158 103 51
internal_count=1469 1017 338 679 628 183 445 348 68 281 123 158 103 51
is_linear=0
shrinkage=0.05


Tree=47
num_leaves=15
num_cat=0
split_feature=0 0 6 0 6 7 4 7 4 7 6 4 4 7
split_gain=3.36505 4.49529 3.25493 3.18338 3.15555 7.95065 5.64238 7.562 6.50512 5.27966 4.3629 5.48982 6.0178 4.5201
threshold=32.924709631785383 50.985070973240916 298.28141587658195 280.90581883423221 171.96309772705803 -14.648695436381898 619.60333333333347 -6.6597871082780093 663.32500000000016 11.591788690390233 183.43041353380798 445.35500000000008 379.03382352941179 -15.710182950741332
decision_type=2 2 2 2 2 8 10 8 10 10 2 10 10 10
left_child=-1 -2 3 4 5 -3 10 -8 -9 -7 13 12 -12 -6
right_child=1 2 -4 -5 6 9 7 8 -10 -11 11 -13 -14 -15
leaf_value=-0.0045229265345803271 0.025472024495618518 -0.16441923242481382 0.076491855507229201 -0.083009196327137769 0.046722438982501439 0.0022271310578758862 0.14570333601272176 -0.29234416514633982 -0.052325923425714377 -0.052944272167364963 0.0080655029868365313 0.02600512678777785 -0.30986463844036027 0.19415287045857302
leaf_weight=30 30 51 30 91 23 757 31 27 40 102 88 105 27 37
leaf_count=30 30 51 30 91 23 757 31 27 40 102 88 105 27 37
internal_value=0.000170068 0.000520833 0.000106383 -0.000253623 0.000387898 -0.00120746 0.00422164 -0.00606061 -0.0154412 -5.81395e-05 0.00782918 0.00452489 -0.00301724 0.0196721
internal_weight=1469 1439 1409 1379 1288 910 378 98 67 859 280 220 115 60
internal_count=1469 1439 1409 1379 1288 910 378 98 67 859 280 220 115 60
is_linear=0
shrinkage=0.05


Tree=48
num_leaves=15
num_cat=0
split_feature=0 0 4 6 7 4 4 2 0 1 4 7 7 4
split_gain=3.94225 3.94422 2.58318 3.68252 6.32522 4.8253 7.43042 4.49767 6.75606 4.33929 3.86538 3.86273 3.75539 5.28497
threshold=38.605000000000011 50.985070973240916 996.70000000000016 171.96309772705803 -14.648695436381898 619.60333333333347 637.9433333333335 3077.0840000000003 119.30212331511321 6355.2900000000009 611.0250000000002 -11.847711156869272 -0.84305986674137745 502.55000000000001
decision_type=2 2 8 2 8 10 10 2 2 2 10 10 8 10
left_child=-1 -2 3 4 10 7 -7 -5 -9 -8 -3 -6 13 -10
right_child=1 2 -4 5 11 6 9 8 12 -11 -12 -13 -14 -15
leaf_value=-0.003490463704849775 0.0401714284428841 -0.19404299447114381 0.031129161485742518 -0.036030401771071252 0.017352079947865948 -0.2918354374520617 0.013280005430936099 0.20932891412109172 0.16476884959758442 -0.11536827931056759 -0.12941449877962455 -0.0032030821055059667 0.0027821706187219687 -0.036311094621121379
leaf_weight=36 24 26 317 54 20 20 55 25 48 27 25 614 154 24
leaf_count=36 24 26 317 54 20 20 55 25 48 27 25 614 154 24
internal_value=-0.000102041 0.000313808 -3.5461e-05 -0.00118939 -0.00342566 0.00257353 -0.00679612 0.00571895 0.00853175 0 -0.0201923 -0.00204724 0.00572687 0.0150685
internal_weight=1469 1433 1409 1092 685 407 102 305 251 82 51 634 226 72
internal_count=1469 1433 1409 1092 685 407 102 305 251 82 51 634 226 72
is_linear=0
shrinkage=0.05


Tree=49
num_leaves=15
num_cat=0
split_feature=4 6 4 4 7 6 4 7 2 2 2 0 6 0
split_gain=2.824 4.47465 3.40343 8.19134 3.68171 3.04969 4.04687 3.52054 3.02882 4.29111 4.15567 9.13632 4.19448 3.18916
threshold=813.70000000000016 171.96309772705803 619.60333333333347 637.9433333333335 4.7988754140517118 163.09192077942043 645.43333333333351 -14.648695436381898 10412.955000000002 13034.240000000003 4817.7150000000011 195.04065944207136 128.64936754918787 53.038725717791621
decision_type=8 2 10 10 8 2 10 8 2 2 2 2 2 2
left_child=1 5 -3 -4 -5 7 -7 -1 10 -10 13 12 -12 -2
right_child=8 2 3 4 -6 6 -8 -9 9 -11 11 -13 -14 -15
leaf_value=-0.03308197237037247 0.031696344034617963 0.010866357650805236 -0.27724366557945862 0.066489720437782104 -0.11188694732253097 -0.14538716316885633 0.034678185785816142 -0.0022736924875531388 -0.18243954597870704 0.0011503579271857883 0.046638608133843303 -0.4813198837437157 0.19544379308151372 -0.0021946120454979347
leaf_weight=40 27 305 20 40 35 50 20 473 21 40 72 37 77 212
leaf_count=40 27 305 20 40 35 50 20 473 21 40 72 37 77 212
internal_value=-3.40136e-05 -0.0015752 0.00249377 -0.00572917 0.00197368 -0.00436644 -0.0140845 -0.00301556 0.00308008 -0.00725806 0.00457746 0.0101604 0.0156667 0.000208333
internal_weight=1469 983 400 95 75 583 70 513 486 61 425 186 149 239
internal_count=1469 983 400 95 75 583 70 513 486 61 425 186 149 239
is_linear=0
shrinkage=0.05


Tree=50
num_leaves=15
num_cat=0
split_feature=6 4 6 6 3 1 3 3 1 1 3 3 3 2
split_gain=2.68227 2.88185 5.06904 4.96749 4.35337 3.59749 4.7533 5.10882 3.7619 3.21316 3.06455 4.88194 3.0443 4.56731
threshold=44.276617438275387 331.97029411764714 287.35750078183622 244.27870960172456 165.04822494937153 12179.664500000001 42.944002271082475 64.264291633627749 2575.0225000000005 2575.0225000000005 108.63216385435963 131.1092999802112 183.10113946519905 8233.385000000002
decision_type=2 10 2 2 2 2 2 2 2 2 2 2 2 2
left_child=-1 2 4 12 5 6 -2 8 -8 -9 -11 -12 -3 -14
right_child=1 3 -4 -5 -6 -7 7 9 -10 10 11 -13 13 -15
leaf_value=-0.0082496801223569446 0.19897008932227422 -0.0014802381080013028 0.32535445312023836 -0.27242569240486775 -0.077792701146840615 -0.018557077910319044 0.12021785416829044 -0.047121013927873982 -0.041348680351019997 0.12760276360269102 -0.040319227626382119 0.25494672494096815 0.091228203082266521 -0.0016504006284757096
leaf_weight=24 21 828 28 36 89 37 20 47 21 88 44 35 51 100
leaf_count=24 21 828 28 36 89 37 20 47 21 88 44 35 51 100
internal_value=0.000238095 0.000518672 0.00394432 -0.000935039 0.00248139 0.00525478 0.00722022 0.00527344 -0.0107143 0.00837209 0.0116071 0.004375 -0.000255102 0.00625
internal_weight=1469 1445 430 1015 402 313 276 255 41 214 167 79 979 151
internal_count=1469 1445 430 1015 402 313 276 255 41 214 167 79 979 151
is_linear=0
shrinkage=0.05


Tree=51
num_leaves=15
num_cat=0
split_feature=0 0 7 7 4 2 2 2 4 4 2 4 4 1
split_gain=5.5715 3.77828 3.51377 3.35799 3.80444 3.32851 7.62649 5.43932 5.24611 4.23432 4.68354 4.20299 3.79866 5.8404
threshold=38.605000000000011 50.985070973240916 12.585515333991745 16.541671951281021 558.19500000000005 2957.7400000000002 2295.1810000000005 3919.5550000000003 579.06264705882359 875.32000000000016 1397.7450000000001 683.65382352941185 602.67500000000007 3498.1300000000006
decision_type=2 2 10 10 10 2 2 2 8 8 2 8 8 2
left_child=-1 -2 5 4 -4 6 8 12 -3 -10 -11 -8 -7 -14
right_child=1 2 3 -5 -6 7 11 -9 9 10 -12 -13 13 -15
leaf_value=-0.0048570771290463973 0.037928223632521282 0.05779587147012915 -0.1297787641570812 -0.005206238062483182 -0.001335808120954829 0.093853932693279185 -0.044835834269977309 0.0026517713375173394 -0.012680885801635658 0.038347461734179564 -0.0089393926725156777 0.0074139393707646608 0.056335536378567697 -0.027688257739738265
leaf_weight=36 24 61 20 155 24 47 44 759 105 56 51 22 44 21
leaf_count=36 24 61 20 155 24 47 44 759 105 56 51 22 44 21
internal_value=0.000238095 0.000732218 0.000390071 -0.00575 -0.0177778 0.0014038 -0.00279412 0.00303899 0.000912409 -0.0028169 0.00416667 -0.0179104 0.0132743 0.00530303
internal_weight=1469 1433 1409 199 44 1210 339 871 273 212 107 66 112 65
internal_count=1469 1433 1409 199 44 1210 339 871 273 212 107 66 112 65
is_linear=0
shrinkage=0.05


Tree=52
num_leaves=15
num_cat=0
split_feature=0 0 1 4 4 3 3 3 3 0 4 2 2 2
split_gain=4.14432 4.28581 3.9636 3.47478 3.93597 4.11159 6.85605 3.90003 3.48237 7.17441 2.91648 3.1037 2.89417 2.53803
threshold=38.605000000000011 53.038725717791621 4695.3045000000011 502.55000000000001 559.56000000000006 238.20212289337366 192.3666164697577 209.53018395226374 141.56504271133056 148.28202542506705 735.48666666666679 7055.0850000000009 6848.8000000000002 2957.7400000000002
decision_type=2 2 2 10 10 2 2 2 2 2 10 2 2 2
left_child=-1 2 -2 -3 12 6 8 -8 9 13 -10 -12 -5 -6
right_child=1 3 -4 4 5 -7 7 -9 10 -11 11 -13 -14 -15
leaf_value=-0.004614223272594079 0.050525817905416305 0.010101853834071263 -0.0016398854131667653 -0.18090083976910729 -0.0056376781077009837 -0.21960785460679572 0.10858797991362495 0.0041862370212790044 -0.066808723159365799 0.068614644465145522 0.04607233066171193 -0.074897915975655635 -0.029763397773026019 0.0014912901018724384
leaf_weight=36 22 652 20 32 166 22 29 37 108 48 21 25 32 219
leaf_count=36 22 652 20 32 166 22 29 37 108 48 21 25 32 219
internal_value=0.000306122 0.000732218 0.0162791 0.000251437 -0.00209459 -0.000961538 -0.000229358 0.0149254 -0.00195578 0.000345622 -0.0083871 0.00212766 -0.0138462 -0.00194301
internal_weight=1469 1433 42 1391 739 675 653 66 587 433 154 46 64 385
internal_count=1469 1433 42 1391 739 675 653 66 587 433 154 46 64 385
is_linear=0
shrinkage=0.05


Tree=53
num_leaves=15
num_cat=0
split_feature=7 6 0 7 1 1 7 1 2 2 1 6 0 4
split_gain=3.21427 3.47804 2.87803 2.76447 5.30511 3.08914 2.73415 2.60435 11.5347 6.54471 4.95556 3.91647 5.18724 3.2939
threshold=61.13915789669975 287.35750078183622 38.605000000000011 -22.214310501880906 5533.5700000000006 3822.8455000000004 -17.959329216237979 4167.2600000000011 8418.0250000000015 7441.2300000000005 3858.0350000000003 241.26640339305658 263.59989435116739 325.07068393896151
decision_type=10 2 2 8 2 2 8 2 2 2 2 2 2 8
left_child=1 2 -1 4 5 -4 -5 8 9 10 13 12 -9 -8
right_child=-2 -3 3 6 -6 -7 7 11 -10 -11 -12 -13 -14 -15
leaf_value=-0.004383512108964374 -0.64413672125301924 0.11296375354090177 -0.08438854307443773 0.16195238890580291 -0.10550024665131193 0.10356100904332682 0.054400985204919122 0.0039942728710131159 -0.28016230976351247 0.15253035000194259 -0.12687219663399316 0.12708808666535854 -0.37862862331858438 -0.00047859818054039053
leaf_weight=36 20 38 21 20 29 23 37 599 23 22 48 23 24 506
leaf_count=36 20 38 21 20 29 23 37 599 23 22 48 23 24 506
internal_value=0.00037415 0.000655172 0.000247875 0.000617733 -0.00878378 0.00222222 0.00115119 0.000857366 -0.00141287 -8.14332e-05 -0.00109797 0.00309119 0.00232372 0.000275735
internal_weight=1469 1449 1411 1375 73 44 1302 1282 636 613 591 646 623 543
internal_count=1469 1449 1411 1375 73 44 1302 1282 636 613 591 646 623 543
is_linear=0
shrinkage=0.05


Tree=54
num_leaves=15
num_cat=0
split_feature=0 4 0 0 7 7 1 2 4 7 7 7 2 7
split_gain=2.32519 2.22998 4.11223 3.99303 3.23386 7.43833 4.8967 4.29585 2.71246 3.41205 5.15422 4.05651 3.05754 3.04502
threshold=32.924709631785383 502.55000000000001 263.59989435116739 215.32636209361542 -9.4124993918065183 -4.3185774248485904 4945.6855000000005 5745.4540000000006 528.3950000000001 -11.847711156869272 -15.012067136824411 -4.3185774248485904 7767.6690000000008 -8.801203531763802
decision_type=2 10 2 2 8 8 2 2 10 10 8 10 2 10
left_child=-1 4 3 8 6 -6 7 -2 -3 10 12 13 -10 -11
right_child=1 2 -4 -5 5 -7 -8 -9 9 11 -12 -13 -14 -15
leaf_value=-0.0056606940747243456 -0.11449659996550161 -0.20597401026104656 -0.2176880167790147 0.027531313165127438 0.10177686843932161 0.0098750300496872837 -0.056010096929970749 0.1307911548619119 0.066951792329457138 0.045072095917166301 0.028327549342509119 -0.00035568115623096919 -0.11418931585558761 -0.0472451291918001
leaf_weight=30 26 20 32 72 32 577 22 20 35 22 21 505 20 35
leaf_count=30 26 20 32 72 32 577 22 20 35 22 21 505 20 35
internal_value=0.000646259 0.0009375 -0.000917431 -0.000136799 0.0030236 0.00418033 -0.00724638 0.00212766 -0.00136571 -0.000782473 0.00909091 -0.00213144 0.000892857 -0.0146552
internal_weight=1469 1439 762 730 677 609 68 46 658 638 76 562 55 57
internal_count=1469 1439 762 730 677 609 68 46 658 638 76 562 55 57
is_linear=0
shrinkage=0.05


Tree=55
num_leaves=15
num_cat=0
split_feature=5 0 0 4 1 1 2 2 6 0 6 1 2 1
split_gain=2.51697 7.7512 5.5385 5.42026 4.53364 6.43514 8.59692 4.74868 5.0689 4.12155 3.93946 2.79436 4.1289 3.37283
threshold=2.5000000000000004 119.07669234755242 144.70256566248392 325.07068393896151 6233.6330000000007 4167.2600000000011 8350.6950000000015 7578.3950000000013 287.35750078183622 140.52698445551889 117.27445478625306 6774.670000000001 14288.570000000002 7432.438000000001
decision_type=2 2 2 10 2 2 2 2 2 2 2 2 2 2
left_child=-1 3 9 -2 5 6 7 8 -4 10 -3 -6 13 -13
right_child=1 2 4 -5 11 -7 -8 -9 -10 -11 -12 12 -14 -15
leaf_value=-0.0016044838826705377 0.28133358656914187 0.047476565431606568 -0.0024090736849333994 0.0072081497359969497 -0.096871854459843879 0.041436105667797568 -0.26019379342825366 0.16126873135545705 0.22833683599218704 -0.03548760055631088 -0.035334202724504361 0.030552868468672747 0.064739715507836554 -0.10683100306923864
leaf_weight=442 41 34 255 117 30 197 32 21 28 42 134 25 28 43
leaf_count=442 41 34 255 117 30 197 32 21 28 42 134 25 28 43
internal_value=0.000442177 0.00179961 -5.74713e-05 0.0119497 0.00219697 0.00421348 0 0.00262295 0.000880282 -0.007109 -0.0035503 -0.00629921 -0.00206186 -0.00869565
internal_weight=1469 1027 869 158 659 533 336 304 283 210 168 126 96 68
internal_count=1469 1027 869 158 659 533 336 304 283 210 168 126 96 68
is_linear=0
shrinkage=0.05


Tree=56
num_leaves=15
num_cat=0
split_feature=6 0 0 4 0 6 1 1 1 6 8 4 4 4
split_gain=2.23139 5.08041 4.77253 3.75315 2.96168 2.93944 3.79738 3.09644 5.53718 5.05124 3.07302 2.93841 2.84177 9.48285
threshold=170.44456831331431 242.96095878218759 208.24034610906889 1120.7500000000002 68.621515520881516 181.67025304080747 5352.3400000000011 4167.2600000000011 3799.2230000000004 189.26565168370936 1.5000000000000002 229.47088235294123 334.89153655666598 431.9550000000001
decision_type=2 2 2 8 2 2 2 2 2 2 2 10 10 10
left_child=1 2 3 -1 -5 6 -2 8 10 -9 12 -12 -7 -14
right_child=5 -3 -4 4 -6 7 -8 9 -10 -11 11 -13 13 -15
leaf_value=-0.0018148488873445336 0.11389522504970101 -0.34159737474506091 0.049740619412938517 -0.081337622226913792 0.055032569157961932 0.010317369345489614 -0.018037166995182409 -0.090394430616379459 -0.2760429464836483 0.016958732770924013 -0.0014835951191646047 0.18975559148726862 -0.31006623709328079 0.0082741716053481677
leaf_weight=711 53 21 27 34 167 37 37 36 22 152 45 35 30 62
leaf_count=711 53 21 27 34 167 37 37 36 22 152 45 35 30 62
internal_value=0.000170068 -0.0012487 -0.000691489 -0.00131435 0.00470297 0.00284314 0.010989 0.00107143 -0.00280172 0.00582011 -0.000238095 0.00740741 -0.005 -0.00967742
internal_weight=1469 960 939 912 201 509 90 419 231 188 209 80 129 92
internal_count=1469 960 939 912 201 509 90 419 231 188 209 80 129 92
is_linear=0
shrinkage=0.05


Tree=57
num_leaves=15
num_cat=0
split_feature=6 1 6 7 6 7 1 7 3 3 7 7 4 1
split_gain=3.49634 2.30732 3.99666 3.04218 3.76021 7.48481 6.71706 6.09088 5.89322 4.35545 4.32145 3.2643 4.54325 6.76277
threshold=287.35750078183622 2512.3050000000007 66.643298962090384 8.5652508453472453 143.22122829846126 -0.17627563574640701 8502.7950000000001 1.5397259707193387 105.84594515946536 90.414256570923769 7.0165017145699915 2.278513062942999 611.0250000000002 4497.2605000000012
decision_type=2 2 2 10 2 8 2 8 2 2 10 10 10 2
left_child=1 2 -1 4 5 8 7 -7 9 -3 11 -6 -13 -14
right_child=-2 3 -4 -5 10 6 -8 -9 -10 -11 -12 12 13 -15
leaf_value=0.035774512269968563 0.05895468034893192 -0.0047235786378452497 -0.0088608196215003154 -0.018484957548042049 0.015502534477236729 0.039967074185880892 -0.015616071171320424 0.0122355870345352 -0.14200393976370296 0.0082424404620087544 0.070519218380597187 0.0050313326838059003 0.020265403859583166 -0.13095795470846125
leaf_weight=28 40 58 289 209 361 38 83 173 46 21 25 56 20 22
leaf_count=28 40 58 289 209 361 38 83 173 46 21 25 56 20 22
internal_value=0.000238095 -0.000174825 -0.00393082 0.000898473 0.00215708 -0.00130952 0.00305085 0.00778302 -0.0115079 -0.003125 0.00515464 0.00402174 -0.0040404 -0.0162791
internal_weight=1469 1429 317 1112 903 419 294 211 125 79 484 459 98 42
internal_count=1469 1429 317 1112 903 419 294 211 125 79 484 459 98 42
is_linear=0
shrinkage=0.05


Tree=58
num_leaves=15
num_cat=0
split_feature=2 2 1 2 2 7 7 0 0 7 7 2 2 1
split_gain=2.71949 4.41112 4.14546 5.16143 3.84109 3.60042 5.28803 3.20247 9.15978 4.41286 2.86373 4.60962 3.58021 3.51631
threshold=6444.8065000000006 11748.565000000001 5623.8925000000008 13034.240000000003 5994.7500000000009 38.689719545555143 19.405075113525971 130.54277390368387 148.28202542506705 8.5652508453472453 -4.6811170157939577 7985.6630000000014 7323.0700000000006 5240.0825000000013
decision_type=2 2 2 2 2 10 10 2 2 10 10 2 2 2
left_child=4 5 -3 -4 -1 6 7 -2 -9 10 11 -10 -12 -13
right_child=1 2 3 -5 -6 -7 -8 8 9 -11 12 13 -14 -15
leaf_value=-5.2402921096578876e-05 0.042606611451353631 0.023005344197416136 -0.35332329126469914 -0.0019783256058851202 -0.024090912249421562 -0.39245831800458791 0.12233400980675779 -0.11160289292363475 0.1331891629546087 -0.11781394385941475 -0.055462768050126066 -0.10963722279709445 0.045663868897149788 0.0036582559903733771
leaf_weight=838 98 21 35 88 60 20 28 42 56 33 21 31 70 28
leaf_count=838 98 21 35 88 60 20 28 42 56 33 21 31 70 28
internal_value=0.000714286 0.00340909 -0.00413793 -0.00766129 -0.00100111 0.00595794 0.00698529 0.00539474 0.00265957 0.00645833 0.00917874 0.00387931 0.0157609 -0.00583333
internal_weight=1469 571 144 123 898 427 407 379 281 239 206 115 91 59
internal_count=1469 571 144 123 898 427 407 379 281 239 206 115 91 59
is_linear=0
shrinkage=0.05


Tree=59
num_leaves=15
num_cat=0
split_feature=6 0 6 4 7 7 6 6 7 4 7 6 0 0
split_gain=3.09011 2.47808 2.94131 4.05739 4.85558 4.51003 5.80723 4.22109 4.01961 5.63539 3.30774 2.71821 2.68109 2.8546
threshold=298.28141587658195 304.09848375768519 171.96309772705803 683.65382352941185 -9.0727731832168441 1.6401945863701004 143.22122829846126 160.70179291149779 -2.4631920914636818 451.13000000000005 1.1141055494729672 231.66647833197058 52.030013044333622 74.003284916761814
decision_type=2 2 2 8 10 10 2 2 10 10 10 2 2 2
left_child=1 2 3 4 -1 6 10 -8 9 -6 12 -3 -5 -14
right_child=-2 11 -4 5 8 -7 7 -9 -10 -11 -12 -13 13 -15
leaf_value=-0.032847109707171349 0.05752633358608901 -0.4914613680714095 0.0049719995258939139 0.013992229299844611 0.05156002990346225 -0.0038904219202318792 0.13620874803478783 -0.00026392166978440602 -0.0053507664178330172 -0.012077905004651486 0.029405258303241213 0.021855076987545321 -0.06080391483317063 0.0017894817745332471
leaf_weight=57 30 33 404 24 21 181 58 21 290 34 21 29 50 216
leaf_count=57 30 33 404 24 21 181 58 21 290 34 21 29 50 216
internal_value=0.000510204 0.000173611 0.000616836 -0.00087269 -0.00471464 0.00183566 0.00485934 0.016875 -0.00245665 0.00982143 0.00176282 -0.00952381 0.000343643 -0.0011236
internal_weight=1469 1439 1377 973 402 571 390 79 345 55 311 62 290 266
internal_count=1469 1439 1377 973 402 571 390 79 345 55 311 62 290 266
is_linear=0
shrinkage=0.05


Tree=60
num_leaves=15
num_cat=0
split_feature=7 7 7 2 3 4 7 7 1 2 1 8 4 3
split_gain=1.98205 3.62185 3.56284 7.02792 6.66297 4.03005 7.43061 9.10341 3.56694 3.54003 5.44113 7.10333 3.27141 2.89544
threshold=-0.84305986674137745 -0.38963935043743442 -4.6811170157939577 5838.2700000000013 42.944002271082475 637.9433333333335 -8.801203531763802 -14.279632867178028 2397.7350000000001 2957.7400000000002 5785.9175000000005 1.5000000000000002 497.20500000000004 85.184256311791515
decision_type=10 10 10 2 2 8 10 10 2 2 2 2 10 2
left_child=2 -2 4 8 -1 9 7 13 -4 -6 11 12 -11 -7
right_child=1 -3 3 -5 5 6 -8 -9 -10 10 -12 -13 -14 -15
leaf_value=0.12310113355716618 -0.092713722095948553 -0.00078528959912903956 0.06108318859442579 0.054569713398975754 -0.28442595334846671 -0.065423364545702453 -0.054164813298580389 0.17745275640585614 -0.0072760247821701211 0.01300291132948333 -0.09598979729885701 0.56895024470185696 -0.14576085289791763 0.030323628934675641
leaf_weight=28 24 760 24 43 27 72 24 25 47 36 37 25 38 259
leaf_count=28 24 760 24 43 27 72 24 25 47 36 37 25 38 259
internal_value=0.000442177 -0.00127389 0.00240525 0.0104348 0.000786713 -0.000459559 0.0023622 0.00420168 0.000694444 -0.0070122 -0.00364964 0.0025 -0.00533333 0.00195783
internal_weight=1469 784 685 114 571 543 380 356 71 163 136 99 74 331
internal_count=1469 784 685 114 571 543 380 356 71 163 136 99 74 331
is_linear=0
shrinkage=0.05


Tree=61
num_leaves=15
num_cat=0
split_feature=0 3 7 3 6 0 3 6 2 2 2 1 1 7
split_gain=3.44974 3.57799 7.34727 4.7341 3.09494 6.65983 4.7616 4.35122 4.32692 3.12347 6.49491 3.40396 5.95852 10.3506
threshold=32.924709631785383 47.11698921775568 -4.3185774248485904 34.017419183778195 196.51672392057458 242.03398957620254 183.10113946519905 202.94220529335354 10842.545000000002 3077.0840000000003 6146.317500000001 4167.2600000000011 2791.8700000000003 -2.7498678048392828
decision_type=2 2 10 2 2 2 2 2 2 2 2 2 2 10
left_child=-1 2 -2 -4 5 6 -3 -6 -8 -9 -11 12 -12 -14
right_child=1 4 3 -5 7 -7 8 9 -10 10 11 -13 13 -15
leaf_value=-0.0056128364400061335 0.13432793232616544 -0.0016523959984917403 -0.016398712407829499 0.0034723947453122795 0.13002308056233289 -0.26837291301734556 0.22367174890697275 -0.07217531814933438 0.0007152375410019729 0.12213252728304738 0.054878586646921135 0.011812359120475513 0.0061526597997046883 -0.43317595486424321
leaf_weight=30 25 935 42 35 35 54 25 32 26 58 24 95 25 28
leaf_count=30 25 935 42 35 35 54 25 32 26 58 24 95 25 28
internal_value=0.00037415 0.000729167 0.00970874 0.00192308 3.73692e-05 -0.0012488 -0.000303951 0.0045302 0.0144231 0.00228137 0.004329 -0.000578035 -0.00833333 -0.0175926
internal_weight=1469 1439 102 77 1337 1040 986 297 51 262 230 172 77 53
internal_count=1469 1439 102 77 1337 1040 986 297 51 262 230 172 77 53
is_linear=0
shrinkage=0.05


Tree=62
num_leaves=15
num_cat=0
split_feature=0 7 4 0 0 6 7 6 0 6 4 4 1 0
split_gain=3.4214 2.96597 7.68023 5.58775 6.82632 5.92203 4.38591 3.58135 2.71679 3.73735 4.42301 6.7211 2.55988 5.28602
threshold=32.924709631785383 12.585515333991745 379.03382352941179 122.08416780095443 165.39745526838968 177.49604607642067 25.125122342679223 213.71465235211417 331.0510437977502 221.73572678780906 314.77441176470592 489.4500000000001 7432.438000000001 53.038725717791621
decision_type=2 10 10 2 2 2 10 2 2 2 8 8 2 2
left_child=-1 8 6 -4 -5 -6 -3 -7 9 12 -11 -12 13 -2
right_child=1 2 3 4 5 7 -8 -9 -10 10 11 -13 -14 -15
leaf_value=-0.005332194618005829 0.040004479644364065 -0.020153102385103611 -0.17844755030719583 0.052527339735380152 -0.28305444990775402 0.12352192653421626 0.083285153071698204 -0.20811766754457006 -0.1345766121373998 0.34361592315770706 -0.34558162321159669 0.047589188721615924 -0.0033702067902093569 0.0020321479590394097
leaf_weight=30 30 20 24 37 38 35 26 20 39 22 20 61 204 863
leaf_count=30 30 20 24 37 38 35 26 20 39 22 20 61 204 863
internal_value=0.000306122 0.000659722 -0.00497512 -0.0103226 -0.00610687 -0.0132979 0.012766 -0.00267857 0.00157258 0.00199833 0.0110577 0.0054878 0.00113843 0.00229306
internal_weight=1469 1439 200 154 130 93 46 55 1239 1200 103 81 1097 893
internal_count=1469 1439 200 154 130 93 46 55 1239 1200 103 81 1097 893
is_linear=0
shrinkage=0.05


Tree=63
num_leaves=15
num_cat=0
split_feature=0 6 0 1 1 6 1 1 6 6 6 0 0 6
split_gain=4.28176 3.13304 3.16001 2.91203 2.63042 4.5527 4.60767 3.52466 4.72218 3.73454 6.38254 5.36273 4.76533 6.00544
threshold=38.605000000000011 287.35750078183622 53.038725717791621 4695.3045000000011 2575.0225000000005 68.307237856786685 1298.5735000000002 2982.5300000000002 74.806188540036771 134.6353821146275 143.22122829846126 89.086500000000015 119.30212331511321 122.05968414252662
decision_type=2 2 2 2 2 2 2 2 2 2 2 2 2 2
left_child=-1 2 3 -2 5 -4 -7 -6 -9 11 -11 -10 -13 -14
right_child=1 -3 4 -5 7 6 -8 8 9 10 -12 12 13 -15
leaf_value=-0.0047987681120848892 0.03800425566214586 0.066528423126301209 0.018115519787216407 -7.2003142099485995e-06 0.028772540015640946 0.0066766166334635037 -0.017841923125561911 -0.024473096652906791 -0.0056547356166814031 -0.11567743216240378 0.0025898310234882954 0.02951647677396806 -0.028155380338940862 0.014229952065721585
leaf_weight=36 22 40 31 20 76 94 187 39 72 76 574 80 68 54
leaf_count=36 22 40 31 20 76 94 187 39 72 76 574 80 68 54
internal_value=0.000578231 0.00101116 0.000609756 0.0139535 0.000184911 -0.00383387 -0.00585106 0.00139423 0.000570539 0.0012973 -0.000768049 0.00618182 0.0103448 0.00406504
internal_weight=1469 1433 1393 42 1351 312 281 1039 963 924 650 274 202 122
internal_count=1469 1433 1393 42 1351 312 281 1039 963 924 650 274 202 122
is_linear=0
shrinkage=0.05


Tree=64
num_leaves=15
num_cat=0
split_feature=6 2 2 6 6 2 2 2 6 6 2 3 6 7
split_gain=3.46339 2.87094 4.14644 5.30184 5.69515 6.85182 3.86152 3.60836 2.65802 5.87539 4.43841 7.5096 4.47188 4.46397
threshold=287.35750078183622 6444.8065000000006 7985.6630000000014 116.41530560585511 159.56052912081546 7441.2300000000005 7021.5850000000009 5994.7500000000009 189.26565168370936 183.43041353380798 9158.1150000000034 128.08297025610585 131.7512634858416 0.47995341720636736
decision_type=2 2 2 2 2 2 2 2 2 2 2 2 2 10
left_child=1 7 3 -3 -5 6 -6 -1 9 10 11 -4 -12 -14
right_child=-2 2 8 4 5 -7 -8 -9 -10 -11 12 -13 13 -15
leaf_value=-0.00097896051594554829 0.063202001969986141 -0.17118387838593452 -0.0086108848184800312 0.12140245441767504 0.083990763839242699 0.067620884594589994 -0.088830867675770406 -0.030503753978578053 0.010990642215325331 -0.30817491424429638 0.01456945108283076 0.21225706251249774 -0.027839893692339725 -0.11473382321393935
leaf_weight=827 40 20 25 51 27 34 33 56 139 20 77 21 62 37
leaf_count=827 40 20 25 51 27 34 33 56 139 20 77 21 62 37
internal_value=0.000306122 -0.000104895 0.00274223 0.00933735 0.0126712 0.00526316 -0.00491803 -0.00186652 -0.00013089 -0.00329218 -0.000896861 0.012766 -0.00451977 -0.0115
internal_weight=1469 1429 546 165 145 94 60 883 381 242 222 46 176 99
internal_count=1469 1429 546 165 145 94 60 883 381 242 222 46 176 99
is_linear=0
shrinkage=0.05


Tree=65
num_leaves=15
num_cat=0
split_feature=0 6 2 3 7 6 2 2 6 6 2 2 6 6
split_gain=2.8709 2.27264 2.32288 2.15627 6.36789 3.70554 2.45626 3.25738 4.78162 6.93927 4.3255 3.86152 3.16456 5.68524
threshold=38.605000000000011 287.35750078183622 6948.3415000000005 46.728116154335751 -4.3185774248485904 76.843044044200369 6444.8065000000006 7985.6630000000014 116.41530560585511 159.56052912081546 7441.2300000000005 7021.5850000000009 189.26565168370936 183.43041353380798
decision_type=2 2 2 2 10 2 2 2 2 2 2 2 2 2
left_child=-1 3 -3 4 -2 -6 -5 8 -8 -10 11 -11 13 -9
right_child=1 2 -4 6 5 -7 7 12 9 10 -12 -13 -14 -15
leaf_value=-0.0045098816806833641 0.10950942206463971 0.31117064209462042 0.0027308528078823393 -0.0028708921076831041 -0.013544608692144175 0.015160417672207821 -0.16262468446663783 -0.0017391192554056677 0.11533233169679127 0.07979122564728057 0.064239840364860495 -0.084389324291981871 0.010645456895860817 -0.29276616853208154
leaf_weight=36 22 20 20 758 30 38 20 222 51 27 34 33 138 20
leaf_count=36 22 20 20 758 30 38 20 222 51 27 34 33 138 20
internal_value=0.000238095 0.000592748 0.0121951 0.000251076 0.00769231 0 -0.000268405 0.00228938 0.00813253 0.0113014 0.00315789 -0.00491803 -0.000262467 -0.0037037
internal_weight=1469 1433 40 1393 90 68 1303 545 165 145 94 60 380 242
internal_count=1469 1433 40 1393 90 68 1303 545 165 145 94 60 380 242
is_linear=0
shrinkage=0.05


Tree=66
num_leaves=15
num_cat=0
split_feature=0 2 1 1 1 7 2 7 1 1 1 3 1 3
split_gain=2.81443 1.89405 4.02381 3.58838 3.34108 6.92329 4.16551 3.13917 1.83071 5.3541 1.94377 3.27061 1.84035 2.04405
threshold=38.605000000000011 953.34500000000014 1495.6750000000002 1098.5250000000003 2068.4750000000004 8.5652508453472453 1397.7450000000001 -1.635026143424241 2368.6600000000003 2485.2500000000005 2294.6950000000002 166.12622690511299 2982.5300000000002 112.71422423468682
decision_type=2 2 2 2 2 10 2 10 2 2 2 2 2 2
left_child=-1 2 3 -2 5 6 7 -3 10 -10 11 -6 -11 -14
right_child=1 4 -4 -5 8 -7 -8 -9 9 12 -12 -13 13 -15
leaf_value=-0.0042843875966491951 0.012164741791777529 0.0824817431056524 0.035479519517119432 -0.048302785628469687 -0.054779668678691266 0.027144308661555372 -0.057221999913797172 -0.0065559687156139081 -0.078598015993775652 0.020730335521531487 0.089169289966750109 0.29106872460727756 0.0031869771574601028 -0.0047919872380595002
leaf_weight=36 35 20 27 21 21 27 75 42 23 101 24 21 433 563
leaf_count=36 35 20 27 21 21 27 75 42 23 101 24 21 433 563
internal_value=0.000102041 0.000453278 0.0077381 0 0 -0.00666667 -0.0112319 -0.0015873 0.000926706 0.00044603 0.00895522 0.00232558 0.000956284 0.000300903
internal_weight=1469 1433 83 56 1350 164 137 62 1186 1120 66 42 1097 996
internal_count=1469 1433 83 56 1350 164 137 62 1186 1120 66 42 1097 996
is_linear=0
shrinkage=0.05


Tree=67
num_leaves=15
num_cat=0
split_feature=6 0 0 6 0 7 6 0 6 0 7 4 6 6
split_gain=3.30915 2.61939 2.37517 2.71821 1.74453 2.94377 4.18301 3.42857 2.9372 2.81209 4.02165 2.80385 6.59286 4.13397
threshold=298.28141587658195 38.605000000000011 304.09848375768519 231.66647833197058 204.31947867024365 -8.4745967916817033 196.51672392057458 229.16277826520826 230.33742563271883 191.66903412353869 4.5990944090746106 618.21000000000004 203.91191453340943 170.44456831331431
decision_type=2 2 2 2 2 10 2 2 2 2 10 10 2 2
left_child=1 -1 4 -4 9 6 7 -6 -8 -3 -11 12 13 -7
right_child=-2 2 3 -5 5 11 8 -9 -10 10 -12 -13 -14 -15
leaf_value=-0.0040701682168167363 0.051371987566091543 0.0004299895409417998 -0.44832972155315221 0.016788706934254473 0.23935922973035828 0.0043996043550026624 0.34121175914143093 -0.18231380399213265 0.04158479618302019 -0.47107145613568879 0.053854932842379882 -0.21944881212591449 -0.02410161902292305 0.11122448636250777
leaf_weight=36 30 1074 33 29 20 24 22 20 22 20 21 39 47 32
leaf_count=36 30 1074 33 29 20 24 22 20 22 20 21 39 47 32
internal_value=-3.40136e-05 -0.000381944 -3.56125e-05 -0.00952381 0.000409836 0.00440529 0.0117647 0 0.0222222 -0.000403226 -0.0130952 0 0.00432692 0.0157895
internal_weight=1469 1439 1403 62 1341 226 84 40 44 1115 41 142 103 56
internal_count=1469 1439 1403 62 1341 226 84 40 44 1115 41 142 103 56
is_linear=0
shrinkage=0.05


Tree=68
num_leaves=15
num_cat=0
split_feature=0 6 0 6 3 0 6 6 2 2 6 6 2 2
split_gain=2.73075 2.03106 2.37517 2.71821 2.31762 5.15349 4.41745 2.29652 1.92723 4.73925 1.92706 2.80546 4.25256 1.89209
threshold=38.605000000000011 298.28141587658195 304.09848375768519 231.66647833197058 188.79303835825175 219.96904636037351 188.88302485579052 227.48708431902847 11748.565000000001 13253.842000000002 203.91191453340943 215.28504985170073 10183.880000000001 6308.3300000000008
decision_type=2 2 2 2 2 2 2 2 2 2 2 2 2 2
left_child=-1 2 4 -4 7 -6 -7 8 13 -10 -8 -12 -13 -2
right_child=1 -3 3 -5 5 6 10 -9 9 -11 11 12 -14 -15
leaf_value=-0.0038666598059759003 -0.00083724070431748796 0.048803388187786956 -0.42591323547549459 0.015949271587541759 0.17657069443679099 -0.18560900766323998 0.10613084796453293 -0.039818642287136989 -0.35716649101211612 0.0020267175527333816 -0.022649186988439342 -0.048957748953679173 0.17620201411858638 0.014582496247465306
leaf_weight=36 755 30 33 29 34 36 38 33 30 35 22 38 21 299
leaf_count=36 755 30 33 29 34 36 38 33 30 35 22 38 21 299
internal_value=-0.000102041 0.000244073 -3.56125e-05 -0.00952381 0.000409836 0.00552632 0.00160256 -0.000433651 -4.46429e-05 -0.00833333 0.00625 0.00182927 0.0075 0.000473934
internal_weight=1469 1433 1403 62 1341 189 155 1152 1119 65 119 81 59 1054
internal_count=1469 1433 1403 62 1341 189 155 1152 1119 65 119 81 59 1054
is_linear=0
shrinkage=0.05


Tree=69
num_leaves=15
num_cat=0
split_feature=6 3 3 7 6 4 6 6 7 4 7 7 7 7
split_gain=2.12009 2.16669 2.58234 4.80029 3.41736 3.39299 4.64176 3.94577 4.27807 3.07475 3.00423 3.16574 2.64447 4.78576
threshold=298.28141587658195 273.96939548992634 188.79303835825175 -8.801203531763802 155.12878327231371 618.21000000000004 191.16478670949269 203.91191453340943 9.3372816164511239 825.95000000000016 0.80434149419877532 -2.1847645858983209 12.802152586572463 18.751694502129244
decision_type=2 2 2 8 2 8 2 2 8 8 8 10 8 10
left_child=1 2 9 -4 -5 7 -7 -6 -9 12 11 -11 -1 -14
right_child=-2 -3 3 4 5 6 -8 8 -10 10 -12 -13 13 -15
leaf_value=-0.0014411963053021005 0.046363218778397608 -0.1509364113642796 0.18435690549726877 0.073197998329130584 0.041724785484717059 -0.56254409278006789 -0.001444963823431733 -0.15051856796881069 0.11348422643122791 0.010416075175555588 0.0031836454466112052 0.040110249361496805 -0.11554494050559955 -0.0081383825496631722
leaf_weight=654 30 44 28 21 33 20 44 27 22 42 354 20 52 78
leaf_count=654 30 44 28 21 33 20 44 27 22 42 354 20 52 78
internal_value=-3.40136e-05 -0.0003125 3.58166e-05 0.00535714 0.00208333 -0.000680272 -0.00923077 0.0060241 -0.003 -0.000832639 0.00263789 0.0126984 -0.00267516 -0.00916031
internal_weight=1469 1439 1395 195 167 146 64 82 49 1200 416 62 784 130
internal_count=1469 1439 1395 195 167 146 64 82 49 1200 416 62 784 130
is_linear=0
shrinkage=0.05


Tree=70
num_leaves=15
num_cat=0
split_feature=0 0 2 4 4 7 0 3 2 2 2 7 2 4
split_gain=2.12009 1.81649 1.88865 2.04952 2.3166 2.52854 3.5468 1.99555 5.37128 8.06515 6.1519 4.04707 4.07624 2.28022
threshold=32.924709631785383 374.63000000000005 11748.565000000001 424.42235294117654 548.90500000000009 19.784798349088273 178.10889604512565 195.55424554711433 8350.6950000000015 7441.2300000000005 9496.6750000000011 -2.9983395432631563 6024.1975000000011 825.95000000000016
decision_type=2 2 2 8 8 8 2 2 2 2 2 10 2 8
left_child=-1 2 7 -4 -5 6 -6 13 9 11 -10 -9 -13 -2
right_child=1 -3 3 4 5 -7 -8 8 10 -11 -12 12 -14 -15
leaf_value=-0.0038680837754326461 -0.001457092088389178 -0.19976493366399445 0.020718985292789469 -0.23806372057747743 -0.052369656964034929 -0.18476551307850547 0.039638546210481199 0.24080931078018031 -0.24324494050364673 0.1859352452961458 0.028590470614828202 0.067246601328348463 -0.27067078466161193 0.008263057579103129
leaf_weight=30 746 20 20 22 22 39 37 35 22 22 29 23 23 379
leaf_count=30 746 20 20 22 22 39 37 35 22 22 29 23 23 379
internal_value=3.40136e-05 0.0003125 0.000528169 -0.00496454 -0.00743802 -0.0040404 0.0025 0.00113281 0.00645161 0.0129808 -0.00673077 0.0054878 -0.00425532 0.000399645
internal_weight=1469 1439 1419 140 120 98 59 1279 154 103 51 81 46 1125
internal_count=1469 1439 1419 140 120 98 59 1279 154 103 51 81 46 1125
is_linear=0
shrinkage=0.05


Tree=71
num_leaves=15
num_cat=0
split_feature=6 7 7 2 7 6 0 6 0 7 0 0 0 2
split_gain=3.11709 2.65529 4.22587 2.85795 2.56236 5.74131 2.35917 2.24151 1.70347 3.5555 2.1843 5.42496 4.31476 5.44475
threshold=298.28141587658195 38.689719545555143 29.101130993991273 6418.5230000000001 12.802152586572463 131.7512634858416 32.924709631785383 269.71879561932559 169.32734950567814 -32.937922409915224 122.94626174366726 112.96446153822005 144.70256566248392 3943.6200000000003
decision_type=2 10 10 2 10 2 2 2 2 8 2 2 2 2
left_child=1 2 4 -3 6 -6 -1 8 9 -8 11 -11 13 -12
right_child=-2 3 -4 -5 5 -7 7 -9 -10 10 12 -13 -14 -15
leaf_value=-0.0036746795866610146 0.043018948411573082 0.00021139156478029998 0.069764231659633011 -0.45456653510837486 0.0054195365778053565 -0.049986845288683884 -0.16283152517709493 -0.16445051993799492 0.011783052358780933 0.00013075891416606256 0.0076644689164054652 0.055462993976835177 0.023515322837262511 -0.097009246709562055
leaf_weight=30 30 21 32 26 27 83 23 25 323 493 49 70 136 101
leaf_count=30 30 21 32 26 27 83 23 25 323 493 49 70 136 101
internal_value=0.000442177 0.000104167 0.000502513 -0.0114583 7.34754e-05 -0.00720721 0.000719424 0.0010647 0.0013796 0.000229095 0.000764706 0.00257092 -0.00278746 -0.00860927
internal_weight=1469 1439 1392 47 1360 110 1250 1220 1195 872 849 563 286 150
internal_count=1469 1439 1392 47 1360 110 1250 1220 1195 872 849 563 286 150
is_linear=0
shrinkage=0.05


Tree=72
num_leaves=15
num_cat=0
split_feature=6 0 4 2 4 4 0 0 0 7 4 4 4 4
split_gain=3.09011 2.16701 1.65273 3.0395 2.83846 2.08709 1.54975 1.96269 2.84907 4.02165 2.81933 4.99181 5.77812 5.64686
threshold=298.28141587658195 32.924709631785383 967.77500000000009 6220.4350000000004 926.08500000000015 903.90166666666653 307.54057270272295 204.31947867024365 191.66903412353869 4.5990944090746106 649.3900000000001 618.21000000000004 593.36500000000012 494.65500000000003
decision_type=2 2 10 2 10 10 2 2 2 10 10 10 10 10
left_child=1 -1 4 -4 5 6 7 8 -3 -10 11 12 13 -9
right_child=-2 2 3 -5 -6 -7 -8 10 9 -11 -12 -13 -14 -15
leaf_value=-0.003490945607327961 0.040868000990994434 7.1145802800158528e-05 -0.0019779155467210432 0.061783981743643995 -0.022817797748952408 0.0057598632731586108 -0.13614958476656472 0.017510528787891787 -0.4482292781903609 0.066521490637668684 0.2650919705209161 -0.1789065771957343 0.086451184186681046 -0.037691599537282378
leaf_weight=30 30 972 25 20 36 28 57 124 20 21 27 23 21 35
leaf_count=30 30 972 25 20 36 28 57 124 20 21 27 23 21 35
internal_value=0.000510204 0.000173611 0.000460993 0.00978261 0.00014652 0.000526712 0.000230592 0.000602894 -0.000345168 -0.0130952 0.0047619 0.00269608 0.00552486 0.0021875
internal_weight=1469 1439 1409 45 1364 1328 1300 1243 1013 41 230 203 180 159
internal_count=1469 1439 1409 45 1364 1328 1300 1243 1013 41 230 203 180 159
is_linear=0
shrinkage=0.05


Tree=73
num_leaves=15
num_cat=0
split_feature=6 7 7 7 6 3 3 3 8 4 4 4 6 6
split_gain=1.94548 1.83725 4.19162 2.61429 5.74131 2.31557 1.99808 1.76489 1.89964 4.58517 8.91479 4.45961 6.85595 3.71292
threshold=298.28141587658195 38.689719545555143 29.101130993991273 12.802152586572463 131.7512634858416 293.2257724892998 176.96917898242245 183.10113946519905 1.5000000000000002 427.14500000000004 611.0250000000002 896.08000000000004 139.31384184165816 185.08622512491374
decision_type=2 10 10 10 2 2 2 2 2 10 10 10 2 2
left_child=1 2 3 5 -5 7 -6 8 13 -10 -11 12 -12 -1
right_child=-2 -3 -4 4 6 -7 -8 -9 9 10 11 -13 -14 -15
leaf_value=9.3386517320886991e-05 0.038824600941444715 -0.23528444511250718 0.069677981050745477 0.005247455526251138 -0.1515172400028611 -0.32084415308144049 -0.0053326252193973602 0.015554234589376971 -0.0023751649048056492 0.50301703182963675 -0.020301678554994207 0.069682217741393909 0.04867177696580776 -0.083251766937549723
leaf_weight=581 30 47 32 27 53 23 30 172 268 29 39 22 20 96
leaf_count=581 30 47 32 27 53 23 30 172 268 29 39 22 20 96
internal_value=0.000510204 0.000243056 0.0005743 0.000146951 -0.00720721 0.000799361 -0.0136905 0.00109935 0.000331439 0.00316623 0.0117117 0.00304878 -0.00416667 -0.00125369
internal_weight=1469 1439 1392 1360 110 1250 83 1227 1055 378 110 81 59 677
internal_count=1469 1439 1392 1360 110 1250 83 1227 1055 378 110 81 59 677
is_linear=0
shrinkage=0.05


Tree=74
num_leaves=15
num_cat=0
split_feature=0 4 1 4 7 7 7 4 3 3 7 7 0 7
split_gain=2.21011 1.60605 3.45471 1.85832 4.09466 7.32388 5.24714 3.43611 3.84134 4.2333 3.06631 3.53357 2.4142 2.26713
threshold=32.924709631785383 967.77500000000009 5006.0650000000005 331.97029411764714 3.2524522884765052 -1.1297560239547477 -7.830452501214352 341.00500000000005 58.034857255429529 70.756256934394997 -41.860271339975981 -22.214310501880906 242.96095878218759 1.3357237194285008
decision_type=2 10 2 10 10 10 10 10 2 2 8 8 2 10
left_child=-1 3 -3 4 5 6 -2 -5 -9 13 -11 -12 -6 -10
right_child=1 2 -4 7 12 -7 -8 8 9 10 11 -13 -14 -15
leaf_value=-0.0032142760737699327 0.021778150626979534 -0.0020447808849479222 0.090547250884131653 -0.0322892315079438 0.097194725730135198 -0.027585611709201235 0.043270697833733926 0.012925973576303951 -0.079652425004351546 0.12927788203387167 -0.15739225647404848 -0.00068774266447980687 0.019486055315298619 -0.014504761827001368
leaf_weight=30 310 22 23 26 32 37 25 78 20 22 36 762 26 20
leaf_count=30 310 22 23 26 32 37 25 78 20 22 36 762 26 20
internal_value=0.000306122 0.000590278 0.00978261 0.000286738 0.00301624 0.00107239 0.00342262 -0.000932642 -0.000425985 -0.00139373 -0.000609013 -0.00112641 0.0152542 -0.0170732
internal_weight=1469 1439 45 1394 430 372 335 964 938 860 820 798 58 40
internal_count=1469 1439 45 1394 430 372 335 964 938 860 820 798 58 40
is_linear=0
shrinkage=0.05


Tree=75
num_leaves=15
num_cat=0
split_feature=0 6 2 1 1 6 1 4 2 1 2 1 2 0
split_gain=2.8709 1.92067 1.72688 4.27645 3.3978 3.96174 4.97307 3.81408 3.31473 3.29966 2.20021 2.69593 3.51849 2.78251
threshold=38.605000000000011 298.28141587658195 953.34500000000014 1495.6750000000002 2260.2710000000002 69.55825957253326 1435.0365000000002 714.37000000000012 2576.0450000000005 1098.5250000000003 11748.565000000001 5623.8925000000008 13034.240000000003 242.96095878218759
decision_type=2 2 2 2 2 2 2 8 2 2 2 2 2 2
left_child=-1 2 3 9 5 -4 7 -7 -8 -2 -6 -12 -13 -14
right_child=1 -3 4 -5 10 6 8 -9 -10 -11 11 12 13 -15
leaf_value=-0.0023939437706769068 0.012035265960780042 0.037146147916396581 0.0043068027104517263 0.033077588692266173 0.0030554817391921008 0.04218903265349893 -0.052733922885450715 -0.060841829778693679 -0.02107768310844076 -0.045823565807160321 0.040076816629396862 -0.31045140182105979 0.011946706307685229 -0.0691274495880808
leaf_weight=36 32 30 20 27 989 49 58 28 35 21 21 35 57 31
leaf_count=36 32 30 20 27 989 49 58 28 35 21 21 35 57 31
internal_value=0.000238095 0.000592748 0.000320513 0.00740741 -0.000113293 -0.00628272 -0.00877193 0.000641026 -0.0164894 -0.000925926 0.000925926 -0.00482759 -0.00766129 -0.00224719
internal_weight=1469 1433 1403 80 1323 190 170 77 93 53 1133 144 123 88
internal_count=1469 1433 1403 80 1323 190 170 77 93 53 1133 144 123 88
is_linear=0
shrinkage=0.05


Tree=76
num_leaves=15
num_cat=0
split_feature=0 4 6 4 2 2 2 2 6 4 1 6 1 2
split_gain=2.8709 2.03372 4.31907 3.76701 3.47737 3.74246 2.65972 4.21345 2.18387 1.81339 4.56516 2.6515 2.55542 2.14886
threshold=38.605000000000011 331.97029411764714 287.35750078183622 341.00500000000005 1709.3600000000004 2765.5915000000005 4300.6800000000012 9496.6750000000011 269.71879561932559 410.39000000000004 4089.9100000000003 166.24936973569427 1022.6465000000001 11748.565000000001
decision_type=2 8 2 8 2 2 2 2 2 8 2 2 2 2
left_child=-1 2 4 -3 -2 -6 -7 -8 9 10 -5 -12 -11 -14
right_child=1 3 -4 8 5 6 7 -9 -10 12 11 -13 13 -15
leaf_value=-0.0022742465821430609 0.093649696487977149 -0.031679810673936333 0.18217312063792479 -0.09434451403601557 -0.028413868329849226 0.058036393438534464 -0.028300716831710312 0.035748810785437145 -0.13311397461067886 0.04994336319136692 0.0072574708573627141 0.073760447799052831 0.00099723207519543107 -0.031298445864496885
leaf_weight=36 21 26 22 27 23 20 31 27 23 31 29 27 1004 122
leaf_count=36 21 26 22 27 23 20 31 27 23 31 29 27 1004 122
internal_value=0.000238095 0.000592748 0.0062069 -3.87597e-05 0.00243902 -0.00147059 0.00379747 -0.00169492 0.000356013 0.000644641 0.0077381 0.0157895 0.000129534 -0.000266193
internal_weight=1469 1433 144 1289 122 101 78 58 1263 1240 83 56 1157 1126
internal_count=1469 1433 144 1289 122 101 78 58 1263 1240 83 56 1157 1126
is_linear=0
shrinkage=0.05


Tree=77
num_leaves=15
num_cat=0
split_feature=0 6 2 6 6 0 6 0 2 0 6 4 4 3
split_gain=2.75851 1.50521 3.39141 1.74923 3.0127 2.00249 4.925 3.23774 4.30068 4.29281 3.31943 3.03158 2.05174 3.53455
threshold=38.605000000000011 287.35750078183622 6948.3415000000005 269.71879561932559 250.98244478577615 249.94588830189008 187.40229408148025 197.55163591670637 6146.317500000001 191.66903412353869 208.34764101431017 519.49000000000012 761.25500000000022 161.15029956876353
decision_type=2 2 2 2 2 2 2 2 2 2 2 8 8 2
left_child=-1 3 -3 4 5 7 -7 9 -9 12 -10 -8 -2 -14
right_child=1 2 -4 -5 -6 6 11 8 10 -11 -12 -13 13 -15
leaf_value=-0.002160534253035909 -0.0021870731766147865 0.26987574221737171 -0.00163110472839504 -0.12774447910838613 0.10894175688878008 -0.47166137560022658 0.043297840247088937 0.17183066026562038 0.019359343336284585 -0.36680515365979782 -0.028465095862234915 -0.054174456199663462 0.0028531742629549941 0.16683564665353742
leaf_weight=36 612 20 20 20 20 28 44 34 79 22 31 49 432 22
leaf_count=36 612 20 20 20 20 28 44 34 79 22 31 49 432 22
internal_value=-3.40136e-05 0.000313808 0.0097561 3.5868e-05 0.000254731 -3.69276e-05 -0.00614754 0.000567721 0.00758621 -0.000367309 0.0027027 -0.000531915 9.37207e-05 0.00263736
internal_weight=1469 1433 40 1393 1373 1353 121 1232 144 1088 110 93 1066 454
internal_count=1469 1433 40 1393 1373 1353 121 1232 144 1088 110 93 1066 454
is_linear=0
shrinkage=0.05


Tree=78
num_leaves=15
num_cat=0
split_feature=0 7 7 7 2 1 6 1 2 3 3 6 6 4
split_gain=2.81443 1.88407 4.56063 3.77304 6.84824 5.8262 3.48063 3.90226 9.89755 4.77344 3.89008 3.55201 3.77288 5.37042
threshold=38.605000000000011 -0.84305986674137745 -0.33734789276833149 -4.6811170157939577 5838.2700000000013 2397.7350000000001 133.33464103796459 8611.6250000000018 5084.5950000000003 109.71307159332875 85.577003579349892 138.44905569048538 144.20377208719984 448.45500000000004
decision_type=2 10 10 10 2 2 2 2 2 2 2 2 2 10
left_child=-1 3 -3 -2 5 -5 7 8 10 -10 -4 -8 -13 -14
right_child=1 2 6 4 -6 -7 11 -9 9 -11 -12 12 13 -15
leaf_value=-0.0020525075403841145 0.0021254332386456604 -0.08826027655735208 0.0042389859591634221 0.081164840716264841 0.051112145987139146 -0.013723754637379649 -0.11192866797769835 -0.0030799802856239429 0.046816348507990879 0.04951505761941899 -0.014441025506525075 0.089076565322409026 0.013560824515902809 -0.014989206608831627
leaf_weight=36 558 28 100 24 43 43 25 55 25 34 72 29 125 272
leaf_count=36 558 28 100 24 43 43 25 55 25 34 72 29 125 272
internal_value=0.000102041 0.000453278 -0.00124021 0.00239163 0.0108108 0.000735294 -0.000474255 0.00383275 0.00668103 0.0241667 0.000578035 -0.00320796 -0.00210773 -0.00339196
internal_weight=1469 1433 765 668 110 67 737 286 231 59 172 451 426 397
internal_count=1469 1433 765 668 110 67 737 286 231 59 172 451 426 397
is_linear=0
shrinkage=0.05


Tree=79
num_leaves=15
num_cat=0
split_feature=3 7 3 7 2 6 2 2 6 6 8 2 2 6
split_gain=2.48288 3.46385 1.79661 3.08321 2.87321 3.90199 3.5755 5.91068 2.91978 2.80954 2.71511 5.24082 3.91444 5.50462
threshold=34.017419183778195 0.61064181310066357 188.79303835825175 -0.84305986674137745 13544.000000000002 219.26746586945595 6888.5650000000014 8350.6950000000015 250.98244478577615 125.23444001911626 1.5000000000000002 9410.4425000000028 6444.8065000000006 135.07241178639737
decision_type=2 10 2 8 2 2 2 2 2 2 2 2 2 2
left_child=1 -1 9 -4 5 6 -5 -8 -7 -2 -11 12 13 -12
right_child=2 -3 3 4 -6 8 7 -9 -10 10 11 -13 -14 -15
leaf_value=0.0018303471239069864 0.0028465777100368187 -0.012495510643773845 0.031707062220444192 -0.0024847385132039435 -0.26287351116022678 -0.13292116581536836 0.31145473109801403 0.017065533635998869 0.0036668321474814971 -0.0067615744025931908 -0.024877580547414103 -0.12789703388083837 0.2914916659074282 0.024522025563363938
leaf_weight=41 416 37 68 27 28 33 20 48 41 450 27 38 56 139
leaf_count=41 416 37 68 27 28 33 20 48 41 450 27 38 56 139
internal_value=-0.000238095 -0.00886076 0.000251437 0.00394737 0.000757576 0.00323529 0.00989583 0.015942 -0.00533333 -0.000621118 -0.00253165 0.00153257 0.0044843 0.000598802
internal_weight=1469 78 1391 265 197 169 95 68 74 1126 710 260 222 166
internal_count=1469 78 1391 265 197 169 95 68 74 1126 710 260 222 166
is_linear=0
shrinkage=0.05


Tree=80
num_leaves=15
num_cat=0
split_feature=3 0 6 4 7 7 6 4 7 6 7 4 4 1
split_gain=2.77381 3.42981 4.83551 2.92697 2.8448 3.03553 2.73102 4.96006 2.56667 2.55001 2.46568 2.4573 2.6414 2.44371
threshold=192.3666164697577 219.96904636037351 187.40229408148025 825.95000000000016 -2.9983395432631563 4.5201709807455765 217.88727910358242 357.7050000000001 1.5397259707193387 135.72925000000001 2.3281226062574309 794.40166666666676 761.25500000000022 1435.0365000000002
decision_type=2 2 2 8 8 8 2 8 8 2 8 10 10 2
left_child=3 -2 -3 11 -4 -6 -7 -8 9 -5 -10 12 13 -1
right_child=1 2 4 8 5 6 7 -9 10 -11 -12 -13 -14 -15
leaf_value=0.009211249083198576 0.196389340878453 -0.15983203665170911 0.040865097878273672 0.026150609485660184 -0.12521092358635885 0.084636002239366584 0.030961854319812521 -0.11922635238591324 -0.021945024082585675 -0.043804709549088654 0.0043251831582958649 -0.030102564083454599 0.010471603873762792 -0.0035943960433533432
leaf_weight=64 28 43 38 56 31 54 20 41 21 20 323 33 38 659
leaf_count=64 28 43 38 56 31 54 20 41 21 20 323 33 38 659
internal_value=-0.000238095 0.00449219 0.00241228 -0.00123457 0.00594595 0.00272109 0.00646552 -0.000806452 0.00213777 0.0103896 0.000289855 -0.00301887 -0.00242782 -0.00310773
internal_weight=1469 255 227 1214 184 146 115 61 420 76 344 794 761 723
internal_count=1469 255 227 1214 184 146 115 61 420 76 344 794 761 723
is_linear=0
shrinkage=0.05


Tree=81
num_leaves=15
num_cat=0
split_feature=3 1 7 4 1 2 7 0 1 1 2 1 4 7
split_gain=2.19076 4.37662 4.88679 3.49322 3.04244 2.80682 2.79389 2.65521 2.4949 4.78607 3.52413 2.37886 3.43978 2.37863
threshold=204.61026134758544 5916.5749999999998 -0.17627563574640701 761.25500000000022 1495.6750000000002 953.34500000000014 4.7200169613198719 242.96095878218759 1495.6750000000002 2294.6950000000002 1239.8900000000001 4167.2600000000011 480.04500000000002 1.6401945863701004
decision_type=2 2 8 8 2 2 10 2 2 2 2 2 10 8
left_child=3 2 -2 7 -5 -6 -4 8 10 -10 13 12 -8 -1
right_child=1 -3 6 4 5 -7 11 -9 9 -11 -12 -13 -14 -15
leaf_value=0.005800254925412765 0.091744830937142058 -0.15102075040598312 -0.13257600496407657 -0.044724715786098837 0.028955043726220042 0.0037431949755428796 0.037939118652424747 -0.17659500772440731 -0.032041022789660034 -0.001767802401597582 0.094384898105120518 0.30934589299707005 -0.025534114602850669 -0.020668001720247353
leaf_weight=20 41 32 60 60 24 419 29 31 43 622 25 20 23 20
leaf_count=20 41 32 60 60 24 419 29 31 43 622 25 20 23 20
internal_value=-0.000170068 0.00461165 0.00775862 -0.000948617 0.00228175 0.00371622 0.00300752 -0.00308399 -0.00246238 -0.00337838 0.00681818 0.00958904 0.00377358 -0.00243902
internal_weight=1469 205 173 1264 503 443 132 761 730 665 65 72 52 40
internal_count=1469 205 173 1264 503 443 132 761 730 665 65 72 52 40
is_linear=0
shrinkage=0.05


Tree=82
num_leaves=15
num_cat=0
split_feature=6 1 1 1 6 4 1 1 1 0 6 6 0 4
split_gain=3.4214 1.92539 4.12764 4.27399 5.25159 3.97885 3.16075 3.65693 3.00078 2.7193 5.73144 4.85556 5.19117 4.83599
threshold=298.28141587658195 2485.2500000000005 2368.6600000000003 2260.2710000000002 66.643298962090384 893.38000000000022 2982.5300000000002 2869.5600000000004 3038.6300000000006 89.086500000000015 134.6353821146275 171.96309772705803 117.15007294198773 598.51382352941187
decision_type=2 2 2 2 2 10 2 2 2 2 2 2 2 8
left_child=1 2 3 4 -1 -6 7 -3 -8 -10 -11 13 -13 -12
right_child=-2 6 -4 -5 5 -7 8 -9 9 10 11 12 -14 -15
leaf_value=0.034510209754120572 0.035549809711883609 0.0079654281212915845 -0.073764528907997826 0.087211345175395305 -0.014031651599411311 0.013682258176724594 -0.054524644122864445 0.045163651314977286 -0.0028449130944222748 0.01490687808080683 -0.10294467000121453 0.18033043175645008 0.0030650099465529992 -0.0018678397980336605
leaf_weight=27 30 71 21 27 219 22 25 33 193 198 107 35 288 173
leaf_count=27 30 71 21 27 219 22 25 33 193 198 107 35 288 173
internal_value=-0.000306122 -0.000659722 -0.00410095 -0.00253378 -0.00446097 -0.00681818 0.000311388 0.00857143 -0.000539216 -0.000100503 0.00118454 -0.00124172 0.0029321 -0.00604982
internal_weight=1469 1439 316 295 268 241 1123 104 1019 994 801 603 323 280
internal_count=1469 1439 316 295 268 241 1123 104 1019 994 801 603 323 280
is_linear=0
shrinkage=0.05


Tree=83
num_leaves=15
num_cat=0
split_feature=0 4 4 1 1 6 4 4 4 2 2 1 2 2
split_gain=2.05376 2.43868 5.70871 2.45529 5.45198 4.95323 4.26136 3.5691 6.31321 4.26946 3.17503 4.25598 2.69205 2.6367
threshold=32.924709631785383 502.55000000000001 548.90500000000009 4395.6195000000007 3891.1085000000003 99.856448269911297 448.45500000000004 327.51500000000004 419.12500000000006 6794.9040000000014 1317.7275000000002 2068.4750000000004 3661.6850000000004 13381.010000000002
decision_type=2 10 10 2 2 2 8 8 8 2 2 2 2 2
left_child=-1 3 -3 4 7 -5 -6 -2 12 10 -10 -12 -9 -7
right_child=1 2 -4 5 6 13 -8 8 9 -11 11 -13 -14 -15
leaf_value=-0.0017591050487682392 0.035643891313738907 -0.13772416325090894 -0.00054627649505473164 -0.011239952408996546 -0.12236399633525315 0.029446409347332104 -0.52630684262132776 -0.17710727032844908 0.22708754879202819 0.2364091831082038 -0.35689136262908289 0.0059023856641133854 -0.0094256720811331032 -0.0093132725282011105
leaf_weight=30 75 43 719 61 23 223 20 21 29 23 25 107 35 35
leaf_count=30 75 43 719 61 23 223 20 21 29 23 25 107 35 35
internal_value=-0.000170068 0.000104167 -0.00183486 0.00228614 -0.000557103 0.00546875 -0.0170455 0.00174051 -0.00124481 0.00324324 0.000308642 -0.00300752 -0.0157895 0.00849421
internal_weight=1469 1439 762 677 358 319 43 315 240 184 161 132 56 258
internal_count=1469 1439 762 677 358 319 43 315 240 184 161 132 56 258
is_linear=0
shrinkage=0.05


Tree=84
num_leaves=15
num_cat=0
split_feature=4 6 6 6 6 3 0 3 0 1 0 3 0 0
split_gain=2.16981 4.73277 4.60317 3.12205 2.9517 6.37593 3.80682 3.02738 3.74511 2.97917 2.9211 2.66944 2.83586 2.41123
threshold=325.07068393896151 247.13302143183805 247.13302143183805 212.25270693003424 98.505629590393951 108.63216385435963 100.45989810793745 131.1092999802112 189.69178375038814 3735.3775000000005 85.42153303294215 200.16687481663931 244.08278791235992 133.20707679739235
decision_type=10 2 2 2 2 2 2 2 2 2 2 2 2 2
left_child=2 11 3 4 -1 6 10 13 9 -9 -6 -2 -13 -7
right_child=1 -3 -4 -5 5 7 -8 8 -10 -11 -12 12 -14 -15
leaf_value=-0.0044878085013813551 -0.00097425545276975673 -0.14259472770447221 0.12723884940085309 -0.044455953361727578 0.10244851276405141 0.095916788061729097 0.22998892813100405 -0.0026644945199237216 -0.21469714514269145 0.28909014336155847 -0.060366726673903595 0.068278865810381589 0.0021947561682146566 -0.15398881962777927
leaf_weight=118 875 36 54 31 21 22 43 22 48 25 34 35 82 23
leaf_count=118 875 36 54 31 21 22 43 22 48 25 34 35 82 23
internal_value=-0.000102041 -0.00136054 0.00282805 0.000902062 0.0022409 0.00543933 0.0151515 -0.00141844 0.00364583 0.0135417 0.00625 -0.000704935 0.00635593 -0.0119565
internal_weight=1469 1028 441 387 356 238 98 140 95 47 55 992 117 45
internal_count=1469 1028 441 387 356 238 98 140 95 47 55 992 117 45
is_linear=0
shrinkage=0.05


Tree=85
num_leaves=15
num_cat=0
split_feature=3 7 4 4 7 7 6 6 2 2 2 2 7 2
split_gain=2.27518 3.08194 2.67341 4.2682 3.70326 4.02257 2.38263 4.60111 2.32287 3.147 4.80429 4.37698 3.78662 2.85116
threshold=188.79303835825175 -17.397939896647987 735.48666666666679 718.2803333333336 -14.648695436381898 -7.830452501214352 154.75818748100832 189.26565168370936 10412.955000000002 4760.7600000000011 5218.6000000000013 4179.7150000000011 1.7751644574621326 8739.0605000000014
decision_type=2 8 8 10 8 8 2 2 2 2 2 2 10 2
left_child=2 -2 3 -1 -4 -6 -3 -8 9 11 -11 -7 13 -12
right_child=1 6 4 -5 5 8 7 -9 -10 10 12 -13 -14 -15
leaf_value=-0.001829559895069613 0.15015337121282271 0.11440692639817583 -0.14059740342239166 -0.010014256148472173 0.11882256978314359 0.00070449180493318837 -0.23037228826397055 0.0061947301114032988 -0.018172055444803582 0.11002729518881751 0.074579032832524469 -0.09863895253900741 -0.0045742899353618969 0.21905828727033586
leaf_weight=653 27 22 20 29 20 242 40 176 38 21 84 27 43 27
leaf_count=653 27 22 20 29 20 242 40 176 38 21 84 27 43 27
internal_value=-0.000238095 0.00394737 -0.00116183 -0.00322108 0.00152964 0.00238569 0.00209205 0.000460829 0.00144928 0.00247191 0.00767045 -0.000925926 0.00451613 0.009375
internal_weight=1469 265 1204 682 522 502 238 216 482 444 175 269 154 111
internal_count=1469 265 1204 682 522 502 238 216 482 444 175 269 154 111
is_linear=0
shrinkage=0.05


Tree=86
num_leaves=15
num_cat=0
split_feature=3 1 1 1 3 4 1 4 4 1 1 1 1 3
split_gain=1.92068 2.78784 4.76797 6.75416 3.12331 2.57853 4.17122 2.48545 2.97032 3.48765 4.60956 2.56223 2.73999 2.26164
threshold=194.43976338667974 1885.7 3005.0035000000003 3335.1750000000006 233.21832234627394 427.14500000000004 5623.8925000000008 735.48666666666679 718.2803333333336 1435.0365000000002 2413.7150000000006 1495.6750000000002 2397.7350000000001 61.885309584950981
decision_type=2 2 2 2 2 10 2 8 10 2 2 2 2 2
left_child=7 -2 -3 -4 5 -5 -7 8 9 -1 -11 -9 -13 -14
right_child=1 2 3 4 -6 6 -8 11 -10 10 -12 12 13 -15
leaf_value=0.013866743860195452 -0.22692961011773216 0.065732863442781397 -0.22679593981964868 -0.045316024013328772 -0.080529017940656464 0.10780278983175121 -0.063734047412633318 -0.040109961801353046 -0.0095135433410485637 -0.034685121790064312 -0.0016069432159872778 0.0062209621784441249 -0.005672955698312632 0.0072850636793101893
leaf_weight=57 24 69 21 27 49 33 22 64 29 60 551 78 38 347
leaf_count=57 24 69 21 27 49 33 22 64 29 60 551 78 38 347
internal_value=-0.000170068 0.00386179 0.00563063 0.000653595 0.00492424 0.0108434 0.0169643 -0.000979592 -0.00293696 -0.00224215 -0.00334967 0.00160985 0.00290948 0.0011658
internal_weight=1469 245 221 152 131 82 55 1224 697 668 611 527 463 385
internal_count=1469 245 221 152 131 82 55 1224 697 668 611 527 463 385
is_linear=0
shrinkage=0.05


Tree=87
num_leaves=15
num_cat=0
split_feature=6 0 0 0 1 6 1 4 0 4 4 2 0 0
split_gain=2.05376 1.41633 2.34482 4.81922 3.00302 3.26538 2.78152 4.08062 4.77641 2.70672 3.99953 3.20423 3.30944 3.44436
threshold=298.28141587658195 307.54057270272295 197.55163591670637 191.66903412353869 3104.8650000000002 225.18503248672494 4167.2600000000011 405.13000000000005 258.03606572730814 682.74500000000023 692.66500000000019 10412.955000000002 177.58197670962053 125.53782910009635
decision_type=2 2 2 2 2 2 2 10 2 8 8 2 2 2
left_child=1 2 3 9 5 -4 -6 -8 -9 -1 -11 12 13 -12
right_child=-2 -3 4 -5 6 -7 7 8 -10 10 11 -13 -14 -15
leaf_value=-0.0021689701779947501 0.037776959537860456 -0.12446036527834048 0.091022681993796706 -0.30264452879951292 -0.083148123323060263 -0.018826929477071666 0.35205100413403995 0.033039069098213393 -0.12213450586477091 0.054728899223799823 0.0019260076621202549 -0.018006484593612562 0.083663635229646385 -0.01095265485757615
leaf_weight=500 30 57 43 23 57 21 34 73 21 25 367 49 24 145
leaf_count=500 30 57 43 23 57 21 34 73 21 25 367 49 24 145
internal_value=0.000170068 -0.000104167 0.00021692 -0.000749559 0.0046 0.0138462 0.00134409 0.00542636 0 -0.000270027 0.00196399 0.00110922 0.00223464 0.00136452
internal_weight=1469 1439 1382 1133 249 64 185 128 94 1110 610 585 536 512
internal_count=1469 1439 1382 1133 249 64 185 128 94 1110 610 585 536 512
is_linear=0
shrinkage=0.05


Tree=88
num_leaves=15
num_cat=0
split_feature=7 2 2 1 7 0 1 7 7 4 1 0 2 7
split_gain=2.19008 3.61283 3.48579 5.70661 3.71352 3.53819 3.56145 3.12195 3.01051 2.25198 2.34903 3.65714 2.16445 3.4369
threshold=1.6401945863701004 1317.7275000000002 1317.7275000000002 1939.8400000000004 1.1141055494729672 96.999755669072144 1164.9750000000001 3.0078532358032324 0.61064181310066357 301.63500000000005 8502.7950000000001 99.789617982806092 2533.6500000000001 7.4887558159252317
decision_type=10 2 2 2 10 2 2 10 10 10 2 2 2 10
left_child=2 7 5 -4 8 6 -1 -2 -5 -3 12 -12 13 -11
right_child=1 9 3 4 -6 -7 -8 -9 -10 10 11 -13 -14 -15
leaf_value=-0.072044717934583904 -0.038759689515089131 0.043664274959227554 -0.097773981091499471 0.0014895120433620957 0.039499082216807938 0.031118586915114155 0.011214154290622724 -0.00094268012468185511 -0.017655195123686879 -0.00064393832489844098 0.0040709049379853493 -0.081043355889764551 -0.0032634809689362277 0.083103582398498049
leaf_weight=22 24 40 53 653 29 31 58 33 36 39 24 20 387 20
leaf_count=22 24 40 53 653 29 31 58 33 36 39 24 20 387 20
internal_value=-0.000442177 -0.00280612 0.0011325 -6.47668e-05 0.00111266 0.009375 0.0037037 -0.0146552 0.000362319 -0.00150659 -0.00244399 -0.0133333 -0.00134228 0.0075
internal_weight=1469 587 882 771 718 111 80 57 689 530 490 44 446 59
internal_count=1469 587 882 771 718 111 80 57 689 530 490 44 446 59
is_linear=0
shrinkage=0.05


Tree=89
num_leaves=15
num_cat=0
split_feature=6 2 1 4 6 6 4 4 3 4 6 4 3 4
split_gain=2.60779 2.32288 2.04686 1.92095 1.51924 3.33748 2.11966 4.04197 4.40668 2.4295 3.04502 2.71314 4.24479 2.47292
threshold=287.35750078183622 6948.3415000000005 1022.6465000000001 561.61000000000001 269.71879561932559 250.98244478577615 354.16500000000002 410.39000000000004 86.869558670865089 319.38000000000005 152.32680065938064 298.90000000000003 55.940490535388342 224.19238999389799
decision_type=2 2 2 10 2 2 8 8 2 10 2 10 2 10
left_child=2 -2 3 -1 5 6 9 8 -8 11 -11 12 13 -4
right_child=1 -3 4 -5 -6 -7 7 -9 -10 10 -12 -13 -14 -15
leaf_value=-0.046893503125849646 0.24819943970329936 -0.0028230869034885811 -0.0028404862608768068 0.0071044938924126394 -0.10840340875156405 0.1074578098252108 0.069749426853432758 -0.00049551325646843834 -0.0016828204269183191 -0.026965053685591774 5.6447285440958118e-05 0.010224293790251318 0.051117936213974806 -0.025694565854571711
leaf_weight=24 20 20 22 21 20 20 27 1133 34 35 22 20 31 20
leaf_count=24 20 20 22 21 20 20 27 1133 34 35 22 20 31 20
internal_value=-0.000238095 0.0121951 -0.000594406 0.00978261 -0.000938628 -0.000732601 -0.00104089 -0.000334728 0.0120968 -0.00662252 -0.0146552 -0.00159574 -0.00608108 -0.0162791
internal_weight=1469 40 1429 45 1384 1364 1344 1194 61 150 57 93 73 42
internal_count=1469 40 1429 45 1384 1364 1344 1194 61 150 57 93 73 42
is_linear=0
shrinkage=0.05


Tree=90
num_leaves=15
num_cat=0
split_feature=1 4 4 1 1 2 7 6 6 4 2 4 4 7
split_gain=2.05814 3.80876 3.49646 3.46391 4.27913 4.01139 4.01042 4.31753 4.02766 3.54821 3.46709 2.86246 5.26885 10.246
threshold=3428.8870000000002 932.73000000000013 893.38000000000022 4167.2600000000011 4497.2605000000012 1963.9000000000003 -8.4745967916817033 175.18687291304266 214.57580423236851 566.87 2576.0450000000005 794.40166666666676 637.9433333333335 -1.635026143424241
decision_type=2 10 10 2 2 2 8 2 2 10 2 10 10 10
left_child=1 2 11 6 9 -6 -2 -8 -9 -5 -7 12 -1 -14
right_child=3 -3 -4 4 5 10 7 8 -10 -11 -12 -13 13 -15
leaf_value=8.3680159115440142e-05 0.079939807624874792 -0.01152898845550473 0.029335551872939625 0.011435933920981346 -0.0096271883159173843 0.064187652919084862 -0.003709614799757413 -0.67194083317201958 -0.094032059807310775 0.16529707223924037 -0.00063910786368079342 -0.013828931400516714 0.022728937368980358 0.0018914767155715718
leaf_weight=357 23 20 22 41 30 20 92 22 25 31 620 56 21 89
leaf_count=357 23 20 22 41 30 20 92 22 25 31 620 56 21 89
internal_value=-0.000510204 0.00185512 0.00265568 -0.00198895 -0.000538358 -0.00178838 -0.00858896 -0.0117857 -0.0239583 0.0109589 -0.000936037 0.00181298 0.00309829 0.0126126
internal_weight=1469 565 545 904 742 670 162 139 47 72 640 523 467 110
internal_count=1469 565 545 904 742 670 162 139 47 72 640 523 467 110
is_linear=0
shrinkage=0.05


Tree=91
num_leaves=15
num_cat=0
split_feature=7 1 0 6 6 0 2 2 0 7 7 7 0 7
split_gain=1.82827 3.42856 5.31738 4.20205 2.19904 2.30508 1.58671 2.77929 3.41928 2.93528 2.48277 1.90227 4.75041 5.03306
threshold=15.23717487669022 2964.3000000000006 197.55163591670637 147.53484092538028 177.49604607642067 232.58449444136554 12269.470000000003 14288.570000000002 253.87031985272776 -8.801203531763802 -40.083085990570659 -4.6811170157939577 67.963813369157364 -8.4745967916817033
decision_type=10 2 2 2 2 2 2 2 2 10 8 8 2 10
left_child=6 2 -2 -3 -5 -6 10 9 -9 -8 -1 12 -12 -14
right_child=1 3 -4 4 5 -7 7 8 -10 -11 11 -13 13 -15
leaf_value=0.075306727079915703 -0.029760840547624842 0.018390892748877181 0.1156677262404245 -0.45796404325296214 0.013925335417550831 -0.084461245893599046 -0.00099076631694987034 0.057925290160775827 -0.12481185861196042 -0.037134101764086269 0.04099001378660852 0.00080554152594851402 -0.00043184198547218115 -0.044954143842096804
leaf_weight=29 23 32 23 36 34 24 35 20 20 33 22 962 128 48
leaf_count=29 23 32 23 36 34 24 35 20 20 33 22 962 128 48
internal_value=-0.00037415 -0.00520231 0.00638298 -0.00944882 -0.0147368 -0.00847458 0.000269646 -0.00550459 0.00487805 -0.0115942 0.000798319 0.000430663 -0.0040201 -0.00677966
internal_weight=1469 172 46 126 94 58 1297 108 40 68 1189 1160 198 176
internal_count=1469 172 46 126 94 58 1297 108 40 68 1189 1160 198 176
is_linear=0
shrinkage=0.05


Tree=92
num_leaves=15
num_cat=0
split_feature=1 4 4 1 3 3 1 3 1 6 6 3 6 0
split_gain=1.61816 3.01832 4.28385 2.43568 2.4158 4.23553 4.364 3.45974 3.21987 3.09175 6.38927 3.63839 2.41375 2.20713
threshold=6596.920000000001 967.77500000000009 893.38000000000022 6398.6950000000006 75.943759111434233 70.756256934394997 4566.5250000000005 79.872734540474923 5164.0225 89.711280587689899 71.312454003960525 49.201046209565966 99.353451412004546 144.70256566248392
decision_type=2 8 10 2 2 2 2 2 2 2 2 2 2 2
left_child=3 2 -2 4 5 6 9 -6 -8 10 11 -1 -9 -14
right_child=1 -3 -4 -5 7 -7 8 12 -10 -11 -12 -13 13 -15
leaf_value=0.067090693022841985 -0.00095569073717954455 0.064621921470431359 -0.035441229577465753 0.019433827266744988 -0.070435107600677421 0.053983427155740227 -0.030548408931773754 0.0040152139884428676 0.00012443719090411977 0.019480862612503203 -0.018721505592525767 0.00043968299282222124 -0.0047565579890933192 0.0017478527714938187
leaf_weight=20 218 70 28 24 21 27 21 57 21 46 37 31 326 522
leaf_count=20 218 70 28 24 21 27 21 57 21 46 37 31 326 522
internal_value=-0.000306122 -0.00347003 -0.00607287 0.000563258 0.000221239 0.00514706 0.00225989 -0.000862999 -0.0116279 0.00666667 0.0011236 0.0125 -0.000386313 -0.00106007
internal_weight=1469 316 246 1153 1129 203 176 926 42 134 88 51 905 848
internal_count=1469 316 246 1153 1129 203 176 926 42 134 88 51 905 848
is_linear=0
shrinkage=0.05


Tree=93
num_leaves=15
num_cat=0
split_feature=7 0 3 0 7 4 4 3 3 4 8 1 1 3
split_gain=2.86559 3.51519 3.65801 3.34149 2.87634 2.98499 2.57227 4.7456 3.06838 5.24592 5.21329 2.97104 3.10661 3.48526
threshold=1.6401945863701004 48.66978492107264 20.605876699785515 60.878000000000007 1.0516792073037247 291.58676470588244 682.74500000000023 200.16687481663931 61.438442211849051 452.27941176470591 1.5000000000000002 1098.5250000000003 1477.7850000000001 202.75101179422288
decision_type=10 2 2 2 10 8 8 2 2 10 2 2 2 2
left_child=1 2 -1 -3 5 -5 7 8 -7 -10 -11 -8 -13 -14
right_child=-2 3 -4 4 -6 6 11 -9 9 10 -12 12 13 -15
leaf_value=-0.00053008409022181906 -0.0018706619002753612 -0.017785430312899475 0.03036248895680134 0.118836909356555 0.0047123335547280439 0.0080400074120518528 0.078945560855249022 0.025032296692983288 -0.098701598895910236 -0.0092500049801847121 0.5060777615575317 -0.066813667427891021 0.0094728131034809149 -0.49469883358586753
leaf_weight=20 587 41 21 25 42 21 21 59 67 131 25 26 344 39
leaf_count=20 587 41 21 25 42 21 21 59 67 131 25 26 344 39
internal_value=-0.000442177 0.001359 0.0154762 0.000653207 0.00137328 0.000658762 6.81199e-05 -0.00345395 -0.00653061 -0.00825893 -0.00318471 0.0025522 0.00158537 0.00273438
internal_weight=1469 882 41 841 800 758 733 303 244 223 156 430 409 383
internal_count=1469 882 41 841 800 758 733 303 244 223 156 430 409 383
is_linear=0
shrinkage=0.05


Tree=94
num_leaves=15
num_cat=0
split_feature=7 2 2 2 7 2 7 2 4 0 1 1 2 4
split_gain=1.94536 3.61283 2.55775 2.46693 3.73786 4.05302 4.22967 3.23658 3.07967 5.21629 2.33583 2.54436 2.82122 2.23526
threshold=1.6401945863701004 1317.7275000000002 928.54000000000008 1709.3600000000004 1.1141055494729672 2081.8200000000002 0.61064181310066357 857.84000000000003 725.73000000000013 87.171500000000023 1939.8400000000004 2648.8255000000004 3419.5530000000003 448.45500000000004
decision_type=10 2 2 2 10 2 10 2 8 2 2 2 2 10
left_child=3 2 -2 7 5 -5 10 -1 -9 -10 -7 12 -12 -3
right_child=1 13 -4 4 -6 6 -8 8 9 -11 11 -13 -14 -15
leaf_value=-0.00056515541254762434 -0.0083399430838874584 0.0096479660928384947 -0.031247162124835116 -0.0099506283438206625 0.033147720706400624 -0.20697289291676091 -0.021900807473562777 0.0074505349941680291 0.054793670021877433 -0.061710993461230414 0.0036850369063875818 0.00033099626927841409 0.36323904450787348 -0.00220896108576083
leaf_weight=63 31 145 26 32 28 23 34 38 30 30 24 556 24 385
leaf_count=63 31 145 26 32 28 23 34 38 30 30 24 556 24 385
internal_value=-0.000578231 -0.00280612 -0.0146552 0.000906002 -0.00034626 -0.00108069 -0.000226586 0.00648148 0.0121212 0.00491803 0.000716561 0.00132231 0.0122449 -0.00150659
internal_weight=1469 587 57 882 721 693 661 161 98 60 627 604 48 530
internal_count=1469 587 57 882 721 693 661 161 98 60 627 604 48 530
is_linear=0
shrinkage=0.05


Tree=95
num_leaves=15
num_cat=0
split_feature=0 1 2 0 2 2 1 1 6 6 1 0 0 1
split_gain=1.63311 1.54305 3.30577 5.35893 3.80476 3.59797 3.0719 3.28423 2.96828 2.71298 2.57032 2.4844 3.28675 4.07624
threshold=374.63000000000005 6596.920000000001 6444.8065000000006 130.54277390368387 3737.4950000000003 14288.570000000002 6016.4050000000007 5803.6450000000013 133.66780167903241 193.51471523307157 6214.5975000000008 114.44455308394727 85.42153303294215 9347.0250000000015
decision_type=2 2 2 2 2 2 2 2 2 2 2 2 2 2
left_child=1 6 4 11 -3 9 7 -1 -8 -5 -10 12 -4 -14
right_child=-2 2 3 5 -6 -7 8 -9 10 -11 -12 -13 13 -15
leaf_value=0.00024479268571371007 -0.18615678735798785 0.00093925205083681134 0.046247826694731001 -0.081947172846135466 -0.012907583537108684 0.046350502629026596 0.032088344962556928 -0.034660775815374099 0.091044853948449869 0.025914935513378808 -0.0095038468396125564 0.34026462715274025 0.01223666731912495 -0.10854212124905037
leaf_weight=1028 20 38 33 79 46 31 27 30 21 20 30 20 23 23
leaf_count=1028 20 38 33 79 46 31 27 30 21 20 30 20 23 23
internal_value=-0.000442177 -0.000241379 -0.00334395 -0.000217391 -0.0117647 -0.00687023 0.000615655 -9.44287e-05 0.0101266 -0.0115 0.00288462 0.0085 0.004375 -0.00425532
internal_weight=1469 1449 313 229 84 130 1136 1058 78 99 51 99 79 46
internal_count=1469 1449 313 229 84 130 1136 1058 78 99 51 99 79 46
is_linear=0
shrinkage=0.05


Tree=96
num_leaves=15
num_cat=0
split_feature=4 3 0 0 3 3 0 3 3 1 0 3 0 3
split_gain=1.15292 1.94922 1.94889 2.54803 3.32837 3.72205 3.46509 3.3135 2.72208 2.71544 1.87234 1.53607 1.40502 3.77022
threshold=1120.7500000000002 308.75688291319472 68.621515520881516 85.42153303294215 85.184256311791515 108.63216385435963 101.12592126646395 130.24180910809699 197.10020890112636 3558.4650000000006 133.20707679739235 149.56452689015345 244.08278791235992 223.15337581758374
decision_type=8 2 2 2 2 2 2 2 2 2 2 2 2 2
left_child=1 12 -2 -4 -5 6 -6 10 9 -9 -7 -11 -1 -14
right_child=2 -3 3 4 5 7 -8 8 -10 11 -12 -13 13 -15
leaf_value=-0.0003308544035316108 -0.058320198780161661 0.02970392479066384 0.2816483041840338 -0.39022180547153068 0.025334215142025163 0.088759580012130163 0.81681415133019031 -0.0040153937735508908 -0.32985706022471195 0.17845686953943488 -0.10186473163120138 0.24253140347949442 -0.16722604913078937 -0.0006015943610098829
leaf_weight=1013 36 20 21 21 30 22 28 25 48 20 24 25 34 102
leaf_count=1013 36 20 21 21 30 22 28 25 48 20 24 25 34 102
internal_value=-0.000102041 -0.000811966 0.00265781 0.00415094 0.00266393 0.0044843 0.0152542 0.000606061 0.00504202 0.0112676 -0.0106383 0.0184783 -0.00108696 -0.00583942
internal_weight=1469 1169 300 264 243 222 58 164 118 70 46 45 1149 136
internal_count=1469 1169 300 264 243 222 58 164 118 70 46 45 1149 136
is_linear=0
shrinkage=0.05


Tree=97
num_leaves=15
num_cat=0
split_feature=6 7 4 0 6 6 6 6 6 6 0 0 0 5
split_gain=2.14242 2.14087 3.58872 3.63122 6.17368 2.01442 1.68887 3.23409 4.55991 1.575 1.22798 1.14676 5.58836 4.40147
threshold=298.28141587658195 15.23717487669022 379.03382352941179 123.4842650470713 147.53484092538028 269.71879561932559 241.26640339305658 227.48708431902847 221.73572678780906 177.49604607642067 213.93823455792779 88.311357823461364 85.42153303294215 1.5000000000000002
decision_type=2 10 10 2 2 2 2 2 2 2 2 2 2 2
left_child=1 5 -3 -4 -5 6 7 8 11 -6 -11 12 -1 -13
right_child=-2 2 3 4 9 -7 -8 -9 -10 10 -12 13 -14 -15
leaf_value=-0.00032115148907130856 0.043970302378696174 0.044424785823262827 -0.16750361879811321 0.12422557390335472 -0.37278122707214756 -0.11220500492069503 0.049435276868462531 -0.027266688880123083 0.27079002570711436 0.010402402716461112 -0.053905529004174002 0.03385397490564359 -0.083705917017910289 0.00032091115082093506
leaf_weight=262 30 34 20 22 34 25 34 32 20 25 30 20 22 859
leaf_count=262 30 34 20 22 34 25 34 32 20 25 30 20 22 859
internal_value=-0.000102041 -0.000381944 -0.00572289 -0.0094697 -0.00580357 0.000313725 0.0006 0.000287829 0.000717905 -0.0116667 -0.00625 0.000300687 -0.00245614 0.00119318
internal_weight=1469 1439 165 131 111 1274 1249 1215 1183 89 55 1163 284 879
internal_count=1469 1439 165 131 111 1274 1249 1215 1183 89 55 1163 284 879
is_linear=0
shrinkage=0.05


Tree=98
num_leaves=15
num_cat=0
split_feature=6 3 4 3 4 4 4 4 0 4 7 4 6 4
split_gain=1.98845 2.33703 2.53968 2.26374 3.89802 2.83146 3.31738 4.25595 2.02506 1.79874 3.0395 2.66938 1.46293 4.05496
threshold=298.28141587658195 273.96939548992634 307 204.61026134758544 469.80000000000007 548.90500000000009 611.0250000000002 663.32500000000016 249.94588830189008 967.77500000000009 1.8641025480890969 926.08500000000015 227.48708431902847 456.07029411764717
decision_type=2 2 10 2 8 8 8 8 2 10 10 10 2 8
left_child=1 3 -3 8 -5 -6 -7 -8 9 11 -11 12 -1 -14
right_child=-2 2 -4 4 5 6 7 -9 -10 10 -12 -13 13 -15
leaf_value=0.00026562561068940174 0.041771787259761356 -0.62407752847564169 -0.0034851756261054523 0.19090833802831703 -0.038060371136221939 0.034527044605897589 -0.075774666831611451 0.24326005289538535 -0.19274569686820722 0.050145313055679853 -0.021634835826329215 -0.011584832590910943 -0.08780340189992604 0.028889612827021585
leaf_weight=1109 30 20 24 27 20 30 20 39 23 20 25 36 23 23
leaf_count=1109 30 20 24 27 20 30 20 39 23 20 25 36 23 23
internal_value=0.00037415 0.000104167 -0.0111111 0.000465616 0.00656934 0.00227273 0.00611111 -0.000833333 -0.000198413 8.08407e-05 0.00978261 -0.000293624 0.000129758 -0.00851064
internal_weight=1469 1439 44 1395 136 109 89 59 1259 1236 45 1191 1155 46
internal_count=1469 1439 44 1395 136 109 89 59 1259 1236 45 1191 1155 46
is_linear=0
shrinkage=0.05


Tree=99
num_leaves=15
num_cat=0
split_feature=6 7 7 7 6 2 2 2 1 7 7 6 3 7
split_gain=1.48496 1.78533 4.25951 5.44201 2.21025 2.06166 2.02442 3.80378 2.88111 5.29013 4.45288 4.62396 5.18095 4.41035
threshold=287.35750078183622 38.689719545555143 29.101130993991273 22.603641251471021 264.38156449252426 6418.5230000000001 6308.3300000000008 6070.7600000000011 5403.9865000000009 -20.863027710549385 -17.397939896647987 183.43041353380798 207.78396920750399 10.764638936639061
decision_type=2 10 10 10 2 2 2 2 2 8 8 2 2 10
left_child=1 2 3 4 6 -3 7 -1 10 -10 -8 -12 -13 -11
right_child=-2 5 -4 -5 -6 -7 8 -9 9 13 11 12 -14 -15
leaf_value=-0.00012959073529895672 0.039683197896773298 0.039441311021687124 0.059824931899831825 -0.10650151839703875 -0.106420495893355 -0.39335687023138954 0.13602237623540542 -0.024733178833930048 -0.082212215988836032 0.0035783458254982389 0.063266939096081456 -0.29760608288500096 0.020234466342965197 0.023641993952213614
leaf_weight=789 40 21 32 26 23 26 21 24 25 271 64 34 50 23
leaf_count=789 40 21 32 26 23 26 21 24 25 271 64 34 50 23
internal_value=0.00037415 0.000104895 0.000433839 0 0.00045283 -0.009375 0.000729647 -0.000798526 0.00327198 0.00046875 0.00852941 0.00536913 -0.00235294 0.00237288
internal_weight=1469 1429 1382 1350 1324 47 1301 813 488 319 169 148 84 294
internal_count=1469 1429 1382 1350 1324 47 1301 813 488 319 169 148 84 294
is_linear=0
shrinkage=0.05


Tree=100
num_leaves=15
num_cat=0
split_feature=4 1 4 2 7 7 4 2 2 4 1 1 2 7
split_gain=1.73034 3.0395 2.74597 1.10795 5.54874 5.81577 4.66564 3.61182 3.41556 2.85627 2.85567 2.59762 2.94104 3.56139
threshold=967.77500000000009 6044.6650000000018 926.08500000000015 1709.3600000000004 1.2971907283884152 2.7786511870306119 766.78000000000009 2957.7400000000002 670.49300000000005 648.55166666666673 4089.9100000000003 5714.8800000000001 2533.6500000000001 -1.23471314285387
decision_type=10 2 10 2 8 8 10 2 2 10 2 2 2 10
left_child=2 -2 3 4 6 -6 10 9 -7 11 -1 12 13 -5
right_child=1 -3 -4 7 5 8 -8 -9 -10 -11 -12 -13 -14 -15
leaf_value=0.0075843901928551449 -0.0057049960960326891 0.087375193004249702 -0.010836647670954255 -0.071852102283242972 -0.034425002097804913 -0.021405802543025709 -0.00081458103541620088 0.00084486565675104828 0.02803865170941405 0.0013728378412428675 0.0016867839896893347 0.011184152585311094 -0.042321235290057407 0.01507143215668676
leaf_weight=42 25 20 36 46 32 29 30 988 79 34 20 26 31 31
leaf_count=42 25 20 36 46 32 29 30 988 79 34 20 26 31 31
internal_value=0.000238095 0.00978261 -7.01754e-05 0.000287977 0.00343348 -0.00283688 0.0129032 -0.000345722 0.00275229 -0.00710059 0.0206349 -0.0103704 -0.0137615 -0.00833333
internal_weight=1469 45 1424 1388 232 140 92 1156 108 168 62 134 108 77
internal_count=1469 45 1424 1388 232 140 92 1156 108 168 62 134 108 77
is_linear=0
shrinkage=0.05


Tree=101
num_leaves=15
num_cat=0
split_feature=7 7 7 2 2 7 0 0 0 2 4 2 2 7
split_gain=1.30972 4.24518 4.84976 2.19217 1.47926 4.1343 3.94218 7.88561 3.24471 2.8938 2.79895 2.77876 2.21672 2.02791
threshold=38.689719545555143 29.101130993991273 24.522727247225948 6418.5230000000001 6444.8065000000006 10.764638936639061 130.54277390368387 148.28202542506705 114.44455308394727 6220.4350000000004 502.55000000000001 9496.6750000000011 12551.560000000003 0.17992582467158871
decision_type=10 10 10 2 2 10 2 2 2 2 10 2 2 8
left_child=1 2 4 -2 9 6 8 10 -6 13 -8 -7 -9 -1
right_child=3 -3 -4 -5 5 11 7 12 -10 -11 -12 -13 -14 -15
leaf_value=0.0019698500406186369 0.042121113885907419 0.056532959848788679 -0.38080347613654553 -0.30746892385669317 0.0067567999218984742 0.0034285487028140882 -0.017893641497033246 0.014919277414900912 0.31267654163454145 -0.0054197462912310536 -0.18875638031996619 0.075882889455871724 -0.014141495737724098 -0.0021535960069599901
leaf_weight=251 22 32 20 30 77 27 20 241 25 25 30 21 77 571
leaf_count=251 22 32 20 30 77 27 20 241 25 25 30 21 77 571
internal_value=0.000170068 0.000458392 3.6075e-05 -0.00754717 0.000402635 0.00250482 0.00106157 -0.00135501 0.00970874 -0.000884434 -0.0196078 0.0163265 0.0015674 -0.00036452
internal_weight=1469 1417 1385 52 1365 518 470 368 102 847 50 48 318 822
internal_count=1469 1417 1385 52 1365 518 470 368 102 847 50 48 318 822
is_linear=0
shrinkage=0.05


Tree=102
num_leaves=15
num_cat=0
split_feature=6 2 7 6 2 7 7 6 7 7 7 1 1 1
split_gain=2.03188 1.44523 3.9372 5.66347 3.65441 3.60934 3.03828 4.64495 3.03259 3.52665 3.1311 3.06486 6.90897 3.80499
threshold=298.28141587658195 1709.3600000000004 1.0516792073037247 66.643298962090384 2957.7400000000002 2.7786511870306119 -22.214310501880906 172.90021764245427 -11.847711156869272 -15.012067136824411 -9.4124993918065183 4395.6195000000007 3891.1085000000003 4870.3100000000013
decision_type=2 2 8 2 2 10 8 2 8 10 8 2 2 2
left_child=1 2 -1 -4 -3 -5 7 -6 9 -8 -10 12 -12 -13
right_child=-2 4 3 5 6 -7 8 -9 10 -11 11 13 -14 -15
leaf_value=0.005298743179285287 0.037853361206793695 -0.0068582627049699335 0.088967333479599758 -0.032596072192566675 -0.13946665272896583 0.0026290419321374106 0.060849993269297242 0.0014208897061984693 -0.023760037320713412 0.061195290876200674 0.0010183087576674577 0.051693752073876255 -0.10179603810527055 0.0019914844627627825
leaf_weight=87 30 174 29 82 26 47 36 37 27 20 268 70 79 457
leaf_count=87 30 174 29 82 26 47 36 37 27 20 268 70 79 457
internal_value=0.000238095 -3.47222e-05 0.00345528 -0.00125786 -0.000753138 -0.00576923 0.000391773 -0.0101563 0.00109603 0.0122807 0.000388027 0.000914286 -0.00272989 0.00331439
internal_weight=1469 1439 245 158 1194 129 1020 63 957 56 901 874 347 527
internal_count=1469 1439 245 158 1194 129 1020 63 957 56 901 874 347 527
is_linear=0
shrinkage=0.05


Tree=103
num_leaves=15
num_cat=0
split_feature=2 2 2 3 7 3 3 0 3 6 2 2 0 7
split_gain=1.50585 2.78592 2.20464 4.51261 1.88461 1.61154 6.42998 3.6607 7.14702 4.02726 5.40122 5.91485 3.17925 2.86209
threshold=13381.010000000002 12882.029 14288.570000000002 212.13395411384326 -47.10775147469618 107.30782159831239 101.60173398192426 143.20911815019807 138.34682775243172 195.64775519085896 9549.8750000000018 6382.295000000001 140.52698445551889 -17.959329216237979
decision_type=2 2 2 2 8 2 2 2 2 2 2 2 2 8
left_child=1 4 -2 -4 -1 6 13 12 -9 10 11 -10 -7 -6
right_child=2 -3 3 -5 5 7 -8 8 9 -11 -12 -13 -14 -15
leaf_value=0.085049809416812491 -0.029524611151603198 0.028217112882831265 0.071565007207429185 -0.12965922169901498 0.046768291964412019 -0.023363215586634248 0.07070089634019279 0.041187614165360167 -0.029610855262329323 0.01021676520114896 -0.24822837082562224 0.043276358169061641 -0.10137169266728777 1.8513858913249417e-05
leaf_weight=23 35 20 22 27 20 130 42 77 118 201 56 90 27 581
leaf_count=23 35 20 22 27 20 130 42 77 118 201 56 90 27 581
internal_value=0.000578231 0.000974026 -0.00588235 0.001 0.000695461 0.000446761 0.00225155 -0.00121429 0.000736648 -0.00160944 -0.00566038 -0.00191388 -0.00791139 0.000913621
internal_weight=1469 1385 84 49 1365 1342 643 699 542 465 264 208 157 601
internal_count=1469 1385 84 49 1365 1342 643 699 542 465 264 208 157 601
is_linear=0
shrinkage=0.05


Tree=104
num_leaves=15
num_cat=0
split_feature=4 7 0 2 6 7 4 4 6 2 4 2 7 2
split_gain=1.60918 3.0395 1.25688 1.76786 5.31081 4.8071 4.27685 2.71838 4.69043 3.47442 4.01738 2.6597 3.56814 3.41612
threshold=967.77500000000009 1.8641025480890969 32.924709631785383 1709.3600000000004 66.062400751057424 0.88774649910937609 722.25000000000011 898.46500000000015 124.5913034645576 2957.7400000000002 682.74500000000023 2533.6500000000001 -1.23471314285387 2210.5215000000003
decision_type=10 10 2 2 2 8 10 10 2 2 10 2 10 2
left_child=2 -2 -1 4 -4 6 -6 9 -9 10 11 12 13 -5
right_child=1 -3 3 7 5 -7 -8 8 -10 -11 -12 -13 -14 -15
leaf_value=-0.0016242442521686802 0.048615877926007356 -0.019811697450795331 0.17854653108330873 -0.055278843509469579 0.076359357220386795 -0.0018166860455822054 -2.795286318125756e-05 0.00015685603467273658 -0.052634511764477809 0.0018990933252431286 0.0043149685656325935 -0.028133811449648827 0.023685033294350091 0.0036671345109931699
leaf_weight=30 20 25 20 26 36 129 27 26 26 971 26 44 39 24
leaf_count=30 20 25 20 26 36 129 27 26 26 971 26 44 39 24
internal_value=0.000578231 0.00978261 0.000280702 0.000501792 0.00469484 0.00207254 0.0132813 -0.000253593 -0.0113208 0.000265252 -0.0065625 -0.0100746 -0.005 -0.0137255
internal_weight=1469 45 1424 1394 212 192 63 1182 52 1130 159 133 89 50
internal_count=1469 45 1424 1394 212 192 63 1182 52 1130 159 133 89 50
is_linear=0
shrinkage=0.05


Tree=105
num_leaves=15
num_cat=0
split_feature=6 6 6 0 1 7 4 4 7 4 7 1 0 4
split_gain=1.52241 7.5282 4.19763 5.06035 3.715 6.08689 4.4058 3.54447 7.51083 2.87197 2.38567 2.35715 2.15415 3.10924
threshold=196.51672392057458 193.24603953364468 190.08105851215348 249.94588830189008 4167.2600000000011 9.6774274209889146 325.07068393896151 416.56500000000011 7.5969755156770882 611.0250000000002 -32.937922409915224 5403.9865000000009 197.55163591670637 618.21000000000004
decision_type=2 2 2 2 2 10 8 8 10 8 8 2 2 8
left_child=1 2 3 10 6 11 -2 -8 9 -9 -1 -6 -12 -14
right_child=4 -3 -4 -5 5 -7 7 8 -10 -11 12 -13 13 -15
leaf_value=-0.09420285074737629 0.057316889843293507 -0.14098137210581899 0.22758448550719806 -0.20699803551533363 0.077840039574001374 0.22218055080738042 -0.097146404832296002 0.089998587650073653 -0.072929945575059121 -0.00080966264278532491 -0.00040149862882946086 -0.020335558077328977 0.055408689015245476 -0.066218568067139147
leaf_weight=26 43 24 24 31 40 30 36 32 27 47 980 50 43 36
leaf_count=26 43 24 24 31 40 30 36 32 27 47 980 50 43 36
internal_value=-3.40136e-05 -0.000858369 -0.000262927 -0.000716204 0.00310458 0.00991736 -0.00134409 -0.00559441 -0.000934579 0.006875 -0.000138122 0.0032967 0.000235849 0.008125
internal_weight=1469 1164 1140 1116 305 120 185 142 106 79 1085 90 1059 79
internal_count=1469 1164 1140 1116 305 120 185 142 106 79 1085 90 1059 79
is_linear=0
shrinkage=0.05


Tree=106
num_leaves=15
num_cat=0
split_feature=6 6 6 7 7 7 4 7 4 6 6 3 3 1
split_gain=2.46717 1.68073 3.10518 1.7026 3.87334 2.69749 1.63907 5.87078 2.69777 2.28003 2.93722 2.25385 1.91299 4.5709
threshold=287.35750078183622 269.71879561932559 250.98244478577615 38.689719545555143 29.101130993991273 23.674412234929012 357.7050000000001 -4.3185774248485904 410.39000000000004 111.47383844212864 154.75818748100832 86.869558670865089 65.066463251201881 4416.5525000000007
decision_type=2 2 2 10 10 10 8 8 8 2 2 2 2 2
left_child=1 2 3 4 5 6 7 -1 11 -9 -11 -8 13 -10
right_child=-2 -3 -4 -5 -6 -7 8 9 12 10 -12 -13 -14 -15
leaf_value=0.035102600681241249 0.039269690103307546 -0.083665961266436731 0.10305959720293104 -0.26131671262615436 0.079819942728623153 -0.15467242249003091 0.062696328843585392 -0.0015229571081187749 5.1348886215663032e-06 -0.039109375417617442 -0.0017859409967951269 0.0030271891190574609 0.0012178355920251184 -0.042088504559312567
leaf_weight=33 40 20 20 45 31 22 23 58 98 29 27 27 961 35
leaf_count=33 40 20 20 45 31 22 23 58 98 29 27 27 961 35
internal_value=0.000102041 -0.000244755 -3.5461e-05 -0.000323741 0 -0.000418569 -0.000116099 -0.00506757 0.000524017 -0.0104348 -0.0175439 0.0117647 0 -0.00559701
internal_weight=1469 1429 1409 1389 1344 1313 1291 147 1144 114 56 50 1094 133
internal_count=1469 1429 1409 1389 1344 1313 1291 147 1144 114 56 50 1094 133
is_linear=0
shrinkage=0.05


Tree=107
num_leaves=15
num_cat=0
split_feature=3 0 3 4 4 7 2 2 2 0 0 0 4 7
split_gain=1.72071 3.99002 3.44496 3.50691 3.24283 2.00246 5.17765 4.14881 1.53869 1.23538 3.94721 2.40599 2.69106 3.2443
threshold=204.61026134758544 244.08278791235992 209.53018395226374 602.67500000000007 651.17000000000007 1.4524443120779298 8418.0250000000015 6464.6850000000004 8127.737000000001 197.55163591670637 191.66903412353869 222.72964531768312 628.22764705882366 1.1759964269444085
decision_type=2 2 2 8 8 8 2 2 2 2 2 2 10 10
left_child=1 9 -2 5 -5 8 7 -7 -4 10 -1 12 13 -11
right_child=2 -3 3 4 -6 6 -8 -9 -10 11 -12 -13 -14 -15
leaf_value=2.3428818634300271e-05 0.060636018014209703 -0.14441523211269858 0.025551149835235723 -0.14499556779625619 0.01512781968483763 -0.0014863869762968386 -0.097579079022938595 0.11258944975189392 0.053582360391820162 0.051288974167208561 -0.25752337174645684 -0.011987997232347503 -0.12998405816493303 0.17003880116688228
leaf_weight=1110 20 29 20 22 49 23 24 20 27 26 24 28 22 25
leaf_count=1110 20 29 20 22 49 23 24 20 27 26 24 28 22 25
internal_value=0.00037415 -0.000316206 0.00461165 0.00241935 -0.00625 0.00782609 0.00220588 0.0125 0.015625 0.000121359 -0.000352423 0.00539216 0.0101351 0.0163462
internal_weight=1469 1264 205 185 71 114 67 43 47 1235 1134 101 73 51
internal_count=1469 1264 205 185 71 114 67 43 47 1235 1134 101 73 51
is_linear=0
shrinkage=0.05


Tree=108
num_leaves=15
num_cat=0
split_feature=1 1 7 8 1 2 3 3 7 4 3 1 1 4
split_gain=1.63126 5.37083 5.44566 3.12888 4.96193 4.49017 3.68621 5.12972 4.91601 3.63886 4.65855 3.09631 4.49382 3.88442
threshold=4217.4700000000012 3891.1085000000003 2.478210483745912 1.5000000000000002 6233.6330000000007 3753.9800000000005 121.31696667316091 84.80221095902472 -5.0152180436491198 623.58970588235309 155.91420963057905 4497.2605000000012 4675.5300000000007 494.65500000000003
decision_type=2 2 8 2 2 2 2 2 10 8 2 2 2 10
left_child=1 -1 -3 11 5 -5 7 8 -6 -7 -11 -2 -13 -14
right_child=3 2 -4 4 6 9 -8 -9 -10 10 -12 12 13 -15
leaf_value=-7.9084739435186787e-06 0.096580346136239753 0.0090087881571437271 -0.1257140248899164 -0.013909562580173819 -0.20190422177213219 0.23849467914262693 -0.10061100157974795 0.42662871398290625 0.0062344045844014767 0.15987307964493738 -0.033228231381727723 -0.19781062381795325 0.0041785523276939825 -0.0043599365112675535
leaf_weight=667 38 24 42 20 22 35 52 34 21 61 35 23 139 256
leaf_count=667 38 24 42 20 22 35 52 34 21 61 35 23 139 256
internal_value=0.000238095 -0.00143052 -0.0149254 0.00189959 0.00604982 0.0121711 -0.00115385 0.00576923 -0.00568182 0.0155303 0.0103093 -0.000656455 -0.00190931 -0.000631313
internal_weight=1469 733 66 736 280 151 129 77 43 131 96 456 418 395
internal_count=1469 733 66 736 280 151 129 77 43 131 96 456 418 395
is_linear=0
shrinkage=0.05


Tree=109
num_leaves=15
num_cat=0
split_feature=6 7 0 6 6 6 3 7 7 7 7 7 7 7
split_gain=1.40915 4.22668 1.83429 1.46827 3.27471 2.90126 2.7115 1.67992 6.91914 2.97576 2.6833 4.88343 1.57016 2.89365
threshold=250.98244478577615 2.278513062942999 246.80089276349202 227.48708431902847 221.73572678780906 217.88727910358242 202.09232806253314 38.689719545555143 29.101130993991273 21.217470096449947 17.57798514788065 12.240576446122811 -4.6811170157939577 -2.4631920914636818
decision_type=2 10 2 2 2 2 2 10 10 10 10 10 8 8
left_child=3 2 -2 4 5 7 -5 8 9 10 11 12 -1 -14
right_child=1 -3 -4 6 -6 -7 -8 -9 -10 -11 -12 -13 13 -15
leaf_value=-0.0035388593827464735 -0.08569427343748473 0.075164202976784014 0.011227645943214166 -0.03766169191499813 0.20128488312132264 -0.089661738257736101 0.0030286225544285785 -0.25624558123241153 0.13983368527988921 -0.099208623416471547 0.068538399144563833 -0.049024375116512364 0.019019070224226421 0.00065535446853806634
leaf_weight=216 20 31 29 27 25 20 33 36 28 25 24 50 51 854
leaf_count=216 20 31 29 27 25 20 33 36 28 25 24 50 51 854
internal_value=-0.000238095 0.00617284 -0.003 -0.000611511 -0.000263158 -0.000613027 -0.00819672 -0.000311284 0 -0.000573301 -0.00020903 -0.000554608 0.00013369 0.00104857
internal_weight=1469 80 49 1389 1329 1304 60 1284 1248 1220 1195 1171 1121 905
internal_count=1469 80 49 1389 1329 1304 60 1284 1248 1220 1195 1171 1121 905
is_linear=0
shrinkage=0.05


Tree=110
num_leaves=15
num_cat=0
split_feature=4 7 7 6 7 0 7 7 6 6 4 4 6 4
split_gain=1.77495 4.15819 3.23477 3.29091 2.59097 2.16847 1.85386 3.62459 5.53776 5.37457 3.40371 3.08147 3.21147 2.61905
threshold=319.38000000000005 -1.957320858455043 3.2524522884765052 254.70829248876939 0.47995341720636736 229.16277826520826 12.240576446122811 15.709844057951278 147.53484092538028 198.86474081608893 502.55000000000001 357.7050000000001 152.32680065938064 718.2803333333336
decision_type=10 8 8 2 10 2 8 8 2 2 10 10 2 10
left_child=1 -1 4 5 -3 -4 11 -8 13 10 -10 12 -2 -9
right_child=6 2 3 -5 -6 -7 7 8 9 -11 -12 -13 -14 -15
leaf_value=0.078770683075037581 -0.023090613215898899 0.00018566463155999526 0.028328958184344721 0.17142511214082251 -0.022831938661977812 -0.42887787696573598 -0.031782501661545615 0.23938222424711617 -0.076979361075917824 0.029273718352383862 -0.24343330217079098 0.00062258674511116163 -0.00054094814658921795 -0.0013579836042982713
leaf_weight=33 30 21 270 34 28 40 37 21 22 45 50 786 32 20
leaf_count=33 30 21 270 34 28 40 37 21 22 45 50 786 32 20
internal_value=-0.00037415 0.00234192 0.000888325 0.0026087 -0.011 0.00096463 -0.00148467 -0.00586735 -0.00251572 -0.00805085 -0.0164384 -0.000471143 -0.0111111 0.0130952
internal_weight=1469 426 393 344 49 310 1043 195 158 117 72 848 62 41
internal_count=1469 426 393 344 49 310 1043 195 158 117 72 848 62 41
is_linear=0
shrinkage=0.05


Tree=111
num_leaves=15
num_cat=0
split_feature=2 2 2 7 2 7 0 6 6 6 4 1 2 2
split_gain=1.84392 4.11876 3.56914 4.64317 3.97746 3.76141 3.17494 3.03583 8.53703 4.23002 4.02677 4.02309 3.78982 3.50208
threshold=6444.8065000000006 6220.4350000000004 7985.6630000000014 15.482013805706929 7727.6250000000009 -26.886101512009503 85.42153303294215 200.98563697741199 191.44833333333335 170.44456831331431 579.80000000000007 4675.5300000000007 4947.2850000000008 5877.4955000000009
decision_type=2 2 2 10 2 8 2 2 2 2 10 2 2 2
left_child=1 7 3 4 -2 -4 -7 8 9 13 11 -11 -9 -1
right_child=2 -3 5 -5 -6 6 -8 12 -10 10 -12 -13 -14 -15
leaf_value=-0.00080318711132171261 0.0014092567616443841 -0.10293036751674683 -0.096128994271252766 0.18037284491300848 0.10004741298953319 0.038149214895086138 -0.0004105084002814591 0.0001763813999819952 -0.2268266289858894 -0.048369215668655034 0.21899088316378071 0.048518040604822232 0.10545450047123826 -0.041187891074809316
leaf_weight=636 131 30 26 24 26 30 334 71 20 41 20 21 32 27
leaf_count=636 131 30 26 24 26 30 334 71 20 41 20 21 32 27
internal_value=-3.40136e-05 -0.00144605 0.00218531 0.00796703 0.00474684 -0.000511509 0.000821918 -0.000805524 -0.00189295 -0.00100536 0.00963855 0.0031746 0.00721154 -0.00233434
internal_weight=1469 898 571 181 157 390 364 868 765 745 82 62 103 663
internal_count=1469 898 571 181 157 390 364 868 765 745 82 62 103 663
is_linear=0
shrinkage=0.05


Tree=112
num_leaves=15
num_cat=0
split_feature=0 2 0 2 2 2 3 3 3 0 1 6 7 7
split_gain=1.68164 1.59432 2.88272 3.4644 4.27219 2.6893 2.86131 3.32389 6.0146 3.74473 3.34421 4.82963 2.59719 2.65427
threshold=374.63000000000005 6444.8065000000006 85.42153303294215 7985.6630000000014 7727.6250000000009 5994.7500000000009 177.68667150179775 140.81887640343473 134.05802887360144 162.37585100299827 2368.6600000000003 165.7029802281277 22.603641251471021 15.23717487669022
decision_type=2 2 2 2 2 2 2 2 2 2 2 2 10 10
left_child=1 5 -3 4 -4 6 7 8 12 -9 -11 -12 13 -1
right_child=-2 2 3 -5 -6 -7 -8 9 -10 10 11 -13 -14 -15
leaf_value=-0.00046366895663429997 -0.17723213771936078 0.037963204721842114 0.0055189819380691459 -0.0026159861715166158 0.075494438522298035 -0.0151732716433736 0.13057661911350715 -0.10527456337387622 0.11329523163756394 0.075733686676245762 -0.13698625944329929 0.044805996271008432 0.071882468003341138 -0.074099217616613186
leaf_weight=618 20 33 141 350 31 60 49 20 24 33 27 22 21 20
leaf_count=618 20 33 141 350 31 60 49 20 24 33 27 22 21 20
internal_value=-0.000238095 -3.44828e-05 0.00206835 0.00114723 0.00693642 -0.00134078 -0.000598802 -0.00133588 -7.30994e-05 -0.00970874 -0.00481928 -0.013 -0.000984848 -0.00156495
internal_weight=1469 1449 555 522 172 894 834 785 683 102 82 49 659 638
internal_count=1469 1449 555 522 172 894 834 785 683 102 82 49 659 638
is_linear=0
shrinkage=0.05


Tree=113
num_leaves=15
num_cat=0
split_feature=6 6 6 7 7 6 6 0 1 1 6 1 7 3
split_gain=1.61694 1.66403 3.12829 1.39638 4.75711 3.50278 5.63216 4.2383 4.19909 5.09747 6.33818 4.38902 4.14234 2.85792
threshold=287.35750078183622 269.71879561932559 250.98244478577615 1.6401945863701004 1.1141055494729672 131.7512634858416 138.44905569048538 135.86687456482338 2648.8255000000004 3428.8870000000002 208.34764101431017 1718.7100000000003 2.3281226062574309 81.747441542060329
decision_type=2 2 2 10 10 2 2 2 2 2 2 2 10 2
left_child=1 2 3 4 -1 7 -7 12 11 10 -10 -8 -5 -14
right_child=-2 -3 -4 5 -6 6 8 -9 9 -11 -12 -13 13 -15
leaf_value=0.00017840691260317953 0.040986390193593389 -0.077868752903228103 0.083762081030698265 -0.018802624665764368 0.018140621612800126 -0.073249197080809264 0.10923267499373837 0.025492578632133434 0.11368151838350388 -0.014918461402640327 -0.008703093862805834 -0.041994932557705589 0.0030873268773242094 -0.0018111123051566592
leaf_weight=795 40 20 20 35 38 27 21 33 46 212 21 35 69 57
leaf_count=795 40 20 20 35 38 27 21 33 46 212 21 35 69 57
internal_value=-3.40136e-05 -0.000314685 -0.000106383 -0.000395683 0.000899281 -0.00233393 -0.00523416 0.00307692 -0.00342262 -0.000892857 0.0110294 -0.0157895 -0.000308642 0.00393701
internal_weight=1469 1429 1409 1389 833 556 362 194 335 279 67 56 161 126
internal_count=1469 1429 1409 1389 833 556 362 194 335 279 67 56 161 126
is_linear=0
shrinkage=0.05


Tree=114
num_leaves=15
num_cat=0
split_feature=2 0 6 2 6 2 6 2 6 0 0 6 6 2
split_gain=1.47692 2.7593 2.09764 3.05729 4.64284 2.63918 3.39608 7.15293 4.1945 3.92294 4.32278 3.62399 2.54988 2.27551
threshold=6444.8065000000006 85.42153303294215 111.47383844212864 8152.1280000000015 159.56052912081546 8592.5550000000021 189.26565168370936 9318.6000000000004 175.66469361510443 197.55163591670637 140.93782093604449 202.94220529335354 176.19969216335843 7727.6250000000009
decision_type=2 2 2 2 2 2 2 2 2 2 2 2 2 2
left_child=-1 -2 -3 4 -4 -5 7 -7 9 10 -9 -8 -6 -14
right_child=1 2 3 5 12 6 11 8 -10 -11 -12 -13 13 -15
leaf_value=-0.00057964892821388281 0.036056124140119848 -0.091094633507582498 0.066605608457042484 -0.089995376588105011 -0.040726873869252063 0.1523647810720842 0.19151340323043151 0.0013368521111396553 -0.21008935655716432 0.02673765175390266 -0.06895636196674966 0.0044872232034776751 0.00087807151326295971 0.13070280880247873
leaf_weight=898 33 31 56 38 22 27 27 29 23 39 52 93 73 28
leaf_count=898 33 31 56 38 22 27 27 29 23 39 52 93 73 28
internal_value=0.00037415 0.00236014 0.00148423 0.00226378 0.0075 -0.000607903 0.00103093 -0.00350877 -0.00798611 -0.00413223 -0.0103659 0.00743802 0.00201613 0.00539216
internal_weight=1469 571 538 507 179 328 290 170 143 120 81 120 123 101
internal_count=1469 571 538 507 179 328 290 170 143 120 81 120 123 101
is_linear=0
shrinkage=0.05


Tree=115
num_leaves=15
num_cat=0
split_feature=4 7 7 7 4 1 6 0 7 4 6 6 6 6
split_gain=1.29954 3.52854 5.16971 4.10774 2.43822 2.98039 2.41066 2.39456 1.92163 3.55599 3.1432 4.05019 2.58669 5.00164
threshold=319.38000000000005 -1.957320858455043 3.2524522884765052 0.47995341720636736 354.16500000000002 12932.485000000002 152.32680065938064 244.08278791235992 19.784798349088273 497.20500000000004 150.16117084437383 191.16478670949269 227.48708431902847 220.4574646365221
decision_type=8 8 10 8 8 2 2 2 10 10 2 2 2 2
left_child=1 -1 3 -3 6 8 -2 -4 12 -10 -11 -12 13 -6
right_child=4 2 7 -5 5 -7 -8 -9 9 10 11 -13 -14 -15
leaf_value=0.075677112235882235 -0.022686594049863021 0.0033089263586192131 0.064813135457294724 -0.022166013669965623 0.00063886094606908645 0.016729387519267048 0.0011867316241909176 -0.00034182009341170161 0.069063250119716799 0.0025024721974254392 -0.1995848887293061 -0.0055688808001479019 -0.034596794642041552 0.27914286492815815
leaf_weight=33 35 21 26 32 1045 25 38 22 27 20 31 23 70 21
leaf_count=33 35 21 26 32 1045 25 38 22 27 20 31 23 70 21
internal_value=0.000510204 0.00518519 0.000490196 -0.0101852 3.74251e-05 0.000554236 -0.00878378 0.0122449 0.000201939 -0.00637255 -0.012 -0.0181818 0.000791557 0.00140581
internal_weight=1469 134 101 53 1335 1262 73 48 1237 101 74 54 1136 1066
internal_count=1469 134 101 53 1335 1262 73 48 1237 101 74 54 1136 1066
is_linear=0
shrinkage=0.05


Tree=116
num_leaves=15
num_cat=0
split_feature=2 7 7 0 0 0 6 0 1 1 1 2 2 6
split_gain=1.94192 2.74034 2.86081 2.43747 4.47693 3.53819 3.34495 2.12541 2.08828 3.18901 2.71559 3.45316 3.59216 4.07419
threshold=6444.8065000000006 38.689719545555143 19.405075113525971 131.8698843988814 144.70256566248392 114.44455308394727 133.33464103796459 85.42153303294215 9063.0450000000019 7432.438000000001 6868.0250000000005 13544.000000000002 11813.235000000002 182.70934744396683
decision_type=2 10 10 2 2 2 2 2 2 2 2 2 2 2
left_child=-1 2 3 5 6 7 -5 -2 9 10 11 12 13 -6
right_child=1 -3 -4 4 8 -7 -8 -9 -10 -11 -12 -13 -14 -15
leaf_value=-0.0005313969132632768 0.033416848557150505 -0.18960564429284077 0.0088332452477186581 -0.0031232493807524298 0.042543170457621307 0.2808459577021743 -0.16906007710618406 -0.0050827801600544066 0.035021256070721138 -0.07259798454112118 0.058927709273064337 -0.099450187377424282 0.033340792579431656 -0.018308053234065282
leaf_weight=898 33 29 37 20 91 31 20 47 22 37 21 26 20 137
leaf_count=898 33 29 37 20 91 31 20 47 22 37 21 26 20 137
internal_value=0.000782313 0.00305944 0.0038674 0.00286561 0.00101266 0.009375 -0.0146341 0.0037037 0.0028169 0.0018018 0.0035473 0.00218182 0.00401606 0.00218341
internal_weight=1469 571 542 505 394 111 40 80 354 332 295 274 248 228
internal_count=1469 571 542 505 394 111 40 80 354 332 295 274 248 228
is_linear=0
shrinkage=0.05


Tree=117
num_leaves=15
num_cat=0
split_feature=6 1 1 6 6 4 4 6 3 0 1 0 3 0
split_gain=2.25009 1.76577 4.91081 3.38393 3.18811 3.2625 4.12496 3.77992 2.56002 2.8022 2.47719 5.22198 5.44269 3.40194
threshold=287.35750078183622 2524.2450000000003 2368.6600000000003 146.71878109716189 133.66780167903241 893.38000000000022 805.54280218538076 120.04364025908997 146.97570957925805 244.08278791235992 3005.0035000000003 171.8023412654787 84.80221095902472 88.311357823461364
decision_type=2 2 2 2 2 10 10 2 2 2 2 2 2 2
left_child=1 2 3 4 5 6 7 -1 -5 -10 11 12 -3 -12
right_child=-2 10 -4 8 -6 -7 -8 -9 9 -11 13 -13 -14 -15
leaf_value=0.0019630604575896515 0.039787446981684356 0.033380129116482429 -0.058604420561055026 -0.10648608386013675 0.10058593676326058 0.010105208760939966 -0.020233435792030432 -0.021351529695083738 0.084773970174311764 -0.11152921239899194 -0.0036007280950280441 0.099293349347163065 -0.022689395169762608 0.0019571243174393961
leaf_weight=96 40 21 32 31 31 29 25 22 27 30 189 38 45 813
leaf_count=96 40 21 32 31 31 29 25 22 27 30 189 38 45 813
internal_value=0.000646259 0.000314685 -0.0029321 -0.000856164 0.00269608 0 -0.003125 0.000840336 -0.00898876 -0.00258621 0.00126468 0.00857143 0 0.000498504
internal_weight=1469 1429 323 291 203 172 143 118 88 57 1106 104 66 1002
internal_count=1469 1429 323 291 203 172 143 118 88 57 1106 104 66 1002
is_linear=0
shrinkage=0.05


Tree=118
num_leaves=15
num_cat=0
split_feature=6 3 7 2 6 3 4 2 2 4 2 4 7 4
split_gain=1.64415 1.8652 4.73556 3.50901 3.7553 2.37388 1.66825 3.60006 3.13288 2.59005 4.54767 4.07524 4.05835 5.55199
threshold=44.276617438275387 49.201046209565966 2.7023245455265656 2317.9185000000002 75.776044228556557 54.78944915120433 314.77441176470592 3077.0840000000003 7225.4080000000004 584.7075000000001 7225.4080000000004 605.50500000000022 11.951296791185181 456.07029411764717
decision_type=2 2 10 2 2 2 8 2 2 8 2 8 8 10
left_child=-1 2 3 4 -2 -3 7 -7 -9 10 12 -11 -8 -14
right_child=1 5 -4 -5 -6 6 9 8 -10 11 -12 -13 13 -15
leaf_value=-0.0069449187212687006 0.015981450379279578 -0.02152424380549638 -0.0055878341585988561 -0.0044917115534585965 0.016099524393718256 -0.018684977159254882 -0.0077120819379919775 0.26890950049787216 0.012355619759734739 0.02427777345252289 0.0041485871291554125 0.00040171770238909004 -0.044857109766666708 -0.48995718422985396
leaf_weight=24 26 21 40 20 39 24 159 21 31 52 138 823 26 25
leaf_count=24 26 21 40 20 39 24 159 21 31 52 138 823 26 25
internal_value=0.000714286 0.00093361 0.00674603 0.0133721 0.0189394 0.000378501 0.000653846 0.00779221 0.0150943 0.000204248 -0.0034384 0.00165525 -0.00805687 -0.0201923
internal_weight=1469 1445 125 85 65 1320 1299 76 52 1223 348 875 210 51
internal_count=1469 1445 125 85 65 1320 1299 76 52 1223 348 875 210 51
is_linear=0
shrinkage=0.05


Tree=119
num_leaves=15
num_cat=0
split_feature=6 4 7 7 8 6 1 1 1 7 3 0 1 4
split_gain=1.95977 2.09199 2.4 3.63287 2.17151 3.27095 2.8464 3.44093 7.9642 2.91782 5.51995 3.6606 3.42676 3.40687
threshold=56.688300350629994 314.77441176470592 -1.957320858455043 3.2524522884765052 1.5000000000000002 68.307237856786685 10333.225 8435.7100000000009 7917.0850000000009 8.3070604876946152 121.31696667316091 106.14295188445105 6044.6650000000018 500.00500000000011
decision_type=2 8 8 10 2 2 2 2 2 8 2 2 2 10
left_child=-1 2 -2 -4 5 -3 7 8 9 11 -11 12 -7 -12
right_child=1 4 3 -5 -6 6 -8 -9 -10 10 13 -13 -14 -15
leaf_value=-0.0039894371308043103 0.11144566913266854 0.015659306331638652 -0.0090708180990394568 0.034463965915509535 0.0025303818345359624 -0.0074272342138842961 0.0067874197398850675 -0.04413141147670227 0.13360081148247446 -0.17364218059786271 0.025515405144952614 0.0019723026128551273 0.007388347314745719 -0.011141676730174178
leaf_weight=60 25 22 24 40 525 152 39 27 20 26 24 390 21 74
leaf_count=60 25 22 24 40 525 152 39 27 20 26 24 390 21 74
internal_value=0.000578231 0.000957447 0.00833333 0.00307692 0.000454201 -0.00119347 -0.00174419 -0.00244898 -0.00176554 -0.00268895 -0.0096 -0.00115248 -0.00718391 -0.0040404
internal_weight=1469 1409 89 64 1320 795 773 734 707 687 124 563 173 98
internal_count=1469 1409 89 64 1320 795 773 734 707 687 124 563 173 98
is_linear=0
shrinkage=0.05


Tree=120
num_leaves=15
num_cat=0
split_feature=0 0 0 4 0 2 7 0 7 4 7 4 7 3
split_gain=1.22648 7.32018 5.11035 2.96563 2.7179 5.86923 2.47447 3.93522 3.87983 3.05722 2.24873 3.69562 1.98641 1.87166
threshold=88.311357823461364 90.645993439737865 85.42153303294215 875.32000000000016 72.87610376590014 1963.9000000000003 1.4524443120779298 104.43486920806252 1.0516792073037247 864.0200000000001 -1.23471314285387 535.12000000000012 4.0162827822260718 140.81887640343473
decision_type=2 2 2 8 2 2 10 2 10 10 10 10 10 2
left_child=2 -2 3 10 5 -5 8 12 -3 13 11 -1 -8 -9
right_child=1 6 -4 4 -6 -7 7 9 -10 -11 -12 -13 -14 -15
leaf_value=0.00041616014931378231 0.042368808546478058 0.0023866124563172164 -0.084522729509864419 0.019910465541274694 0.053071890464561983 -0.063484803010303792 -0.041924840902867161 0.0083421114356852892 0.0070984396207487595 -0.0078823113580196221 -6.0482292496866213e-05 -0.021770874232397531 -0.00070760920382999812 -0.0077033390130990705
leaf_weight=28 24 637 24 53 27 21 25 164 20 39 115 26 22 244
leaf_count=28 24 637 24 53 27 21 25 164 20 39 115 26 22 244
internal_value=0.000510204 0.00123299 -0.00237288 -0.000369004 0.00637255 0.00133333 0.000651042 -0.0020202 0.00265957 -0.000558036 -0.00441176 -0.0127273 -0.015625 0.000733496
internal_weight=1469 1175 294 270 101 74 1151 494 657 447 169 54 47 408
internal_count=1469 1175 294 270 101 74 1151 494 657 447 169 54 47 408
is_linear=0
shrinkage=0.05


Tree=121
num_leaves=15
num_cat=0
split_feature=6 0 6 1 1 1 6 1 1 1 0 3 6 4
split_gain=1.64415 5.21554 2.4149 3.22409 4.96461 3.12144 3.85396 2.92715 6.1486 2.50123 2.03733 3.2494 1.94444 2.24047
threshold=44.276617438275387 48.66978492107264 74.806188540036771 8753.8900000000012 8435.7100000000009 3104.8650000000002 66.643298962090384 8045.2010000000009 7432.438000000001 7074.1800000000012 85.42153303294215 89.178106838612791 287.35750078183622 586.58000000000015
decision_type=2 2 2 2 2 2 2 2 2 2 2 2 2 8
left_child=-1 -2 5 4 7 6 -3 8 9 12 -5 -12 13 -4
right_child=1 2 3 10 -6 -7 -8 -9 -10 -11 11 -13 -14 -15
leaf_value=-0.0063951768140402074 0.0097451114182597817 0.019307811149699958 -0.0036828006896724831 0.048809624073115399 -0.081720069854074179 -0.01206356187847768 -0.01329771168431489 0.057580104192928021 -0.072533299769891077 0.10533123532186094 -0.041978776775855473 0.0074689703141454407 0.044554717147850691 0.0018973180792902994
leaf_weight=24 34 26 401 28 20 50 22 25 44 22 23 55 37 658
leaf_count=24 34 26 401 28 20 50 22 25 44 22 23 55 37 658
internal_value=0.000714286 0.00093361 0.00046034 0.0010274 0.000289735 -0.00707071 0.00204082 0.000715488 0.000343938 0.00107239 0.00934579 0.00506329 0.000729262 0.000330189
internal_weight=1469 1445 1411 1313 1207 98 48 1187 1162 1118 106 78 1096 1059
internal_count=1469 1445 1411 1313 1207 98 48 1187 1162 1118 106 78 1096 1059
is_linear=0
shrinkage=0.05


Tree=122
num_leaves=15
num_cat=0
split_feature=6 7 7 3 6 3 7 4 2 4 1 6 3 7
split_gain=1.66174 1.70587 5.86652 6.72285 3.4476 3.18021 5.43574 3.64236 4.94435 4.12829 4.08709 3.07695 3.73594 3.31275
threshold=44.276617438275387 3.6908716278855356 4.5990944090746106 107.8198830616431 257.85314475820996 46.728116154335751 -2.9643020947149092 452.27941176470591 3077.0840000000003 319.38000000000005 5006.0650000000005 217.18696331675559 202.09232806253314 38.689719545555143
decision_type=2 10 10 2 2 2 10 8 2 10 2 2 2 10
left_child=-1 5 3 -3 11 6 -2 8 -7 -10 -11 12 13 -4
right_child=1 2 4 -5 -6 7 -8 -9 9 10 -12 -13 -14 -15
leaf_value=-0.0060754179733381961 0.11976031061742161 0.0013165266302556768 0.00054541377223327474 -0.1636867555964534 0.071304967252611706 -0.10843938829343701 3.8871776756510547e-05 0.001780867843540665 0.021048869718744714 0.00065551829460434039 -0.076666034834973917 -0.050164473523332011 0.037834035543035688 -0.33010674640205367
leaf_weight=24 32 21 259 24 23 31 49 783 31 44 29 46 45 28
leaf_count=24 32 21 259 24 23 31 49 783 31 44 29 46 45 28
internal_value=0.000782313 0.00100277 -0.001566 -0.0184783 0.000373134 0.00215 0.0115854 0.00130577 -0.00625 -0.000952381 -0.00743243 -0.000791557 0.000900901 -0.00121528
internal_weight=1469 1445 446 45 401 999 81 918 135 104 73 378 332 287
internal_count=1469 1445 446 45 401 999 81 918 135 104 73 378 332 287
is_linear=0
shrinkage=0.05


Tree=123
num_leaves=15
num_cat=0
split_feature=6 4 4 4 4 7 7 6 6 7 4 1 0 6
split_gain=1.50056 2.61998 2.90249 2.02271 5.36821 4.60759 8.03207 3.95286 5.0935 6.38807 3.80249 3.5631 3.02435 2.86706
threshold=56.688300350629994 298.90000000000003 194.67555615416498 592.06000000000017 608.38563725490201 12.240576446122811 30.201806978352668 247.13302143183805 171.96309772705803 -9.0727731832168441 402.60000000000008 2946.4250000000006 171.8023412654787 146.71878109716189
decision_type=2 8 10 8 8 8 10 2 2 10 10 2 2 2
left_child=-1 2 -2 5 -5 7 -7 8 9 -3 -11 -10 13 -12
right_child=1 3 -4 4 -6 6 -8 -9 11 10 12 -13 -14 -15
leaf_value=-0.0026872652016291191 -0.011040346102374433 -0.063025768899858878 0.038761732927827544 0.025138121564463534 0.0005406548742962952 -0.13784519123158545 0.025067714918489404 -0.098610521524038583 -0.02781043767803747 -0.0057130321063993518 0.046094103716636962 0.031054010534411581 -0.024803502080027642 0.012306575073704223
leaf_weight=60 20 36 47 53 859 52 42 30 20 55 35 119 21 20
leaf_count=60 20 36 47 53 859 52 42 30 20 55 35 119 21 20
internal_value=0.00112245 0.0014539 0.0110294 0.000967982 0.00230011 -0.00185615 -0.0115789 0.000890208 0.00260586 -0.00327381 0.00189394 0.00964286 0.00909091 0.0151786
internal_weight=1469 1409 67 1342 912 430 94 336 306 167 131 139 76 55
internal_count=1469 1409 67 1342 912 430 94 336 306 167 131 139 76 55
is_linear=0
shrinkage=0.05


Tree=124
num_leaves=15
num_cat=0
split_feature=0 4 0 3 7 7 6 7 6 3 7 3 7 7
split_gain=2.71137 5.55769 9.4849 4.37147 3.2858 2.89253 3.72534 2.66798 2.20139 2.11851 2.04025 4.1865 3.53405 6.63085
threshold=89.086500000000015 714.37000000000012 64.5634546516212 81.747441542060329 0.27950259011122119 -3.2326561892162569 99.856448269911297 1.8641025480890969 66.643298962090384 61.885309584950981 1.4524443120779298 101.60173398192426 -5.5253468179157244 -8.801203531763802
decision_type=2 8 2 2 8 10 2 10 2 2 10 2 10 10
left_child=1 2 4 -2 -1 6 8 9 -3 -7 12 -12 13 -5
right_child=3 5 -4 10 -6 7 -8 -9 -10 -11 11 -13 -14 -15
leaf_value=0.012347169738076808 0.024632851865201498 -0.0019081317102363606 -0.020728351927877156 0.0041637094904012351 -0.0063581789726925913 0.00089465664593814669 0.10623361995863752 -0.00066131532596325768 -0.20178078036730707 0.022329767887486932 -0.024760432168917313 0.00049441357051165644 0.0049182649303742727 -0.049949450846039856
leaf_weight=32 67 31 54 401 35 23 26 48 31 20 77 388 199 37
leaf_count=32 67 31 54 401 35 23 26 48 31 20 77 388 199 37
internal_value=0.000578231 -0.00365449 -0.0118852 0.00166667 0.000735294 0.00194444 -0.00449438 0.00815217 -0.0111111 0.0170455 0.000906618 -0.00160944 0.00274295 0.00022779
internal_weight=1469 300 121 1169 67 179 88 91 62 43 1102 465 637 438
internal_count=1469 300 121 1169 67 179 88 91 62 43 1102 465 637 438
is_linear=0
shrinkage=0.05


Tree=125
num_leaves=15
num_cat=0
split_feature=2 2 7 7 2 4 2 2 7 0 4 0 7 7
split_gain=1.77966 3.24935 2.80535 2.7812 2.09367 4.91514 3.12811 2.34518 3.31846 4.16929 3.82752 5.25467 2.98197 2.95888
threshold=6444.8065000000006 5994.7500000000009 38.689719545555143 19.405075113525971 5572.6300000000001 593.36500000000012 5418.7000000000016 4817.7150000000011 1.6401945863701004 98.872679958350616 709.35833333333346 65.721381979292246 -1.23471314285387 2.8290593895734308
decision_type=2 2 10 10 2 10 2 2 8 2 10 2 10 8
left_child=1 4 3 -2 6 -6 7 8 9 10 11 -1 -12 -9
right_child=2 -3 -4 -5 5 -7 -8 13 -10 -11 12 -13 -14 -15
leaf_value=0.0070445303504760503 0.0042697111434683464 -0.013638783641525204 -0.1820229774236185 0.0075416214115406194 -0.004126836447581275 0.03037218217296982 -0.043682880727865962 -0.0075812685287005221 -0.0043977914562775226 0.0088463935907311577 -0.00051394904908785843 -0.019188820206844238 0.0034403349291507791 0.093015905791198172
leaf_weight=37 505 60 29 37 43 23 25 30 406 124 31 40 36 43
leaf_count=37 505 60 29 37 43 23 25 30 406 124 31 40 36 43
internal_value=0.00105442 -0.000333704 0.00323427 0.00405157 0.000476758 0.00895522 -0.000258732 0.000334225 -0.000592593 0.00371747 -0.00206897 -0.00961538 0.00661765 0.00878378
internal_weight=1469 898 571 542 838 66 772 747 674 268 144 77 67 73
internal_count=1469 898 571 542 838 66 772 747 674 268 144 77 67 73
is_linear=0
shrinkage=0.05


Tree=126
num_leaves=15
num_cat=0
split_feature=2 2 1 1 6 1 2 1 1 3 1 2 1 4
split_gain=2.66091 3.0262 2.21054 4.28035 5.25529 4.98098 3.91146 2.96854 2.8275 3.35101 4.93246 4.13902 2.87879 3.2885
threshold=6444.8065000000006 6220.4350000000004 7432.438000000001 5533.5700000000006 125.23444001911626 4887.8150000000014 4108.7650000000003 5129.2750000000005 4675.5300000000007 49.201046209565966 3858.0350000000003 1222.5500000000002 4395.6195000000007 558.19500000000005
decision_type=2 2 2 2 2 2 2 2 2 2 2 2 2 10
left_child=1 2 3 5 -5 8 -4 -7 9 11 -11 -1 13 -12
right_child=-2 -3 6 4 -6 7 -8 -9 -10 10 12 -13 -14 -15
leaf_value=0.00067790706718370288 0.0040575679987847699 -0.098856405050690793 0.00066489158425828013 0.072390327871936055 0.0013926335619607157 -0.088830383871146446 -0.041498736691472665 -0.0016397559318017453 0.060693703218267295 7.1173626274879942e-05 -0.37450065709695535 0.02727878593264306 0.013594389923932349 -0.0065678560920821366
leaf_weight=43 571 30 39 26 41 24 27 26 27 518 31 23 21 22
leaf_count=43 571 30 39 26 41 24 27 26 27 518 31 23 21 22
internal_value=0.000918367 -0.000778643 -0.00023015 0.000498132 0.0125 -0.000611413 -0.00895522 -0.0156863 0.000510204 -0.000151745 -0.00134907 0.0104478 -0.0133333 -0.0194444
internal_weight=1469 898 868 802 67 735 66 50 685 658 592 66 74 53
internal_count=1469 898 868 802 67 735 66 50 685 658 592 66 74 53
is_linear=0
shrinkage=0.05


Tree=127
num_leaves=15
num_cat=0
split_feature=2 6 2 2 0 6 7 6 7 7 1 2 2 2
split_gain=2.20988 2.61867 2.41255 1.73026 4.5442 2.72549 3.17743 2.55435 2.18204 3.69612 3.62499 2.84625 4.77065 3.35128
threshold=690.6450000000001 287.35750078183622 456.00500000000005 7441.2300000000005 227.64925018822183 241.26640339305658 38.689719545555143 225.18503248672494 4.1074708442079677 29.101130993991273 4497.2605000000012 6308.3300000000008 6888.5650000000014 5084.5950000000003
decision_type=2 2 2 2 2 2 10 2 10 10 2 2 2 2
left_child=2 3 -1 4 8 6 -5 -6 11 10 -10 13 -13 -2
right_child=1 -3 -4 5 7 -7 -8 -9 9 -11 -12 12 -14 -15
leaf_value=0.0012528329499801095 0.00091797668310463214 0.036382561645797916 -0.011059259212900453 0.0035845130065639066 -0.008303286952155764 0.050395312140327976 -0.31773574053962794 -0.16463853301499343 -0.0015322200271676635 0.070009587956782568 -0.029091171383964068 0.070813078746157429 -0.0037627167396908634 -0.015199991117550949
leaf_weight=24 466 37 36 384 45 34 21 22 139 30 64 36 35 96
leaf_count=24 466 37 36 384 45 34 21 22 139 30 64 36 35 96
internal_value=0.00112245 0.00152482 -0.00819672 0.00116533 -5.35332e-05 0.00375 0.00258621 -0.0125 0.000922722 -0.00320513 -0.00563725 0.00244479 0.0118056 0.00124334
internal_weight=1469 1409 60 1372 933 439 405 67 866 233 203 633 71 562
internal_count=1469 1409 60 1372 933 439 405 67 866 233 203 633 71 562
is_linear=0
shrinkage=0.05


Tree=128
num_leaves=15
num_cat=0
split_feature=0 3 4 4 0 2 2 4 7 4 3 8 3 7
split_gain=2.07931 3.85944 3.55226 4.42462 3.05167 2.99527 3.91199 4.27304 4.20293 3.6794 2.85893 5.06557 4.43065 3.23223
threshold=72.87610376590014 75.943759111434233 431.9550000000001 746.92500000000007 88.311357823461364 2317.9185000000002 1679.7750000000003 715.76666666666677 -5.5253468179157244 626.58264705882368 93.112885635600975 1.5000000000000002 95.039899770270907 0.61064181310066357
decision_type=2 2 10 10 2 2 2 10 10 10 2 2 2 10
left_child=-1 2 -2 -4 -3 6 7 8 -6 -8 11 13 -12 -7
right_child=1 4 3 -5 5 10 9 -9 -10 -11 12 -13 -14 -15
leaf_value=-0.0016115138692039982 0.071127940883645407 -0.057331806007878697 -0.0096801795570893526 0.033384058886536359 -0.061074138106329383 0.025205593241344894 -0.10227935471322416 -0.022601303232031352 0.033431149432565102 7.8347178788598659e-05 -0.081937852018849705 0.11962875938675924 0.0025682087772438303 -0.015380296748991202
leaf_weight=204 59 31 25 24 31 28 31 20 47 22 21 37 857 32
leaf_count=204 59 31 25 24 31 28 31 20 47 22 21 37 857 32
internal_value=0.0012585 0.00201422 0.0110092 0.001 0.0011658 0.00159716 -0.00493421 0.0010101 0.00632911 -0.0157407 0.0026127 0.0107143 0.00170648 0.00163934
internal_weight=1469 1265 108 49 1157 1126 151 98 78 53 975 97 878 60
internal_count=1469 1265 108 49 1157 1126 151 98 78 53 975 97 878 60
is_linear=0
shrinkage=0.05


Tree=129
num_leaves=15
num_cat=0
split_feature=0 0 4 5 7 0 0 0 0 2 1 4 0 7
split_gain=2.83621 3.84171 2.27453 2.02593 4.24299 9.94749 3.3964 4.16249 3.52842 3.56276 4.42907 4.35824 3.50861 3.80003
threshold=197.55163591670637 191.66903412353869 996.70000000000016 2.5000000000000004 -1.3918032258628157 63.857636496000559 119.30212331511321 113.69592667372243 144.70256566248392 9549.8750000000018 4122.755000000001 641.70000000000016 162.37585100299827 4.2565851768186045
decision_type=2 2 10 2 8 2 2 2 2 2 2 10 2 8
left_child=1 2 3 4 5 -1 7 -5 -8 10 11 -10 -12 -14
right_child=-2 -3 -4 6 -6 -7 8 -9 9 -11 12 -13 13 -15
leaf_value=0.010161338546765021 0.0048071507289458139 -0.24094625311150378 0.015852383791279075 0.002069638604732982 -0.00079885529286526373 -0.0275437152732117 -0.01421503391937097 0.037814244383178576 -0.015042529934753735 -0.023078751554735173 0.010663567571534211 0.021562804877002892 0.11884027147397712 0.0099649799748647329
leaf_weight=33 335 24 37 113 346 47 196 47 96 60 48 41 21 25
leaf_count=33 335 24 37 113 346 47 196 47 96 60 48 41 21 25
internal_value=0.000578231 -0.00061674 -0.000180018 -0.000605214 -0.00327869 -0.0135802 0.00115741 0.00745342 -0.000922131 0.00256849 0.00538793 -0.000362319 0.0136842 0.0234043
internal_weight=1469 1134 1110 1073 426 80 647 160 487 291 231 137 94 46
internal_count=1469 1134 1110 1073 426 80 647 160 487 291 231 137 94 46
is_linear=0
shrinkage=0.05


Tree=130
num_leaves=15
num_cat=0
split_feature=6 6 4 3 6 0 3 0 2 3 0 4 3 1
split_gain=2.94416 4.39877 3.48238 4.14066 6.46352 3.09177 2.94859 3.482 2.77266 2.53343 6.74678 2.70802 5.66245 3.89969
threshold=196.51672392057458 191.44833333333335 331.97029411764714 126.77333334079911 202.94220529335354 263.59989435116739 183.10113946519905 219.96904636037351 3300.1465000000003 144.37040879121128 159.95884283356867 734.32000000000016 160.01129740964276 6596.920000000001
decision_type=2 2 8 2 2 2 2 2 2 2 2 8 2 2
left_child=1 5 8 -4 -5 6 9 -8 -2 10 -1 13 -13 -11
right_child=2 -3 3 4 -6 -7 7 -9 -10 11 -12 12 -14 -15
leaf_value=-2.5154282265893449e-05 -0.00018675876343126065 -0.10574664580629607 -0.062955597770532432 0.31622718647695142 0.00098904121406740916 -0.46466027631038415 0.13426917776592698 0.001011242870980239 0.092036533451323219 -0.0081835281831726062 0.034689666153701573 -0.031678603978039614 0.075755989960096803 -0.21644840979046653
leaf_weight=848 20 30 27 27 190 25 30 38 41 91 20 22 39 21
leaf_count=848 20 30 27 27 190 25 30 38 41 91 20 22 39 21
internal_value=0.00037415 -0.000772532 0.00473856 0.00204082 0.0043578 -0.000264317 0.000135135 0.0101449 0.0153226 -0.000527831 0.000575374 -0.00603448 0.00241935 -0.0106195
internal_weight=1469 1164 305 244 217 1134 1109 68 61 1041 868 173 61 112
internal_count=1469 1164 305 244 217 1134 1109 68 61 1041 868 173 61 112
is_linear=0
shrinkage=0.05


Tree=131
num_leaves=15
num_cat=0
split_feature=8 2 4 4 1 2 2 4 4 3 1 2 1 3
split_gain=2.56393 3.69925 3.22193 4.58955 5.41716 4.31958 5.54162 4.96139 6.06255 4.15309 4.21549 4.54704 4.05061 3.0754
threshold=1.5000000000000002 741.17000000000007 912.98166666666668 725.73000000000013 2831.0150000000003 3077.0840000000003 2533.6500000000001 613.44416666666677 564.70000000000016 82.253951252691891 4553.5800000000008 9318.6000000000004 3858.0350000000003 225.2859932048697
decision_type=2 2 10 10 2 2 2 8 10 2 2 2 2 2
left_child=1 -1 3 5 -5 6 -2 8 13 -9 12 -12 -11 -7
right_child=2 -3 -4 4 -6 7 -8 9 -10 10 11 -13 -14 -15
leaf_value=-0.010095959398244881 0.0013484107455072226 -0.00056888028938919535 0.015304247071494224 0.0036783489284118124 -0.11448630999255652 0.0027829170804704265 -0.025704189258456456 -0.238692906052279 0.26347076357594496 0.039117014844227541 0.23817909779452498 -0.0044424327038549236 -0.38808117174864265 0.13283311061748773
leaf_weight=37 123 860 24 21 30 62 25 20 21 72 73 53 27 21
leaf_count=37 123 860 24 21 30 62 25 20 21 72 73 53 27 21
internal_value=-0.000170068 -0.00183742 0.00244328 0.00163934 -0.0125 0.00311245 -0.00402685 0.00614286 0.0152381 0.00223577 0.00420354 0.0102362 -0.0035 0.00892857
internal_weight=1469 897 572 548 51 497 148 349 104 245 225 126 99 83
internal_count=1469 897 572 548 51 497 148 349 104 245 225 126 99 83
is_linear=0
shrinkage=0.05


Tree=132
num_leaves=15
num_cat=0
split_feature=4 3 3 4 4 4 7 4 1 4 7 7 2 0
split_gain=2.33474 3.14806 3.6971 3.08243 3.00805 5.31348 4.20739 2.684 4.32238 2.63006 3.02988 3.47546 4.74579 2.87412
threshold=712.54500000000007 202.09232806253314 209.53018395226374 722.25000000000011 692.66500000000019 683.65382352941185 53.773595427015827 653.0200000000001 4281.1650000000009 637.9433333333335 -9.4124993918065183 -13.49899785371805 4760.7600000000011 222.72964531768312
decision_type=8 2 2 8 10 10 8 10 2 10 10 10 2 2
left_child=1 4 -3 -2 5 6 7 9 -9 10 11 12 -1 -12
right_child=3 2 -4 -5 -6 -7 -8 8 -10 -11 13 -13 -14 -15
leaf_value=0.041037522072753817 0.0028827494679013418 0.050438596179838861 0.0023401124894927017 0.0019666302541772708 -0.039310055368742838 0.10084053868001619 -0.40514587288717596 0.011289063281412133 -0.10409830427386009 0.023168838985915388 0.00091756153748948771 -0.041577483587105404 -0.079072226525871647 -0.13725297676275944
leaf_weight=28 21 20 146 607 42 24 21 22 35 23 394 20 39 27
leaf_count=28 21 20 146 607 42 24 21 22 35 23 394 20 39 27
internal_value=-0.000238095 -0.00195962 0.00419162 0.00206677 -0.00347633 -0.00260252 -0.00352459 -0.00271647 -0.012931 -0.00159774 -0.00235756 -0.0107955 -0.00514706 -0.000592417
internal_weight=1469 841 166 628 675 633 609 588 57 531 508 87 67 421
internal_count=1469 841 166 628 675 633 609 588 57 531 508 87 67 421
is_linear=0
shrinkage=0.05


Tree=133
num_leaves=15
num_cat=0
split_feature=7 6 7 3 0 3 3 2 2 6 6 0 7 6
split_gain=1.97423 5.75054 2.92206 2.87815 9.80987 7.81266 4.48183 4.20687 4.08552 3.62442 5.17143 3.48818 3.37585 3.12231
threshold=1.7072468449608664 276.15704061062092 1.1141055494729672 140.81887640343473 144.70256566248392 146.97570957925805 111.22796971448166 4321.7200000000003 1614.8950000000002 168.97548581255293 134.6353821146275 112.96446153822005 2.8290593895734308 140.85862310278455
decision_type=10 2 10 2 2 2 2 2 2 2 2 2 10 2
left_child=2 3 -1 4 6 -5 8 -6 12 10 11 -10 -2 -7
right_child=1 -3 -4 5 7 13 -8 -9 9 -11 -12 -13 -14 -15
leaf_value=0.0011873759851151302 -0.024988480179717276 0.067199096468240543 0.0048934034105943998 -0.11475823577011504 -0.0029543754880985984 0.018581532294803339 -0.02050846373890651 0.038546141307240649 0.00083741645378331844 0.048051789759937451 -0.096622370951888914 0.088046921131082312 -0.00086334211076715133 -0.0083949042505659932
leaf_weight=842 28 20 45 22 20 20 47 38 73 32 36 20 37 189
leaf_count=842 28 20 45 22 20 20 47 38 73 32 36 20 37 189
internal_value=0.00037415 -0.00188679 0.00185811 -0.00284192 0.000150602 -0.00711207 -0.00383212 0.0186441 -0.000881057 0.00339506 -0.000384615 0.00585106 -0.0113636 -0.00404762
internal_weight=1469 582 887 562 331 231 273 58 226 161 129 93 65 209
internal_count=1469 582 887 562 331 231 273 58 226 161 129 93 65 209
is_linear=0
shrinkage=0.05


Tree=134
num_leaves=15
num_cat=0
split_feature=3 0 0 2 2 3 2 6 6 6 6 0 3 6
split_gain=2.22739 4.62005 5.04961 3.46131 3.29548 2.0954 2.40341 2.16993 2.06724 2.47892 2.12849 3.04705 3.90113 4.2204
threshold=24.757031066271463 48.66978492107264 63.267889326145998 953.34500000000014 1470.6570000000002 58.034857255429529 690.6450000000001 131.7512634858416 221.73572678780906 215.97440379665412 209.56557971800143 242.96095878218759 183.10113946519905 167.68172747158101
decision_type=2 2 2 2 2 2 2 2 2 2 2 2 2 2
left_child=4 -2 3 -3 -1 7 -7 -4 9 10 11 12 -8 -14
right_child=1 2 5 -5 -6 6 8 -9 -10 -11 -12 -13 13 -15
leaf_value=-0.012346979719689828 0.021388651136694595 0.024043818928154437 0.059367656736657698 -0.0047488329163372176 0.0037509199592908396 -0.025644374035233643 0.00055221931212474657 0.0019591417377381906 0.01396824297136201 -0.09644383353964775 0.028730809710483963 -0.021754671104091419 0.17089447782101677 0.0026443911945846724
leaf_weight=28 23 20 20 47 26 23 895 25 153 28 40 78 22 41
leaf_count=28 23 20 20 47 26 23 895 25 153 28 40 78 22 41
internal_value=0.000782313 0.00116525 0.000789663 -0.0125 -0.00909091 0.00147059 0.0010929 0.0119565 0.0013911 0.000633484 0.00102136 0.000578592 0.00135558 0.0132813
internal_weight=1469 1415 1392 67 54 1325 1280 45 1257 1104 1076 1036 958 63
internal_count=1469 1415 1392 67 54 1325 1280 45 1257 1104 1076 1036 958 63
is_linear=0
shrinkage=0.05


Tree=135
num_leaves=15
num_cat=0
split_feature=3 7 0 0 1 3 5 3 7 7 0 1 0 1
split_gain=1.75727 3.89547 1.77317 2.2119 2.93071 2.13733 2.19229 2.63902 4.85201 2.50491 6.94559 4.94159 3.42358 2.92857
threshold=31.140942381968749 0.61064181310066357 50.985070973240916 63.267889326145998 3619.5820000000008 58.034857255429529 1.0000000180025095e-35 73.992936819300354 2.2154139465157603 2.278513062942999 88.311357823461364 9923.6660000000029 91.893492378138504 2068.4750000000004
decision_type=2 8 2 2 2 2 2 2 8 8 2 2 2 2
left_child=1 -1 -2 4 -4 -5 -7 8 -8 -9 -11 12 -12 -14
right_child=2 -3 3 5 -6 6 7 9 -10 10 11 -13 13 -15
leaf_value=0.0065927297584440761 0.016776325638545066 -0.0093633455658509897 8.1464040801715323e-05 0.044561921396601874 -0.012599584920979325 -0.031507136181210517 -0.0021985654394896304 0.002054059114108392 0.11474687933374939 -0.055314874456629082 0.035991656051620545 0.062800482038067748 -0.030134771208146678 -0.00029359496757353778
leaf_weight=32 23 40 31 38 25 45 33 462 27 26 20 20 92 555
leaf_count=32 23 40 31 38 25 45 33 462 27 26 20 20 92 555
internal_value=0.000714286 -0.00684932 0.00110873 0.000872727 -0.00877193 0.00128886 0.000936768 0.00133495 0.0114754 0.000807823 -0.00105042 -7.26744e-05 -0.000823353 -0.00146605
internal_weight=1469 72 1397 1374 56 1318 1280 1235 60 1175 713 687 667 647
internal_count=1469 72 1397 1374 56 1318 1280 1235 60 1175 713 687 667 647
is_linear=0
shrinkage=0.05


Tree=136
num_leaves=15
num_cat=0
split_feature=4 4 7 7 7 7 6 7 6 7 4 7 7 7
split_gain=2.00686 6.77128 5.14212 7.26053 6.47588 4.81864 5.85902 4.49591 4.15714 4.03882 3.6652 3.57527 3.6128 7.04767
threshold=592.06000000000017 608.38563725490201 -11.847711156869272 -4.3185774248485904 -8.801203531763802 -32.937922409915224 190.50377152995756 -2.4631920914636818 140.48374117398529 22.603641251471021 579.06264705882359 -0.84305986674137745 23.674412234929012 12.802152586572463
decision_type=8 8 8 8 10 10 2 8 2 10 10 10 10 10
left_child=5 -2 8 4 -4 6 -1 -5 -3 -9 11 -7 13 -13
right_child=1 2 3 7 -6 10 -8 9 -10 -11 -12 12 -14 -15
leaf_value=-0.29391782752465118 0.023851958718881173 -0.014586094074234092 0.15517978384480047 0.01829119366172335 -0.05612512445198739 0.007629197578932297 0.07803945338744632 0.00078261441386658916 0.10749021338465453 -0.090244320514777571 -0.064302997281978774 -0.00043097862072740691 0.016422938843708237 -0.07795700978233755
leaf_weight=28 53 23 20 28 33 144 25 691 40 40 28 218 59 39
leaf_count=28 53 23 20 28 33 144 25 691 40 40 28 218 59 39
internal_value=0.00085034 0.0022605 0.00119863 0.000123001 -0.0175926 -0.00156827 -0.0157407 0.00138158 0.0148438 0.000614754 0 0.0010846 -0.00189274 -0.00445736
internal_weight=1469 928 875 812 53 541 53 759 63 731 488 460 316 257
internal_count=1469 928 875 812 53 541 53 759 63 731 488 460 316 257
is_linear=0
shrinkage=0.05


Tree=137
num_leaves=15
num_cat=0
split_feature=3 0 7 0 7 3 3 0 3 0 6 7 6 6
split_gain=2.41493 4.44145 4.16131 3.32134 3.88592 2.13377 6.74182 2.96957 2.92089 5.03237 4.71449 3.59708 2.91523 2.90443
threshold=24.757031066271463 48.66978492107264 0.61064181310066357 63.267889326145998 -0.15746361951867269 107.30782159831239 101.60173398192426 129.11879254932379 93.112885635600975 100.45989810793745 137.52148431180527 -0.07587153189114558 139.62409111703013 164.37484225428872
decision_type=2 2 8 2 10 2 2 2 2 2 2 10 2 2
left_child=2 -2 -1 4 -3 6 8 -7 9 -5 -11 12 -10 -12
right_child=1 3 -4 5 -6 7 -8 -9 11 10 13 -13 -14 -15
leaf_value=0.00640678422782677 0.020209707001644307 -0.012862264983342121 -0.018636652220267273 0.00061462316777508583 0.0017526174488960628 -0.041091682884293525 0.061747547148715803 0.0011743681179652563 0.039241934038349024 0.066429183271800446 -0.032180663358238354 -0.080473543705489703 -0.051777963755407108 0.020331763710779993
leaf_weight=25 23 35 29 299 32 63 42 752 24 22 21 44 22 36
leaf_count=25 23 35 29 299 32 63 42 752 24 22 21 44 22 36
internal_value=0.00119048 0.00158898 -0.00909091 0.00122039 -0.00955882 0.00177225 0.00430528 0.000183824 0.00255864 0.00448549 0.015625 -0.00549451 0.00425532 0.00775862
internal_weight=1469 1415 54 1392 67 1325 510 815 468 378 79 90 46 57
internal_count=1469 1415 54 1392 67 1325 510 815 468 378 79 90 46 57
is_linear=0
shrinkage=0.05


Tree=138
num_leaves=15
num_cat=0
split_feature=2 7 0 0 4 4 4 2 7 4 7 7 6 7
split_gain=2.88972 4.47659 2.69746 3.25675 2.99225 3.16279 3.32163 3.68215 2.50075 2.36221 3.10146 2.78003 2.70201 2.11636
threshold=826.61500000000012 -3.3646118871070878 48.66978492107264 63.267889326145998 996.70000000000016 314.77441176470592 354.16500000000002 3383.5495000000005 2.1438787545079134 379.03382352941179 46.365103751880142 -22.214310501880906 166.24936973569427 30.201806978352668
decision_type=2 10 2 2 10 8 8 2 8 8 10 8 2 10
left_child=1 -1 -2 8 5 -5 7 -7 -4 -8 11 12 -11 -13
right_child=2 -3 3 4 -6 6 9 -9 -10 10 -12 13 -14 -15
leaf_value=0.0011473016848940977 0.0077466238684424267 -0.0039114148826243618 -0.0060337562038859649 0.019382769954744639 0.016908916433226322 -0.14034233390904263 0.052469929376305929 -0.00010700241986414394 0.0033793439072790201 -0.33768281313959703 -0.32501145479257798 0.00089929095451154117 -0.0049157278140614441 0.032980664796714868
leaf_weight=41 20 43 38 77 33 25 29 43 27 20 22 978 37 36
leaf_count=41 20 43 38 77 33 25 29 43 27 20 22 978 37 36
internal_value=0.000714286 -0.00823529 0.00126263 0.000988287 0.00153728 0.00114353 0.000503778 -0.0101449 -0.00984848 0.00115761 0.000776965 0.00116604 -0.00948276 0.0017734
internal_weight=1469 84 1385 1365 1300 1267 1190 68 65 1122 1093 1071 57 1014
internal_count=1469 84 1385 1365 1300 1267 1190 68 65 1122 1093 1071 57 1014
is_linear=0
shrinkage=0.05


Tree=139
num_leaves=15
num_cat=0
split_feature=3 7 3 4 1 1 1 7 1 1 1 7 7 7
split_gain=3.87496 4.38857 2.21287 1.84211 2.34007 5.07322 4.69605 4.45925 5.40815 5.49134 5.85248 4.23533 4.1209 4.79424
threshold=34.017419183778195 0.61064181310066357 41.230116381975385 996.70000000000016 5748.9900000000007 5164.0225 4870.3100000000013 -1.957320858455043 6016.4050000000007 6214.5975000000008 6436.7500000000009 0.1500464045024579 -1.957320858455043 -5.5253468179157244
decision_type=2 10 2 10 2 2 2 8 2 2 2 8 8 10
left_child=1 -1 -2 4 5 6 12 -6 -9 -10 -11 -12 13 -4
right_child=2 -3 3 -5 7 -7 -8 8 9 10 11 -13 -14 -15
leaf_value=0.0054548297704762553 0.011955566183414501 -0.0070696795998049684 0.0053360789169818448 0.012703508577172819 -0.016195122960638655 0.027538587604367327 -0.069666952601639326 -0.020089572479698566 0.16382310150069429 -0.20312431901304062 0.10182765133664032 0.0013405302149280291 -0.00018568497934058766 0.025775213935097897
leaf_weight=41 24 37 128 37 95 97 48 25 22 23 23 180 650 39
leaf_count=41 24 37 128 37 95 97 48 25 22 23 23 180 650 39
internal_value=0.000646259 -0.0101266 0.00125718 0.000986842 0.000676183 0.001973 0.000750577 -0.00271003 0.000547445 0.00281124 0.000440529 0.00318627 0.00165037 0.00863095
internal_weight=1469 78 1391 1367 1330 962 865 368 273 248 226 203 817 167
internal_count=1469 78 1391 1367 1330 962 865 368 273 248 226 203 817 167
is_linear=0
shrinkage=0.05


Tree=140
num_leaves=15
num_cat=0
split_feature=2 7 0 0 1 7 1 0 0 4 7 7 7 7
split_gain=2.80265 4.47659 2.74152 1.99255 3.24036 5.72627 4.81548 3.20979 2.36147 2.28276 2.81427 2.02798 4.31773 2.95401
threshold=826.61500000000012 -3.3646118871070878 48.66978492107264 78.546141861418633 3619.5820000000008 2.2154139465157603 5676.7000000000016 83.4378886972804 64.5634546516212 298.90000000000003 8.4519213936836355 12.240576446122811 9.7637038988469005 29.101130993991273
decision_type=2 10 2 2 2 8 2 2 2 8 8 10 10 10
left_child=1 -1 -2 4 5 -4 -6 -5 -8 10 -9 12 -11 -13
right_child=2 -3 3 7 6 -7 8 9 -10 11 -12 13 -14 -15
leaf_value=0.00077316085467308291 0.0069240327761730452 -0.0034617829475114105 -0.032226758823786061 0.037522310410783057 -0.014719493007974172 0.061602604051939805 0.0069212036956341084 0.007346032980770501 -0.02706459233053329 0.00065181819866584341 0.14054335091445766 -0.016810875803412798 0.019482525405866126 0.0041455655499598619
leaf_weight=41 20 43 24 21 33 28 37 31 34 924 21 102 33 77
leaf_count=41 20 43 24 21 33 28 37 31 34 924 21 102 33 77
internal_value=0.000578231 -0.00823529 0.00111833 0.000841874 -0.0044586 0.00566038 -0.00952381 0.00152893 -0.00208333 0.00117746 0.0113208 0.000703606 0.00161795 -0.00416667
internal_weight=1469 84 1385 1365 156 52 104 1209 71 1188 52 1136 957 179
internal_count=1469 84 1385 1365 156 52 104 1209 71 1188 52 1136 957 179
is_linear=0
shrinkage=0.05


Tree=141
num_leaves=15
num_cat=0
split_feature=3 7 0 4 0 7 4 3 7 6 6 0 7 0
split_gain=3.09142 3.68018 3.53563 1.81104 1.67926 3.73843 3.86907 3.09658 4.6213 1.74876 1.63636 1.45701 1.71021 5.21654
threshold=31.140942381968749 0.61064181310066357 53.038725717791621 1018.1000000000001 78.546141861418633 2.3281226062574309 852.995 75.943759111434233 -1.3918032258628157 80.241476138599182 185.08622512491374 89.086500000000015 -0.67035190254998855 95.570734338592658
decision_type=2 8 2 10 2 10 8 2 8 2 2 2 10 2
left_child=1 -1 -2 4 5 6 9 8 -6 -4 -10 -9 -13 -14
right_child=2 -3 3 -5 7 -7 -8 11 10 -11 -12 12 13 -15
leaf_value=0.0049580286694123196 0.016313266118026803 -0.008610992004874661 -0.01792388379166264 0.014902422445563723 -0.0024457495879486981 0.018268692897183213 -0.0051971303611999982 -0.010617859694641874 0.061789891964332246 -0.028162128536188463 0.0038082751914231827 0.0049217079856081376 0.040788333958602589 -0.0027136191898422981
leaf_weight=32 36 40 20 32 20 24 55 35 33 22 21 531 27 541
leaf_count=32 36 40 20 32 20 24 55 35 33 22 21 531 27 541
internal_value=0.000442177 -0.00958904 0.000965665 0.000550661 0.000263158 -0.00532787 -0.00969388 0.00082713 0.0106667 -0.0209302 0.0181818 0.000176211 0.0005 -0.00140598
internal_weight=1469 72 1397 1361 1329 121 97 1208 74 42 54 1134 1099 568
internal_count=1469 72 1397 1361 1329 121 97 1208 74 42 54 1134 1099 568
is_linear=0
shrinkage=0.05


Tree=142
num_leaves=15
num_cat=0
split_feature=3 7 2 3 4 2 7 7 7 7 7 4 4 1
split_gain=2.64197 3.77242 2.82544 2.43418 1.61167 2.33481 2.46542 1.95348 4.18668 3.02726 4.6833 9.81786 3.17561 2.94372
threshold=34.017419183778195 -2.0302628557945606 1470.6570000000002 41.230116381975385 298.90000000000003 3077.0840000000003 2.8849375678760585 12.240576446122811 10.764638936639061 29.101130993991273 22.603641251471021 581.0200000000001 630.7700000000001 4312.3625000000002
decision_type=2 10 2 2 8 2 8 10 10 10 10 10 10 2
left_child=1 -1 -3 -2 5 -5 -7 8 -6 10 11 -9 13 -11
right_child=3 2 -4 4 7 6 -8 9 -10 12 -12 -13 -14 -15
leaf_value=0.086427238698400771 0.01019599365654726 -0.0050759936632915285 -0.004741380874820917 -0.0073412108754057799 0.00017310786070988683 0.013774054921921009 0.11011144454274331 -0.073127018579495925 0.057739790127461825 0.00033789933899154996 -0.51077727444272136 0.018852410359462102 -0.14772067621077775 0.20591613508808113
leaf_weight=20 24 27 31 30 1092 21 22 31 22 34 22 51 22 20
leaf_count=20 24 27 31 30 1092 21 22 31 22 34 22 51 22 20
internal_value=3.40136e-05 -0.00886076 -0.0152542 0.000538793 0.000255848 0.00743243 0.0147727 -0.00015444 0.000627803 -0.00497238 -0.0104762 -0.00481928 0.0025974 0.00909091
internal_weight=1469 78 58 1391 1367 73 43 1294 1114 180 104 82 76 54
internal_count=1469 78 58 1391 1367 73 43 1294 1114 180 104 82 76 54
is_linear=0
shrinkage=0.05


Tree=143
num_leaves=15
num_cat=0
split_feature=8 2 1 1 6 6 0 7 6 6 6 3 6 6
split_gain=2.71749 3.80817 2.62972 6.07997 3.44702 3.37201 4.47851 3.36706 3.22599 2.46606 2.39725 4.23192 8.64552 3.82338
threshold=1.5000000000000002 741.17000000000007 6214.5975000000008 5052.0200000000013 143.22122829846126 154.35354196364401 89.086500000000015 -15.012067136824411 129.30283123427753 170.85603848975333 136.44700000000003 125.80501386182929 123.04374204267778 125.23444001911626
decision_type=2 2 2 2 2 2 2 8 2 2 2 2 2 2
left_child=1 -1 3 7 -5 6 -4 -2 -8 -6 11 13 -13 -3
right_child=2 10 5 4 9 -7 8 -9 -10 -11 -12 12 -14 -15
leaf_value=-0.01071533114214498 0.074573868329926282 0.0013944985853040937 -0.022089144093820547 0.011660040914884116 0.19203418512343556 -0.10222601807300542 0.24668049985281365 9.5038729834806557e-05 -0.0015354529461000022 0.19782958992447791 -0.0040313055282062086 -0.14548953101697776 0.022405552308320011 -0.0017741686285131662
leaf_weight=37 36 230 37 25 20 36 29 328 29 32 536 20 30 44
leaf_count=37 36 230 37 25 20 36 29 328 29 32 536 20 30 44
internal_value=0.000102041 -0.0016147 0.00279232 0.00463801 0.0173077 -0.00340909 0.0015625 0.00191781 0.0101695 0.0245283 -0.000929152 0.00246154 0.0156863 0
internal_weight=1469 897 572 441 77 131 95 364 58 52 860 324 50 274
internal_count=1469 897 572 441 77 131 95 364 58 52 860 324 50 274
is_linear=0
shrinkage=0.05


Tree=144
num_leaves=15
num_cat=0
split_feature=2 0 1 8 6 1 2 3 3 0 0 0 1 2
split_gain=2.42714 2.94399 2.29591 1.64554 4.01449 4.01008 3.62129 3.02472 4.19552 11.2609 7.0479 4.45592 6.00773 3.52324
threshold=826.61500000000012 48.66978492107264 2212.7850000000003 1.5000000000000002 76.843044044200369 1939.8400000000004 13544.000000000002 233.21832234627394 144.37040879121128 144.70256566248392 127.87726687206836 89.086500000000015 2998.1200000000003 5745.4540000000006
decision_type=2 2 2 2 2 2 2 2 2 2 2 2 2 2
left_child=2 -2 -1 -3 -5 -6 7 8 9 10 11 -7 -13 -14
right_child=1 3 -4 4 5 6 -8 -9 -10 -11 -12 12 13 -15
leaf_value=-0.0009553870964185752 0.005848323838581815 -0.00069137462922448938 -0.003127791296815736 -0.052448199349271418 -0.039527466447520386 -0.006557707870620222 -0.025017411569243465 0.24807947551794218 -0.0054194512196787037 0.45215854079598139 -0.041191010562296307 -0.029312951700396161 0.096392642896662245 0.11626685018020844
leaf_weight=62 20 840 22 36 52 53 29 29 124 35 48 22 62 35
leaf_count=62 20 840 22 36 52 53 29 29 124 35 48 22 62 35
internal_value=-3.40136e-05 0.000468975 -0.00823529 0.000183016 0.00237643 0.00357143 0.00513699 0.00635697 0.00513158 0.00878906 0.00452489 0.00924855 0.0145833 0.019898
internal_weight=1469 1385 84 1365 525 489 437 408 379 255 220 172 119 97
internal_count=1469 1385 84 1365 525 489 437 408 379 255 220 172 119 97
is_linear=0
shrinkage=0.05


Tree=145
num_leaves=15
num_cat=0
split_feature=0 2 0 6 7 1 6 2 6 6 6 0 2 2
split_gain=1.63311 1.67863 3.036 2.29202 2.0048 2.13154 1.96222 1.78036 1.60925 3.04689 2.82034 2.57176 2.80913 1.8751
threshold=374.63000000000005 826.61500000000012 48.66978492107264 287.35750078183622 2.1438787545079134 1067.8100000000002 264.38156449252426 953.34500000000014 221.73572678780906 227.48708431902847 217.88727910358242 205.87814539887691 9496.6750000000011 13544.000000000002
decision_type=2 2 2 2 8 2 2 2 2 2 2 2 2 2
left_child=1 4 -3 6 -1 -6 7 -4 10 -10 13 -11 -13 -9
right_child=-2 2 3 -5 5 -7 -8 8 9 11 -12 12 -14 -15
leaf_value=5.3837619952007421e-05 -0.17823053529952873 0.0055559076466527198 0.017473018219353771 0.093079187214126669 -0.00070572353152941196 -0.051656107382275489 -0.034298938650546285 -5.6481591115259412e-05 0.21462627446661253 -0.093946933402041383 -0.080560095024351783 -0.0031954319951653268 0.049115657579010819 -0.0083636532325458198
leaf_weight=39 20 20 20 28 21 24 23 1104 22 22 20 26 21 59
leaf_count=39 20 20 20 28 21 24 23 1104 22 22 20 26 21 59
internal_value=-0.000442177 -0.000241379 0.000183016 -0.000111441 -0.00705882 -0.0141304 -0.000417299 -0.00015444 -0.000392157 0.00597826 -0.000886824 0.000714286 0.00729167 -0.000558419
internal_weight=1469 1449 1365 1345 84 45 1317 1294 1274 91 1183 69 47 1163
internal_count=1469 1449 1365 1345 84 45 1317 1294 1274 91 1183 69 47 1163
is_linear=0
shrinkage=0.05


Tree=146
num_leaves=15
num_cat=0
split_feature=7 6 4 4 7 7 6 4 7 7 7 4 7 6
split_gain=1.71437 2.21827 1.25565 6.63211 5.51958 6.37203 4.451 3.89342 4.9025 3.6666 8.19959 3.25538 3.22271 5.36964
threshold=61.13915789669975 298.28141587658195 592.06000000000017 608.38563725490201 -9.4124993918065183 -14.279632867178028 190.50377152995756 637.9433333333335 7.1379500039558588 12.585515333991745 20.461058997541304 456.07029411764717 -8.801203531763802 146.71878109716189
decision_type=10 2 8 8 10 8 2 8 10 10 10 10 8 2
left_child=1 2 4 -4 5 6 -1 8 -5 -6 -11 -12 13 -9
right_child=-2 -3 3 7 9 -7 -8 12 -10 10 11 -13 -14 -15
leaf_value=-0.071478224069243076 -0.3057521341591008 0.048881202560466457 0.023331846067849417 -0.052912124543869801 0.001484343270660049 -0.22505253609400927 0.081963606343513656 -0.00098898204253838884 0.048161690833137663 -0.068391031005620093 0.064537066353478653 -0.01001949383442326 -0.00025709493808102614 0.11451698259178578
leaf_weight=46 20 28 51 55 313 26 32 31 24 38 25 24 715 41
leaf_count=46 20 28 51 55 313 26 32 31 24 38 25 24 715 41
internal_value=-0.000102041 0.000103448 -0.000175809 0.000925926 -0.00217822 -0.012381 -0.00506329 -0.00011534 -0.010625 0.000498753 -0.00852273 0.005 0.000951777 0.0109589
internal_weight=1469 1449 1421 917 504 104 78 866 79 400 87 49 787 72
internal_count=1469 1449 1421 917 504 104 78 866 79 400 87 49 787 72
is_linear=0
shrinkage=0.05


Tree=147
num_leaves=15
num_cat=0
split_feature=6 6 7 7 4 4 4 6 7 4 2 2 0 4
split_gain=2.1452 2.09248 1.93702 4.00198 2.75957 4.8682 4.99961 7.15906 4.1998 4.1801 4.24288 5.41073 3.67346 3.34242
threshold=287.35750078183622 264.38156449252426 1.7072468449608664 1.1141055494729672 448.45500000000004 558.19500000000005 618.21000000000004 145.47511645959014 3.3322097064392335 663.32500000000016 8485.1200000000008 6794.9040000000014 249.94588830189008 794.40166666666676
decision_type=2 2 10 10 10 10 10 2 10 10 2 2 2 10
left_child=1 2 3 -1 8 -6 7 -7 -4 -8 11 13 -10 -11
right_child=-2 -3 4 -5 5 6 9 -9 12 10 -12 -13 -14 -15
leaf_value=0.0010570600475920844 0.015679540130079793 -0.032571136971114911 -0.027614080786107911 0.0096812394604842839 -0.055702653449548681 0.088738095093914907 -0.070951899436896712 0.0016827273056400833 0.036564145266632618 0.011582655199447024 0.0075756709497699307 -0.051996069978389681 -0.064305963259481888 -0.0034984508880405276
leaf_weight=803 40 25 25 43 65 21 52 61 86 57 58 26 26 81
leaf_count=803 40 25 25 43 65 21 52 61 86 57 58 26 26 81
internal_value=0.000918367 0.000594406 0.000854093 0.00236128 -0.00143113 -0.00343602 -0.00112045 0.00963855 0.00471014 -0.00436364 -0.00134529 -0.00545455 0.00884956 -0.00143885
internal_weight=1469 1429 1404 846 558 421 356 82 137 274 222 164 112 138
internal_count=1469 1429 1404 846 558 421 356 82 137 274 222 164 112 138
is_linear=0
shrinkage=0.05


Tree=148
num_leaves=15
num_cat=0
split_feature=2 6 7 1 7 6 2 6 0 7 0 0 7 0
split_gain=2.48899 2.73118 2.24289 4.2723 2.52351 2.81034 3.95048 2.95336 2.7057 2.87197 2.52572 3.92021 2.68654 3.44745
threshold=741.17000000000007 287.35750078183622 5.2338214273377313 8502.7950000000001 4.5990944090746106 227.48708431902847 6794.9040000000014 218.43771301612728 222.72964531768312 -9.7335185389952148 204.31947867024365 190.76290625325376 -22.214310501880906 140.52698445551889
decision_type=2 2 10 2 10 2 2 2 2 10 2 2 8 2
left_child=-1 2 4 -4 5 7 -7 8 10 -10 11 12 13 -2
right_child=1 -3 3 -5 -6 6 -8 -9 9 -11 -12 -13 -14 -15
leaf_value=-0.0022021317675681969 0.0017110513658698174 0.020645417295971982 -0.001293189684301524 -0.018460923642227078 0.0077603574192035181 -0.2491944136361405 0.01645795561782475 0.13081531905745925 0.0069520912283588228 -0.083704887674341019 0.21984323204797762 -0.26048041622603108 0.0023325259322178465 -0.077032213144826833
leaf_weight=72 22 37 329 23 30 24 41 21 47 32 23 20 728 20
leaf_count=72 22 37 329 23 30 24 41 21 47 32 23 20 728 20
internal_value=0.000782313 0.00125179 0.000881705 -0.00254958 0.00208127 0.00163432 -0.00833333 0.0023523 0.0019037 -0.006875 0.00276413 0.0022756 0.00285344 -0.00930233
internal_weight=1469 1397 1360 352 1008 978 65 913 892 79 813 790 770 42
internal_count=1469 1397 1360 352 1008 978 65 913 892 79 813 790 770 42
is_linear=0
shrinkage=0.05


Tree=149
num_leaves=15
num_cat=0
split_feature=2 0 6 6 7 4 7 7 4 4 2 2 2 2
split_gain=2.37443 2.61034 2.72084 2.18817 2.0048 3.22169 1.77025 2.62619 2.64362 5.15521 2.60768 2.31049 2.2769 2.77991
threshold=826.61500000000012 48.66978492107264 287.35750078183622 264.38156449252426 2.1438787545079134 870.95166666666694 5.2338214273377313 7.0165017145699915 448.45500000000004 558.19500000000005 1134.6900000000003 15219.495000000001 13544.000000000002 6258.8750000000009
decision_type=2 2 2 2 8 8 10 10 10 10 2 2 2 2
left_child=4 -2 3 6 -1 -6 10 -8 -9 -10 -3 12 13 -12
right_child=1 2 -4 -5 5 -7 7 8 9 -11 11 -13 -14 -15
leaf_value=0.0001044924294773153 0.0050344158017965879 0.0067663827020256308 0.01961314643117338 -0.031765477903450412 -0.0265746839054271 -0.0097986251739558446 -0.012338710348282433 0.039836194380562191 -0.12721826507420561 0.00092199351636695632 -0.00060601375677039708 0.037765479587854006 -0.024927492962326887 0.0071575199781564632
leaf_weight=39 20 40 37 25 20 25 62 68 39 176 532 22 36 328
leaf_count=39 20 40 37 25 20 25 62 68 39 176 532 22 36 328
internal_value=0.00105442 0.00155123 0.00128111 0.000902935 -0.00705882 -0.0141304 0.00118865 -0.00187861 0.000176056 -0.0025463 0.00229406 0.00174102 0.00133779 0.0018583
internal_weight=1469 1385 1365 1328 84 45 1303 345 283 215 958 918 896 860
internal_count=1469 1385 1365 1328 84 45 1303 345 283 215 958 918 896 860
is_linear=0
shrinkage=0.05


Tree=150
num_leaves=15
num_cat=0
split_feature=6 3 3 0 3 6 6 4 6 3 0 3 3 6
split_gain=2.04275 1.5241 2.0528 2.23152 2.0688 2.58672 2.15641 3.75298 1.5613 2.84781 2.70957 6.84237 6.20497 4.03246
threshold=287.35750078183622 273.96939548992634 204.61026134758544 249.94588830189008 212.13395411384326 196.51672392057458 211.59180660902788 405.13000000000005 184.09976753558024 66.045127636247273 142.72869666639579 138.34682775243172 125.18775508312505 139.31384184165816
decision_type=2 2 2 2 2 2 2 10 2 2 2 2 2 2
left_child=1 2 3 8 -4 -6 -7 -8 10 -10 12 13 -1 -12
right_child=-2 -3 4 -5 5 6 7 -9 9 -11 11 -13 -14 -15
leaf_value=0.00044410313197544018 0.012882634937218532 -0.08045404655068876 0.039986198694914446 -0.14022490295468551 -0.014262994686177777 0.097275034605888294 0.22519887419263754 -0.071156328874518865 0.0063516972925897397 -0.012956443974424659 0.0028539631113976283 0.00075171813785276378 -0.095027625307712776 0.17381612356888529
leaf_weight=686 40 39 24 23 39 25 20 27 20 183 31 232 37 43
leaf_count=686 40 39 24 23 39 25 20 27 20 183 31 232 37 43
internal_value=0.00119048 0.000874126 0.00115025 0.000517516 0.00698529 0.00401786 0.00958904 0.003125 0.00081103 -0.00318627 0.00160194 0.00553746 -6.90608e-05 0.0186667
internal_weight=1469 1429 1390 1255 135 111 72 47 1232 203 1029 306 723 74
internal_count=1469 1429 1390 1255 135 111 72 47 1232 203 1029 306 723 74
is_linear=0
shrinkage=0.05


Tree=151
num_leaves=15
num_cat=0
split_feature=6 4 3 7 7 6 6 1 1 1 7 1 0 4
split_gain=1.53605 2.05827 2.8376 1.96832 3.49635 3.07325 3.23424 2.80118 3.92839 5.79639 3.10821 2.86534 2.37915 2.24091
threshold=250.98244478577615 325.07068393896151 246.47345543453437 1.8641025480890969 1.1141055494729672 215.97440379665412 226.69809874243089 2156.0200000000004 3706.8850000000007 4039.0150000000003 2.8290593895734308 1435.0365000000002 248.12072054089606 937.98500000000001
decision_type=2 10 2 10 10 2 2 2 2 2 10 2 2 10
left_child=3 2 -2 4 -1 7 -7 10 -9 -10 -5 -12 13 -11
right_child=1 -3 -4 5 -6 6 -8 8 9 12 11 -13 -14 -15
leaf_value=0.00033629635765833891 0.11709066310747951 -0.028923972498736045 0.0017635851244454327 -0.027230662395679485 0.0027175646722241288 -0.43973397591406771 -0.0012427732815541771 0.010999877091272627 -0.1089436823647536 0.0021135657055497358 0.049270115663238523 -0.015853715590374507 -0.075612700108111303 -0.022665259016940546
leaf_weight=795 25 28 27 24 58 23 27 131 25 210 25 30 21 20
leaf_count=795 25 28 27 24 58 23 27 131 25 210 25 30 21 20
internal_value=0.000714286 0.00740741 0.0132075 0.000323741 0.00181499 -0.00204842 -0.0137255 -0.000821355 0.000857843 -0.00252708 -0.009375 -0.00267857 -0.000198413 0.0012987
internal_weight=1469 80 52 1389 853 536 50 486 407 276 79 55 251 230
internal_count=1469 80 52 1389 853 536 50 486 407 276 79 55 251 230
is_linear=0
shrinkage=0.05


Tree=152
num_leaves=15
num_cat=0
split_feature=6 3 6 6 6 6 6 6 2 4 6 6 2 2
split_gain=2.09367 1.48023 1.79479 1.92449 1.83157 2.88095 1.67616 3.88684 3.27224 3.08802 3.85775 6.67797 2.71474 2.665
threshold=287.35750078183622 273.96939548992634 250.98244478577615 237.95088285781543 221.73572678780906 227.48708431902847 184.09976753558024 190.08105851215348 9318.6000000000004 619.60333333333347 194.47006602093958 200.98563697741199 11107.590000000002 14288.570000000002
decision_type=2 2 2 2 2 2 2 2 2 10 2 2 2 2
left_child=1 2 3 4 6 -6 13 -8 9 10 -9 -12 -10 -1
right_child=-2 -3 -4 -5 5 -7 7 8 12 -11 11 -13 -14 -15
leaf_value=0.00039405849432956608 0.0129739440071516 -0.056766713321753141 0.029326499927030278 -0.14758016712326977 0.14401433548657838 0.0042421087186355847 -0.018635194281918965 0.14956701142307599 0.14686415639444356 -0.14158722974903348 -0.32213604108495159 0.0039353699406404546 0.0015253676881953255 0.048544927452736288
leaf_weight=1042 40 39 30 20 23 32 45 20 23 29 23 55 28 20
leaf_count=1042 40 39 30 20 23 32 45 20 23 29 23 55 28 20
internal_value=0.00105442 0.000734266 0.00100647 0.000734754 0.000969426 0.00982143 0.000583204 -0.00334821 0 -0.00429688 0 -0.00506329 0.0105769 0.0014111
internal_weight=1469 1429 1390 1360 1340 55 1285 223 178 127 98 78 51 1062
internal_count=1469 1429 1390 1360 1340 55 1285 223 178 127 98 78 51 1062
is_linear=0
shrinkage=0.05


Tree=153
num_leaves=15
num_cat=0
split_feature=7 6 4 4 4 4 4 2 7 3 2 5 6 4
split_gain=1.9694 2.18771 1.32534 3.33095 2.43814 2.8481 1.84533 1.55675 2.50417 1.46525 4.49062 3.55 5.99911 1.80563
threshold=61.13915789669975 287.35750078183622 1075.5650000000003 912.98166666666668 932.73000000000013 980.15000000000009 898.46500000000015 1028.8050000000003 -16.788651926845358 52.391230381463323 2317.9185000000002 1.0000000180025095e-35 60.321964682232554 825.95000000000016
decision_type=10 2 10 10 10 10 10 2 10 2 2 2 2 10
left_child=1 2 3 6 -5 -6 7 8 -1 10 -9 12 -11 -13
right_child=-2 -3 -4 4 5 -7 -8 9 -10 11 -12 13 -14 -15
leaf_value=0.08450443397145653 -0.28423906447271025 0.043793606917300165 -0.0027813678978564128 0.0023101579257499331 -0.0020211661762996268 0.019685004608497651 -0.029733806986692903 0.011813068644522296 -0.0018963685849748087 0.01629519301004272 -0.0022303980345491749 0.0010120839167360341 -0.033617370762373269 0.012171684809369721
leaf_weight=38 20 38 21 24 31 20 20 47 69 21 40 1002 25 53
leaf_count=38 20 38 21 24 31 20 20 47 69 21 40 1002 25 53
internal_value=0.000918367 0.00113793 0.000814448 0.00100647 0.0111842 0.00480769 0.000417933 0.000655864 -0.00509259 0.00117746 0.00738636 0.000680581 -0.012766 0.00127841
internal_weight=1469 1449 1411 1390 75 51 1315 1295 107 1188 87 1101 46 1055
internal_count=1469 1449 1411 1390 75 51 1315 1295 107 1188 87 1101 46 1055
is_linear=0
shrinkage=0.05


Tree=154
num_leaves=15
num_cat=0
split_feature=6 6 7 7 2 2 2 6 3 7 7 6 7 7
split_gain=2.03622 6.39695 2.41147 2.34287 3.32875 5.77275 5.08222 3.30563 9.1875 5.11214 4.13917 2.94372 2.04601 3.27485
threshold=196.51672392057458 191.44833333333335 39.903483196536932 25.125122342679223 12882.029 10183.880000000001 8152.1280000000015 229.08500102578623 175.53682203461094 -10.591417294990093 -0.33734789276833149 247.13302143183805 29.101130993991273 22.603641251471021
decision_type=2 2 10 10 2 2 2 2 2 10 8 2 10 10
left_child=1 2 12 4 5 6 7 8 9 -2 -9 -12 13 -1
right_child=3 -3 -4 -5 -6 -7 -8 10 -10 -11 11 -13 -14 -15
leaf_value=0.00039154836891202032 0.10307646099129085 -0.097952888666786447 -0.19307057040812584 0.037746866173896602 -0.033746579823934218 0.10646882261487658 -0.089942944278860223 0.018715125107778608 0.1310984727723272 -0.2429743462281381 -0.16673599488411167 0.0030249156259970602 0.058377175770691105 -0.084502199841983941
leaf_weight=1065 20 30 28 36 32 32 46 26 29 30 20 34 21 20
leaf_count=1065 20 30 28 36 32 32 46 26 29 30 20 34 21 20
internal_value=0.000782313 -0.000171674 0.000440529 0.00441176 0.00277778 0.00483193 0.00169903 0.0059375 0.013125 0 -0.00123457 -0.00909091 0.000813008 0.000506446
internal_weight=1469 1164 1134 305 269 237 205 159 79 50 80 54 1106 1085
internal_count=1469 1164 1134 305 269 237 205 159 79 50 80 54 1106 1085
is_linear=0
shrinkage=0.05


Tree=155
num_leaves=15
num_cat=0
split_feature=6 1 2 2 2 6 6 2 2 0 4 6 6 2
split_gain=2.13356 3.14181 2.70023 5.66396 2.71288 2.3771 1.81777 1.36343 6.79105 3.49463 3.25341 4.79168 3.77648 2.61122
threshold=221.73572678780906 2094.8530000000005 6202.1500000000005 4108.7650000000003 7441.2300000000005 241.26640339305658 217.88727910358242 10505.270000000002 10023.938500000002 169.32734950567814 497.20500000000004 166.56824322436901 189.26565168370936 9667.0050000000028
decision_type=2 2 2 2 2 2 2 2 2 2 8 2 2 2
left_child=6 -2 3 -3 -4 -6 7 8 13 -9 -11 -12 -13 -1
right_child=1 2 4 -5 5 -7 -8 9 -10 10 11 12 -14 -15
leaf_value=0.00038535988144933479 -0.25446316423424559 0.00079444639613894812 -0.057592758955536782 0.28164187594675127 -0.00061901998961639562 0.036413726414157965 -0.055178304545921764 -0.011988867842487694 0.058792517036438424 0.097002406865963953 0.032345157090275425 -0.23513546369389884 0.00026220740318158022 -0.044972667789824332
leaf_weight=1076 21 23 25 20 31 45 20 51 26 20 30 28 27 26
leaf_count=1076 21 23 25 20 31 45 20 51 26 20 30 28 27 26
internal_value=0.000986395 0.0063253 0.00896552 0.0193182 0.00441176 0.00909091 0.000306513 0.000544747 0.00115146 -0.00382166 0.00141509 -0.00290698 -0.0116071 0.000543971
internal_weight=1469 165 144 43 101 76 1304 1284 1128 156 105 85 55 1102
internal_count=1469 165 144 43 101 76 1304 1284 1128 156 105 85 55 1102
is_linear=0
shrinkage=0.05


Tree=156
num_leaves=15
num_cat=0
split_feature=6 0 0 2 3 6 4 2 2 2 6 6 6 7
split_gain=2.22364 1.38491 1.74746 4.54867 4.01199 3.03132 3.51308 3.81347 2.82297 2.52884 4.95601 2.4913 4.04879 2.37606
threshold=287.35750078183622 307.54057270272295 162.37585100299827 2691.6020000000003 141.56504271133056 139.31384184165816 772.93000000000018 6729.0650000000014 10576.320000000002 8811.6450000000023 110.76566694381623 157.5300908413852 174.6484752966019 19.784798349088273
decision_type=2 2 2 2 2 2 10 2 2 2 2 2 2 8
left_child=1 2 4 -4 8 13 7 11 9 -1 -11 -7 -13 -5
right_child=-2 -3 3 5 -6 6 -8 -9 -10 10 -12 12 -14 -15
leaf_value=1.8258564110543163e-05 0.021398859202926425 -0.054817010825922455 0.31840078344656952 0.013694992633177194 -0.076060481357249049 0.0036904444886709884 -0.051356832224877136 0.012660413953648598 -0.010413389301811416 0.056343223084844185 0.0051472998701587534 -0.053648349162216835 -0.0049923038537165176 0.0028127164549550223
leaf_weight=796 40 52 24 27 34 22 25 233 45 21 40 26 59 25
leaf_count=796 40 52 24 27 34 22 25 233 45 21 40 26 59 25
internal_value=0.000714286 0.000384615 0.000689405 0.00328054 -0.000533618 0.00203349 0.000409836 0.00175953 0.000110742 0.000757576 0.0104839 -0.00601852 -0.00988372 0.0132075
internal_weight=1469 1429 1377 441 936 417 365 340 902 857 61 107 85 52
internal_count=1469 1429 1377 441 936 417 365 340 902 857 61 107 85 52
is_linear=0
shrinkage=0.05


Tree=157
num_leaves=15
num_cat=0
split_feature=2 0 6 8 2 2 2 3 6 2 2 6 6 4
split_gain=1.82094 2.02301 1.86514 1.84213 1.32193 6.49222 3.81266 5.91783 1.15651 5.29066 4.33436 3.82705 3.67006 4.15427
threshold=741.17000000000007 52.030013044333622 287.35750078183622 1.5000000000000002 13544.000000000002 13034.240000000003 14288.570000000002 212.13395411384326 196.51672392057458 10183.880000000001 10505.270000000002 191.44833333333335 213.71465235211417 633.02833333333353
decision_type=2 2 2 2 2 2 2 2 2 2 2 2 2 8
left_child=3 -2 4 -1 5 8 -6 -8 10 12 11 -3 -10 -14
right_child=1 2 -4 -5 6 -7 7 -9 9 -11 -12 -13 13 -15
leaf_value=-0.007451768160777284 0.0031227078513946117 0.00080306683679768351 0.028098147911734109 0.00035179002818841454 -0.021956235278871618 0.098607129548989217 0.045100338890993789 -0.056107829071949937 0.016067061757791889 0.075263090241414976 -0.11837047316610967 -0.09485165796933831 0.0029035999045501624 -0.082440047310223266
leaf_weight=37 40 908 37 35 30 20 22 27 67 38 60 28 84 36
leaf_count=37 40 908 37 35 30 20 22 27 67 38 60 28 84 36
internal_value=0.00085034 0.00125179 0.000920471 -0.00684932 0.000605602 0.00100644 -0.005625 0.003 0.000531915 0.00376106 -0.000200602 0.000640342 0.000265957 -0.00495868
internal_weight=1469 1397 1357 72 1320 1241 79 49 1221 225 996 936 187 120
internal_count=1469 1397 1357 72 1320 1241 79 49 1221 225 996 936 187 120
is_linear=0
shrinkage=0.05


Tree=158
num_leaves=15
num_cat=0
split_feature=2 0 4 7 4 6 0 6 2 7 0 2 2 2
split_gain=1.72729 4.10221 2.50454 2.89104 3.34154 1.63584 4.19661 3.16901 3.14556 3.00402 2.34713 4.27093 1.89816 5.50263
threshold=1028.8050000000003 52.030013044333622 829.45000000000016 1.9303602429088047 701.75000000000011 196.51672392057458 249.94588830189008 202.52795818800894 6146.317500000001 31.532472601157782 268.76775071743106 4672.8600000000015 10183.880000000001 12882.029
decision_type=2 2 8 8 10 2 2 2 2 10 2 2 2 2
left_child=2 -2 3 4 -1 6 -3 -7 10 12 11 -9 -10 -14
right_child=1 5 -4 -5 -6 7 -8 8 9 -11 -12 -13 13 -15
leaf_value=0.0027916033261127073 0.0038747466042323184 0.00028203023566585327 0.01922995033768822 -0.034223027477836787 -0.00083008386802582159 0.10178555933302283 -0.15267438263710115 0.0051648253985952077 -0.055054953007007516 0.014498120729179644 -0.019944862285907396 0.17773481914371478 0.065506194425538108 -0.039120071240928249
leaf_weight=25 30 977 50 27 24 30 41 48 100 21 20 20 29 27
leaf_count=25 30 977 50 27 24 30 41 48 100 21 20 20 29 27
internal_value=0.00085034 0.00137649 -0.00472441 -0.0103896 -0.003 0.000951294 0 0.00422297 0.00244361 -0.00140449 0.0101124 0.0144928 -0.00382166 0.00350877
internal_weight=1469 1343 126 76 49 1313 1018 295 265 177 88 68 156 56
internal_count=1469 1343 126 76 49 1313 1018 295 265 177 88 68 156 56
is_linear=0
shrinkage=0.05


Tree=159
num_leaves=15
num_cat=0
split_feature=6 6 7 6 7 7 3 0 6 0 6 7 0 0
split_gain=2.1712 1.86971 1.96348 4.25459 3.33227 3.28124 2.93617 3.82714 3.03061 2.86893 3.89597 3.48914 3.27991 3.16243
threshold=287.35750078183622 269.71879561932559 -0.84305986674137745 214.57580423236851 -1.3918032258628157 -2.4631920914636818 114.91069762576599 100.45989810793745 137.52148431180527 169.32734950567814 138.44905569048538 -9.4124993918065183 149.64929038334114 145.87864447091965
decision_type=2 2 10 2 10 10 2 2 2 2 2 8 2 2
left_child=1 2 3 4 5 6 7 -1 -9 11 -11 12 -8 -13
right_child=-2 -3 -4 -5 -6 -7 9 8 -10 10 -12 13 -14 -15
leaf_value=0.0002574634797384956 0.019937929654139094 -0.040360613998012114 -0.00077122786040657041 0.050039712815792531 0.034143063543636852 -0.0072599432042746385 -0.042750365490552375 0.072072069984018786 0.021329408689128568 0.028107833253592864 -0.0035256142076913301 -0.045714170819324676 -0.23188160638373143 0.12810181343894511
leaf_weight=179 40 20 755 68 21 27 20 39 54 22 108 55 20 41
leaf_count=179 40 20 755 68 21 27 20 39 54 22 108 55 20 41
internal_value=0.00085034 0.000524476 0.000744681 0.00274809 0.00136286 0.000618375 0.00148423 0.00512821 0.0132979 -0.00224719 0.00305344 -0.00729927 -0.0195122 -0.00206186
internal_weight=1469 1429 1409 654 586 565 538 272 93 266 130 136 40 96
internal_count=1469 1429 1409 654 586 565 538 272 93 266 130 136 40 96
is_linear=0
shrinkage=0.05


Tree=160
num_leaves=15
num_cat=0
split_feature=7 7 4 6 6 6 4 4 7 6 0 7 2 4
split_gain=2.33912 4.00314 5.79834 4.04015 3.44031 7.66548 6.65781 5.17997 2.99092 3.47232 3.85753 2.42293 2.34487 2.08669
threshold=-8.4745967916817033 -5.5253468179157244 579.06264705882359 254.70829248876939 146.71878109716189 136.44700000000003 456.07029411764717 379.03382352941179 -2.4631920914636818 217.88727910358242 227.64925018822183 -14.279632867178028 8233.385000000002 626.58264705882368
decision_type=8 8 10 2 2 2 10 10 8 2 2 10 2 10
left_child=4 2 -2 8 5 -1 7 -6 -3 13 -11 12 -8 -10
right_child=1 3 -4 -5 6 -7 11 -9 9 10 -12 -13 -14 -15
leaf_value=0.0064327087055392005 0.046427886408215394 0.0056781776547261079 -0.050567611714001204 0.036468424170237566 0.030021879514518447 -0.21264118779065477 0.10700880646972222 -0.089737023661038931 0.0017657910968834735 0.0014250393603251893 -0.044809748469336802 0.089285183994205097 0.00016456674330502798 -0.0013692729133236632
leaf_weight=39 24 70 26 60 25 20 35 20 631 35 42 27 29 386
leaf_count=39 24 70 26 60 25 20 35 20 631 35 42 27 29 386
internal_value=0.000782313 0 -0.0137255 0.000571429 0.00586735 -0.00416667 0.010219 -0.00543478 -8.58369e-05 -0.000730594 -0.0108974 0.0179348 0.0123077 4.91159e-05
internal_weight=1469 1274 50 1224 195 59 136 45 1164 1094 77 91 64 1017
internal_count=1469 1274 50 1224 195 59 136 45 1164 1094 77 91 64 1017
is_linear=0
shrinkage=0.05


Tree=161
num_leaves=15
num_cat=0
split_feature=2 2 3 2 7 3 7 2 4 7 4 7 1 3
split_gain=2.06703 3.02033 4.51261 2.78592 1.81044 4.14943 6.39167 6.76603 3.63251 3.52773 5.43385 3.68152 2.74321 2.40845
threshold=13381.010000000002 14288.570000000002 212.13395411384326 12882.029 -8.4745967916817033 153.35294307824236 -14.279632867178028 4817.7150000000011 489.4500000000001 -5.5253468179157244 579.06264705882359 -2.4631920914636818 5099.0060000000012 18.385610802557235
decision_type=2 2 2 2 8 2 10 2 10 8 10 8 2 2
left_child=3 -2 -3 4 5 6 7 -1 -7 10 -6 12 -11 -13
right_child=1 2 -4 -5 9 8 -8 -9 -10 11 -12 13 -14 -15
leaf_value=0.010498275539527358 -0.022386596484922097 0.041908634987735872 -0.045718446648321191 0.025716488522385283 0.044106492087804622 0.0091351897760422861 0.013304953801631792 -0.17352865303155807 0.12993057036380357 0.02482306875913181 -0.059568197009730685 -0.0078812741372036033 -0.0011153014154706117 0.00022072355467747941
leaf_weight=39 35 22 27 20 24 25 39 38 32 38 25 33 28 1044
leaf_count=39 35 22 27 20 24 25 39 38 32 38 25 33 28 1044
internal_value=0.000510204 -0.00705882 0.001 0.000974026 0.000695461 0.00545977 0 -0.00833333 0.0163793 0 -0.013 0.000568182 0.0119403 -0.000139147
internal_weight=1469 84 49 1385 1365 173 116 77 57 1192 49 1143 66 1077
internal_count=1469 84 49 1385 1365 173 116 77 57 1192 49 1143 66 1077
is_linear=0
shrinkage=0.05


Tree=162
num_leaves=15
num_cat=0
split_feature=2 2 2 3 1 4 5 3 1 1 6 8 3 4
split_gain=1.41839 2.70963 2.23331 4.51261 1.45889 3.72059 2.0369 6.98077 3.7663 6.56127 3.2888 4.21353 3.28048 2.78133
threshold=13544.000000000002 13034.240000000003 14288.570000000002 212.13395411384326 12932.485000000002 357.7050000000001 2.5000000000000004 93.112885635600975 7432.438000000001 6044.6650000000018 106.95412042283547 1.5000000000000002 95.039899770270907 379.03382352941179
decision_type=2 2 2 2 2 10 2 2 2 2 2 2 2 10
left_child=1 4 -2 -4 6 -6 8 -8 9 10 -1 13 -9 -12
right_child=2 -3 3 -5 5 -7 7 12 -10 -11 11 -13 -14 -15
leaf_value=0.00036391758483520501 -0.022039696859857995 0.090598516971197099 0.039813203238349082 -0.043432524315905142 -0.0024936998695414755 0.0270010475358896 0.021578653418700983 -0.062872915551182657 -0.029497901782778332 0.046294336592915333 -0.0021860392356093049 0.0016977582115246916 0.0015046082894402402 -0.040011430864782253
leaf_weight=191 30 20 22 27 46 21 82 20 47 24 22 51 830 36
leaf_count=191 30 20 22 27 46 21 82 20 47 24 22 51 830 36
internal_value=0.00085034 0.00122214 -0.005625 0.001 0.000948213 0.00808824 0.000575153 0.00182208 -0.00255376 -0.000615385 -0.00265781 -0.00954545 0.000470035 -0.0186441
internal_weight=1469 1390 79 49 1370 67 1303 932 371 324 300 109 850 58
internal_count=1469 1390 79 49 1370 67 1303 932 371 324 300 109 850 58
is_linear=0
shrinkage=0.05


Tree=163
num_leaves=15
num_cat=0
split_feature=7 4 7 4 0 2 4 4 6 6 4 4 3 3
split_gain=1.99076 3.99159 3.0701 4.19294 5.73707 5.42065 5.17933 4.96623 3.29755 5.13338 4.47063 3.28751 2.664 4.52332
threshold=-0.84305986674137745 322.78000000000003 -1.3918032258628157 637.9433333333335 74.003284916761814 7021.5850000000009 608.38563725490201 715.76666666666677 138.10733233553739 160.70179291149779 436.29500000000002 772.93000000000018 49.201046209565966 34.017419183778195
decision_type=8 10 10 10 2 2 10 10 2 2 10 10 2 2
left_child=1 -1 3 6 -5 7 8 -6 -3 -10 -11 -7 13 -2
right_child=12 2 -4 4 5 11 -8 -9 9 10 -12 -13 -14 -15
leaf_value=0.018880781393038715 -0.0028375686774387791 0.004848554486367368 0.031257651962941911 -0.0042924440712319495 0.10259669846325362 0.021057799376012126 -0.064944809694335692 0.0067651209914580514 -0.087133346063051287 -0.038046259745104699 0.02685696894999047 -0.030033255300349587 -0.00076242939654103115 0.024604542479583932
leaf_weight=42 58 24 21 23 20 38 22 34 39 34 57 20 991 46
leaf_count=42 58 24 21 23 20 38 22 34 39 34 57 20 991 46
internal_value=0.00112245 0.00426667 0.0024024 0.00112179 0.00772059 0.0123894 -0.0039548 0.0236364 -0.000645161 -0.00381679 0.00271739 0.00169492 4.56204e-05 0.00761905
internal_weight=1469 374 332 311 135 112 176 54 154 130 91 58 1095 104
internal_count=1469 374 332 311 135 112 176 54 154 130 91 58 1095 104
is_linear=0
shrinkage=0.05


Tree=164
num_leaves=15
num_cat=0
split_feature=7 7 1 7 1 1 6 7 6 6 7 6 7 7
split_gain=1.84004 1.50385 4.71843 4.4765 1.24506 4.46486 2.63837 6.18364 3.14199 3.23332 3.41715 2.75714 3.02755 2.5557
threshold=-41.860271339975981 -22.214310501880906 4945.6855000000005 -17.959329216237979 2485.2500000000005 2368.6600000000003 241.26640339305658 1.5397259707193387 185.08622512491374 177.49604607642067 37.615644771913338 198.86474081608893 19.405075113525971 19.405075113525971
decision_type=8 8 2 8 2 2 2 8 2 2 10 2 10 10
left_child=-1 2 -2 -3 5 13 8 -8 9 10 -6 -10 -13 -5
right_child=1 3 -4 4 6 -7 7 -9 11 -11 -12 12 -14 -15
leaf_value=0.03553913409594063 0.016633374047568279 0.12179411691886464 -0.1221065238775384 -0.00095632127807191445 0.0015300792780800433 -0.061531208857144207 -0.13637071839752921 0.076281546427108646 -0.034049098796465588 0.041970420139254297 -0.1750570942017452 -0.0069608007866561964 0.06763154223126297 0.018472359374836145
leaf_weight=30 24 20 26 278 705 23 24 36 79 34 22 121 26 21
leaf_count=30 24 20 26 278 705 23 24 36 79 34 22 121 26 21
internal_value=0.00085034 0.000590278 -0.00784314 0.000899281 0.000547445 -0.00216718 0.00138359 0.0114754 0.000759109 0.00229659 0.00157967 -0.00440529 -0.000337838 -0.0005
internal_weight=1469 1439 50 1389 1369 322 1047 60 987 761 727 226 147 299
internal_count=1469 1439 50 1389 1369 322 1047 60 987 761 727 226 147 299
is_linear=0
shrinkage=0.05


Tree=165
num_leaves=15
num_cat=0
split_feature=4 4 8 4 4 2 1 4 3 4 4 4 3 3
split_gain=1.52821 6.39407 3.38691 5.89624 3.45458 7.42419 2.88822 2.74254 4.69727 4.94569 4.54033 6.79376 4.43802 3.98078
threshold=626.58264705882368 637.9433333333335 1.5000000000000002 528.3950000000001 381.64500000000004 3077.0840000000003 6868.0250000000005 599.84083333333353 99.15314015861199 579.80000000000007 325.07068393896151 402.60000000000008 157.15333752529014 117.45343558520966
decision_type=8 8 2 10 10 2 2 10 2 10 10 10 2 2
left_child=2 -2 6 4 5 -4 7 8 10 13 -1 -12 -9 -10
right_child=1 -3 3 -5 -6 -7 -8 12 9 -11 11 -13 -14 -15
leaf_value=0.07960510540052966 -0.081422474484104834 0.00031885494003945918 -0.011301964311095758 0.11720177052462788 -0.0082841846484977832 0.060239056825913018 0.0023816311496983075 0.037502242086071128 -0.30252181024140756 -0.15703207236036754 -0.032346643856642314 0.0043844681941296202 -0.0030441953833305656 -0.00097732896659907809
leaf_weight=30 30 795 27 47 45 34 99 22 28 32 35 28 28 189
leaf_count=30 30 795 27 47 45 34 99 22 28 32 35 28 28 189
internal_value=0.00112245 -0.000302663 0.00294574 0.00941558 0.00280374 0.0104839 0.000914634 -0.00101781 -0.00262391 -0.0062 0.00691489 -0.00078125 0.00980392 -0.00344037
internal_weight=1469 825 644 153 106 61 491 392 342 249 93 63 50 217
internal_count=1469 825 644 153 106 61 491 392 342 249 93 63 50 217
is_linear=0
shrinkage=0.05


Tree=166
num_leaves=15
num_cat=0
split_feature=4 4 3 4 3 2 1 1 0 2 3 2 4 2
split_gain=1.37703 1.44969 0.939865 3.84134 3.75639 2.73598 6.97578 3.82707 3.17845 1.7848 2.21117 1.75437 1.52381 1.41461
threshold=1075.5650000000003 980.15000000000009 194.43976338667974 593.36500000000012 212.13395411384326 12099.182000000003 3005.0035000000003 2119.8845000000006 227.64925018822183 12006.116000000002 162.47041142054533 14038.080000000004 860.84970588235308 10183.880000000001
decision_type=10 10 2 10 2 2 2 2 2 2 2 2 8 2
left_child=1 2 9 5 -5 6 7 -4 -8 13 12 -7 -11 -1
right_child=-2 -3 3 4 -6 11 8 -9 -10 10 -12 -13 -14 -15
leaf_value=0.00024540227154481455 -0.0044058413830909251 0.017795113933292285 -0.24534872104231054 0.1232016108698521 0.007685039817700412 0.017386054851937338 -0.01114350649393372 0.061565402790086113 -0.11722274484982123 0.012732536301145195 -0.049532359390191912 0.0021750381661637119 -0.014124328872562576 0.014605919746691337
leaf_weight=1059 21 20 27 22 45 21 21 48 32 20 26 29 20 58
leaf_count=1059 21 20 27 22 45 21 21 48 32 20 26 29 20 58
internal_value=0.00105442 0.00124224 0.00104969 0.00386179 0.0139706 0 -0.00387597 0.00592105 -0.0175926 0.000464527 -0.00746269 0.00980392 0 0.000939177
internal_weight=1469 1448 1428 245 67 178 128 75 53 1183 66 50 40 1117
internal_count=1469 1448 1428 245 67 178 128 75 53 1183 66 50 40 1117
is_linear=0
shrinkage=0.05


Tree=167
num_leaves=15
num_cat=0
split_feature=7 7 7 7 4 1 4 0 4 4 4 6 6 7
split_gain=2.50818 3.40494 1.88511 1.85837 1.78352 4.55577 2.93113 2.84354 1.96151 2.17087 4.00441 4.84683 6.88056 6.35735
threshold=1.6401945863701004 1.2363965132930945 0.88774649910937609 2.3281226062574309 319.38000000000005 11725.6 338.42529411764713 255.61426172280596 916.15000000000009 379.03382352941179 456.07029411764717 129.98874234732961 136.44700000000003 -0.67035190254998855
decision_type=8 10 10 8 10 2 10 2 10 10 10 2 2 10
left_child=1 2 4 -2 5 -1 -6 8 9 -8 -11 -12 -13 -14
right_child=3 -3 -4 -5 6 -7 7 -9 -10 10 11 12 13 -15
leaf_value=0.066892513024316799 -0.0066844461401073252 0.018134455304621606 -0.0046243153458914305 -0.00044968589945062478 -0.0084075490943164161 -0.0050889303321635859 0.023780514738232207 0.055158109001082381 0.035135488955574834 -0.024749978739856848 -0.0068221746953519074 0.039378653185909641 0.013186966422876934 -0.090283126392264865
leaf_weight=39 55 30 30 843 21 25 21 26 33 38 109 20 148 31
leaf_count=39 55 30 30 843 21 25 21 26 33 38 109 20 148 31
internal_value=0.000646259 0.00323427 0.00230627 -0.00100111 0.00302734 0.0107692 0.00189732 0.0028103 0.00174564 0.000679348 -0.000288184 0.00161812 0.00625 0.00305556
internal_weight=1469 571 541 898 511 64 447 426 400 367 346 308 199 179
internal_count=1469 571 541 898 511 64 447 426 400 367 346 308 199 179
is_linear=0
shrinkage=0.05


Tree=168
num_leaves=15
num_cat=0
split_feature=6 7 7 1 7 7 1 1 1 4 4 7 6 0
split_gain=2.70476 1.88539 2.70389 3.33851 4.51981 2.51006 2.51358 6.496 3.5325 1.98465 3.11353 4.6319 3.65532 2.36005
threshold=44.276617438275387 61.13915789669975 29.101130993991273 3229.8200000000002 38.689719545555143 5.2338214273377313 1939.8400000000004 3078.4495000000002 6596.920000000001 770.21166666666682 568.12333333333345 13.680533479165272 168.19629711813096 139.56107456182178
decision_type=2 10 10 2 10 10 2 2 2 10 10 10 2 2
left_child=-1 2 5 -4 -5 -2 -7 -8 9 10 11 13 -12 -9
right_child=1 -3 3 4 -6 6 7 8 -10 -11 12 -13 -14 -15
leaf_value=-0.0073334634765693145 0.00074993154468604444 -0.24202561769280032 0.096387731075696426 0.031929258079842759 -0.12611927002071174 0.077470398267536628 -0.022226365035471568 -0.0084377130650360437 -0.014729886582857449 -0.048938265661567296 0.018811656715147181 -0.13330332604680653 0.0020887705528280565 0.029923295487501847
leaf_weight=24 1073 20 22 20 22 30 60 20 44 21 32 24 37 20
leaf_count=24 1073 20 22 20 22 30 60 20 44 21 32 24 37 20
internal_value=0.000306122 0.000587828 0.000806452 0.0107692 0.00232558 0.000330396 -0.00380623 -0.00540541 -0.00100503 0.00258065 0.00485075 -0.00307692 0.0121429 0.00731707
internal_weight=1469 1445 1425 64 42 1361 288 258 198 154 133 64 69 40
internal_count=1469 1445 1425 64 42 1361 288 258 198 154 133 64 69 40
is_linear=0
shrinkage=0.05


Tree=169
num_leaves=15
num_cat=0
split_feature=6 1 1 1 1 1 6 1 7 7 6 6 1 2
split_gain=2.72734 1.80013 4.12893 3.84362 3.88442 6.00179 3.21245 3.09524 4.7231 3.05067 2.89982 4.33931 2.57704 6.74809
threshold=44.276617438275387 4167.2600000000011 4497.2605000000012 3891.1085000000003 3636.1305000000007 3498.1300000000006 66.643298962090384 4395.6195000000007 7.3473478659328615 15.23717487669022 287.35750078183622 229.08500102578623 3168.9250000000006 5154.6450000000013
decision_type=2 2 2 2 2 2 2 2 8 8 2 2 2 2
left_child=-1 3 7 4 5 6 -2 8 -3 -5 11 12 -8 -14
right_child=1 2 -4 9 -6 -7 10 -9 -10 -11 -12 -13 13 -15
leaf_value=-0.0069667903027408502 0.0243668865924411 0.11825913775920555 0.0006166525570620307 -0.035244485977006058 0.031162751456267568 -0.024268109593756457 -0.0014386679160333649 0.17130048467974707 -0.10675882719772843 -0.33257859177310245 0.06632784755811745 -0.015010983308677906 0.046327179466746679 -0.045297622364069437
leaf_weight=24 32 27 649 40 54 30 395 24 21 20 33 50 42 28
leaf_count=24 32 27 649 40 54 30 395 24 21 20 33 50 42 28
internal_value=0.00037415 0.000656985 0.00242382 -0.00110345 0 -0.00114566 0 0.0136986 0.00612245 -0.0131148 -0.000910747 -0.00184109 -0.000321888 0.0084507
internal_weight=1469 1445 721 724 664 610 580 72 48 60 548 515 465 70
internal_count=1469 1445 721 724 664 610 580 72 48 60 548 515 465 70
is_linear=0
shrinkage=0.05


Tree=170
num_leaves=15
num_cat=0
split_feature=6 7 7 6 6 0 6 3 7 4 3 3 3 4
split_gain=2.75001 2.00691 3.83888 3.65392 4.73291 3.4161 6.20886 4.89505 5.14522 3.17676 3.14101 3.0467 2.89981 3.40694
threshold=44.276617438275387 1.7072468449608664 1.1141055494729672 257.85314475820996 215.97440379665412 136.67818159399661 144.68642428599861 214.33853907676391 39.903483196536932 535.12000000000012 141.56504271133056 152.58349205656336 86.34133687981641 665.17500000000007
decision_type=2 10 10 2 2 2 2 2 10 10 2 2 2 10
left_child=-1 2 -2 4 5 12 11 8 9 -8 -11 -7 -3 -14
right_child=1 3 -4 -5 -6 6 7 -9 -10 10 -12 -13 13 -15
leaf_value=-0.0066184507876038082 0.00080682538217425335 -0.00025174503670735704 0.0030531934005313178 0.06301145518021159 -0.032161989082544029 0.01583116665334048 0.012041936463603116 0.024928112372114786 -0.53362497755177063 0.010996143837390643 -0.0084940770042259538 0.00054400400796494885 -0.067591841110606551 -0.0042562938517454732
leaf_weight=24 822 128 45 27 54 43 42 37 20 24 65 25 59 54
leaf_count=24 822 128 45 27 54 43 42 37 20 24 65 25 59 54
internal_value=0.000442177 0.000726141 0.00224654 -0.0015544 -0.00244565 -0.000903614 0.00311284 -0.0015873 -0.00559211 -0.00189394 -0.00722222 0.015942 -0.00516529 -0.0109649
internal_weight=1469 1445 867 578 551 497 256 188 151 131 89 68 241 113
internal_count=1469 1445 867 578 551 497 256 188 151 131 89 68 241 113
is_linear=0
shrinkage=0.05


Tree=171
num_leaves=15
num_cat=0
split_feature=6 2 2 2 0 7 0 0 0 1 1 2 0 6
split_gain=1.71506 1.86983 2.58228 1.87862 1.45249 1.50434 3.18979 3.24004 4.56972 3.35756 3.44845 3.06081 2.52508 2.25496
threshold=44.276617438275387 13381.010000000002 12882.029 13922.485000000002 48.66978492107264 12.240576446122811 68.621515520881516 83.4378886972804 89.41200000000002 4553.5800000000008 5601.6440000000011 7985.6630000000014 164.71112817582221 209.56557971800143
decision_type=2 2 2 2 2 8 2 2 2 2 2 2 2 2
left_child=-1 2 4 -3 -2 -6 -7 -8 -9 11 12 13 -11 -10
right_child=1 3 -4 -5 5 6 7 8 9 10 -12 -13 -14 -15
leaf_value=-0.0062875282482236176 0.0028165008436043639 -0.11002366576552079 0.021906017886315632 -0.00022487204873876122 0.000800555627125843 -0.13098241281878473 0.19079852721788818 -0.28980005068396797 -0.019300966183902358 0.19503341446612904 -0.0041464010895775677 -0.1984689938115059 0.0027420490611520191 0.035647308861803138
leaf_weight=24 34 20 20 60 848 28 20 20 171 35 83 24 28 54
leaf_count=24 34 20 20 60 848 28 20 20 171 35 83 24 28 54
internal_value=0.000986395 0.00121024 0.00164714 -0.00617284 0.00137444 0.00110518 -0.00118534 -0.000114679 -0.00108173 0.000126263 0.00612245 -0.0034 0.0148438 -0.00154867
internal_weight=1469 1445 1365 80 1345 1311 463 435 415 395 146 249 63 225
internal_count=1469 1445 1365 80 1345 1311 463 435 415 395 146 249 63 225
is_linear=0
shrinkage=0.05


Tree=172
num_leaves=15
num_cat=0
split_feature=6 6 7 1 1 7 4 6 4 7 1 7 0 7
split_gain=1.82487 2.13699 1.7415 1.25469 4.46284 4.53547 4.31532 4.3299 7.21759 3.59137 3.43002 3.74159 2.71258 3.49417
threshold=53.518592474592801 63.941665933779468 0.47995341720636736 4167.2600000000011 4887.8150000000014 -22.214310501880906 628.22764705882366 135.72925000000001 718.2803333333336 2.7786511870306119 3891.1085000000003 15.23717487669022 88.311357823461364 4.5990944090746106
decision_type=2 2 10 2 2 8 10 2 10 8 2 8 2 8
left_child=2 -2 -1 10 -5 -6 12 8 -8 -10 -3 -12 13 -7
right_child=1 3 -4 4 5 6 7 -9 9 -11 11 -13 -14 -15
leaf_value=-0.00011123268553872856 0.0057370968132458124 0.00042155459738201509 -0.019425909075978878 0.017821957766941093 -0.058664604553232774 0.00047194442029727671 -0.024703304483115009 -0.010161504892355438 0.070220968040756546 4.865152327768463e-05 -0.033097585609300754 -0.31251379675552454 0.015593783718878469 -0.060338164181990055
leaf_weight=28 36 646 20 154 36 24 26 96 37 34 40 20 249 23
leaf_count=28 36 646 20 154 36 24 26 96 37 34 40 20 249 23
internal_value=0.00132653 0.0016526 -0.00816327 0.00133478 0.00286765 0.000665399 0.00193878 -0.00386598 0.00357143 0.0118056 -0.000141443 -0.0114754 0.00572391 -0.00520833
internal_weight=1469 1421 48 1385 679 525 489 193 97 71 706 60 296 47
internal_count=1469 1421 48 1385 679 525 489 193 97 71 706 60 296 47
is_linear=0
shrinkage=0.05


Tree=173
num_leaves=15
num_cat=0
split_feature=2 0 6 4 4 2 4 1 2 6 6 2 4 6
split_gain=1.73557 2.63199 1.76777 1.63041 4.33401 2.26396 1.96275 2.15083 1.52623 1.38369 1.87756 3.20416 3.1448 2.53709
threshold=826.61500000000012 48.66978492107264 287.35750078183622 354.16500000000002 379.03382352941179 9410.4425000000028 229.47088235294123 3735.3775000000005 626.48000000000013 244.27870960172456 221.73572678780906 13544.000000000002 515.49000000000012 215.97440379665412
decision_type=2 2 2 8 8 2 10 2 2 2 2 2 10 2
left_child=8 -2 3 5 -5 6 -3 -8 -1 10 11 13 -12 -6
right_child=1 2 -4 4 9 -7 7 -9 -10 -11 12 -13 -14 -15
leaf_value=-0.00057923886663091844 0.0041509013081338034 0.005069130036383521 0.035717523949069477 0.028231385332564286 0.0010589428359199433 0.0067208248678923615 -0.0035567980554815307 -0.027985289680589553 -0.0032233452631862227 -0.018867448229373265 -0.0060960035704309082 -0.011259500665243781 0.061436574510521806 -0.11895189526437483
leaf_weight=48 20 34 37 33 987 31 43 40 36 32 20 54 31 23
leaf_count=48 20 34 37 33 987 31 43 40 36 32 20 54 31 23
internal_value=0.00105442 0.00147908 0.00120791 0.000902935 0.00152413 -0.00402685 -0.00720339 -0.0113095 -0.00588235 0.00100174 0.00129928 0.00084507 0.0105769 0.00148368
internal_weight=1469 1385 1365 1328 1180 148 117 83 84 1147 1115 1064 51 1010
internal_count=1469 1385 1365 1328 1180 148 117 83 84 1147 1115 1064 51 1010
is_linear=0
shrinkage=0.05


Tree=174
num_leaves=15
num_cat=0
split_feature=3 6 0 3 3 3 3 6 2 2 3 8 3 3
split_gain=1.78897 1.77583 1.91005 5.17196 2.97445 2.43182 2.34505 2.03565 1.93225 3.29154 2.74344 2.60447 2.09344 3.26052
threshold=31.140942381968749 58.562227179789367 72.87610376590014 58.034857255429529 75.943759111434233 70.756256934394997 60.658776244652024 76.843044044200369 2295.1810000000005 1679.7750000000003 79.872734540474923 1.5000000000000002 93.112885635600975 95.039899770270907
decision_type=2 2 2 2 2 2 2 2 2 2 2 2 2 2
left_child=-1 -2 3 7 5 6 -4 -3 9 11 -10 -6 -12 -14
right_child=1 2 4 -5 8 -7 -8 -9 10 -11 12 -13 13 -15
leaf_value=-0.0018911390954058083 0.0048484414029152604 -0.0025271347522114965 0.018389770033742307 -0.027553622479427921 0.0022573083108790473 0.03020837370456422 -0.0097161432843576347 0.019067725857405838 -0.089353303704054948 -0.034408874953199997 0.011877164674729369 -0.019475617277310439 -0.059037533402363479 0.0015704076319449146
leaf_weight=72 37 36 30 40 67 37 28 34 21 49 93 44 22 859
leaf_count=72 37 36 30 40 67 37 28 34 21 49 93 44 22 859
internal_value=0.000782313 0.00118026 0.000881705 -0.00540541 0.00143885 0.00989583 0.00338983 0.0028169 0.000735294 -0.00434783 0.00155622 0.000446429 0.00194872 0.00119048
internal_weight=1469 1397 1360 110 1250 95 58 70 1155 160 995 111 974 881
internal_count=1469 1397 1360 110 1250 95 58 70 1155 160 995 111 974 881
is_linear=0
shrinkage=0.05


Tree=175
num_leaves=15
num_cat=0
split_feature=0 3 4 1 7 7 0 3 4 6 1 1 6 3
split_gain=1.93977 2.9246 5.61258 4.1475 3.13785 3.52387 2.14715 3.59168 2.88465 4.50393 2.37555 5.03145 4.79778 2.3548
threshold=100.45989810793745 93.112885635600975 354.16500000000002 5485.2500000000009 -47.10775147469618 -25.585347657355893 64.5634546516212 54.78944915120433 682.74500000000023 151.06589688792548 2575.0225000000005 3410.2500000000005 67.611196727959864 70.756256934394997
decision_type=2 2 10 2 8 8 2 2 8 2 2 2 2 2
left_child=6 2 -2 -4 -3 -6 7 -1 9 -8 12 -12 -10 -13
right_child=1 4 3 -5 5 -7 8 -9 10 -11 11 13 -14 -15
leaf_value=-0.00044779334024481479 -0.0023793397383860882 0.062469723550169103 0.074693840981970502 0.0053244529505550482 -0.16647714328665242 0.00089823150354582113 -0.013190099447147014 0.011808884979497692 0.022093270707182366 0.0017474343053946685 0.03109590317287312 -0.025160791629014689 -0.0096733881338426711 0.0023756028668301399
leaf_weight=120 37 23 24 23 37 881 53 24 20 37 21 21 78 70
leaf_count=120 37 23 24 23 37 881 53 24 20 37 21 21 78 70
internal_value=0.000510204 0.00170565 0.0105882 0.021875 0.000902335 0.000435256 -0.00224719 0.00275862 -0.00465116 -0.0120879 -0.0014218 0.00353982 -0.00707071 -0.00163043
internal_weight=1469 1025 84 47 941 918 444 144 300 90 210 112 98 91
internal_count=1469 1025 84 47 941 918 444 144 300 90 210 112 98 91
is_linear=0
shrinkage=0.05


Tree=176
num_leaves=15
num_cat=0
split_feature=3 7 6 6 0 3 6 3 7 2 2 7 1 3
split_gain=1.63329 2.33119 4.29077 1.89719 1.69365 5.17196 2.03565 1.90805 6.11911 2.75213 5.22077 3.58441 2.74576 2.71213
threshold=31.140942381968749 3.577992478507213 60.321964682232554 58.562227179789367 72.87610376590014 58.034857255429529 76.843044044200369 75.943759111434233 3.6908716278855356 2295.1810000000005 1796.0100000000002 -0.26334732633136321 5676.7000000000016 79.872734540474923
decision_type=2 8 2 2 2 2 2 2 8 2 2 8 2 2
left_child=1 2 -1 -2 5 6 -5 8 12 10 11 -9 -6 -11
right_child=3 -3 -4 4 7 -7 -8 9 -10 13 -12 -13 -14 -15
leaf_value=-0.0065827921584109246 0.0046284089997817362 -0.023990911976894264 0.0097822108258001708 -0.0023783883475886726 -0.0078122952280562132 -0.025305086861385086 0.018136729231547789 0.05492200315839986 0.14599891768262815 -0.085004418662193715 -0.032204761798847861 -0.0065752265856935666 0.0050582303030272946 0.0016186674279952684
leaf_weight=24 37 21 27 36 32 40 34 22 38 21 39 99 25 974
leaf_count=24 37 21 27 36 32 40 34 22 38 21 39 99 25 974
internal_value=0.000442177 -0.00684932 -0.000961538 0.000822604 0.000514328 -0.00540541 0.0028169 0.00103917 0.0078125 0.000475779 -0.00559006 -0.000409836 -0.00258621 0.00145582
internal_weight=1469 72 51 1397 1360 110 70 1250 95 1155 160 121 57 995
internal_count=1469 72 51 1397 1360 110 70 1250 95 1155 160 121 57 995
is_linear=0
shrinkage=0.05


Tree=177
num_leaves=15
num_cat=0
split_feature=2 0 0 2 0 6 3 0 0 4 5 4 0 0
split_gain=2.17983 2.71944 2.12833 1.52495 1.4435 2.66096 2.81038 2.60025 5.51635 4.14835 2.87487 3.08732 2.74634 5.10633
threshold=826.61500000000012 48.66978492107264 38.605000000000011 953.34500000000014 74.003284916761814 58.562227179789367 49.201046209565966 90.645993439737865 88.311357823461364 727.07000000000016 2.5000000000000004 766.78000000000009 117.15007294198773 113.69592667372243
decision_type=2 2 2 2 2 2 2 2 2 10 2 10 2 2
left_child=2 -2 -1 -3 5 -5 -7 8 9 -6 11 -9 13 -12
right_child=1 3 -4 4 7 6 -8 10 -10 -11 12 -13 -14 -15
leaf_value=-0.0016805454171627044 0.0038536054301438515 0.014383104406806646 -0.001060827152622057 0.0043969885497926464 -0.0096744662646557796 0.0016964431591784956 -0.022420447867905115 -0.001393696343516361 0.034742892104420185 0.011827527788029446 0.002087869684709026 -0.032595476649963893 0.00018568615388772359 0.061127648938213743
leaf_weight=21 20 20 63 39 41 28 56 91 22 37 108 23 870 30
leaf_count=21 20 20 63 39 41 28 56 91 22 37 108 23 870 30
internal_value=0.000714286 0.00119048 -0.00705882 0.000915081 0.000705795 -0.00443548 -0.00941176 0.00122649 0.00891089 0.00253165 0.000534283 -0.00695652 0.00138751 0.00791367
internal_weight=1469 1385 84 1365 1345 123 84 1222 100 78 1122 114 1008 138
internal_count=1469 1385 84 1365 1345 123 84 1222 100 78 1122 114 1008 138
is_linear=0
shrinkage=0.05


Tree=178
num_leaves=15
num_cat=0
split_feature=2 0 7 4 3 4 7 1 1 7 7 3 4 7
split_gain=1.60232 2.71944 1.6666 5.44476 3.09432 2.1399 4.228 3.43196 3.45191 2.84909 2.88591 2.65231 2.97076 3.79753
threshold=826.61500000000012 48.66978492107264 29.101130993991273 618.21000000000004 202.75101179422288 357.7050000000001 22.603641251471021 12932.485000000002 10554.692000000003 18.751694502129244 15.23717487669022 55.940490535388342 319.38000000000005 5.2338214273377313
decision_type=2 2 10 10 2 8 10 2 2 10 10 2 10 8
left_child=-1 -2 5 4 -4 11 7 8 9 10 -7 -3 13 -13
right_child=1 2 3 -5 -6 6 -8 -9 -10 -11 -12 12 -14 -15
leaf_value=-0.001302151970647758 0.0036609251586366635 -0.010065790866863142 0.023708621137859057 -0.10660691382711035 0.033317481936550486 0.00116691487364734 -0.38187528834615736 0.015076195840226264 -0.027534505072810724 0.095826973800240356 -0.019791448882170083 0.044429213314361143 -0.0068003486073950851 -0.01140052659249129
leaf_weight=84 20 46 34 24 25 997 21 24 27 23 26 43 46 29
leaf_count=84 20 46 34 24 25 997 21 24 27 23 26 43 46 29
internal_value=0.000782313 0.00119048 0.000915081 0.0077381 0.0158333 0.000467654 0.00125112 0.00168488 0.00125698 0.0017192 0.00131836 -0.00484848 -0.000840336 0.00547945
internal_weight=1469 1385 1365 83 59 1282 1118 1097 1073 1046 1023 164 118 72
internal_count=1469 1385 1365 83 59 1282 1118 1097 1073 1046 1023 164 118 72
is_linear=0
shrinkage=0.05


Tree=179
num_leaves=15
num_cat=0
split_feature=3 6 4 4 3 3 3 4 4 4 3 3 4 0
split_gain=1.69472 1.84818 1.75323 1.85045 1.58436 3.08992 4.17742 2.20036 1.84952 4.78024 2.89159 4.9321 5.39051 2.4166
threshold=31.140942381968749 58.562227179789367 389.46500000000003 298.90000000000003 46.728116154335751 65.066463251201881 60.658776244652024 357.7050000000001 593.36500000000012 605.50500000000022 99.15314015861199 117.45343558520966 579.80000000000007 120.40557463526581
decision_type=2 2 8 10 2 2 2 10 8 8 2 2 10 2
left_child=2 -2 3 -1 -3 6 7 -6 10 -10 -7 13 -13 -12
right_child=1 4 -4 -5 5 8 -8 -9 9 -11 11 12 -14 -15
leaf_value=-0.0066293790799294072 0.0046804286656461696 0.0016905905972828706 -0.019234217587406659 0.0047207840854407252 -0.015705059973882891 0.0049427019555667723 -0.053945340771221421 0.0065211439983053456 0.032088565889597576 0.0012332957630264542 -0.0012899522034256706 0.0003570474844386218 -0.38950117703768167 -0.33094118416672752
leaf_weight=26 37 45 20 26 29 79 28 39 37 766 23 268 21 25
leaf_count=26 37 45 20 26 29 79 28 39 37 766 23 268 21 25
internal_value=0.000578231 0.000965665 -0.00684932 -0.00188679 0.000661278 0.000341945 -0.00824742 -0.00144928 0.00102459 0.00242537 -0.00167866 -0.00369822 -0.0012069 -0.0183673
internal_weight=1469 1397 72 52 1360 1315 96 68 1219 803 416 337 289 48
internal_count=1469 1397 72 52 1360 1315 96 68 1219 803 416 337 289 48
is_linear=0
shrinkage=0.05


Tree=180
num_leaves=15
num_cat=0
split_feature=2 2 2 1 2 6 2 7 7 2 2 6 7 6
split_gain=2.09064 3.15266 2.64427 2.35774 1.61596 3.82707 3.57283 4.32692 2.75862 2.47298 2.66187 2.3341 5.51859 3.82155
threshold=13544.000000000002 14288.570000000002 13034.240000000003 6868.0250000000005 10842.545000000002 197.88535234178269 10023.938500000002 1.3357237194285008 -1.1297560239547477 9667.0050000000028 9410.4425000000028 191.44833333333335 -16.788651926845358 254.70829248876939
decision_type=2 2 2 2 2 2 2 10 8 2 2 2 8 2
left_child=2 -2 4 -3 6 8 9 -8 -6 10 11 -1 -13 -14
right_child=1 3 -4 -5 5 -7 7 -9 -10 -11 -12 12 13 -15
leaf_value=0.00095884933204611338 -0.015271413124510658 -0.041927529468696004 0.085016766324476398 0.034228694419883528 0.0045865898891203601 0.0046955668577884331 0.054192683770279707 0.00037902645318168041 -0.18445023693705198 -0.037838019426171536 0.012629591125505003 0.079630880842050791 -0.018659158865030778 0.008981183560515223
leaf_weight=950 30 21 20 28 20 27 25 26 28 30 20 28 162 54
leaf_count=950 30 21 20 28 20 27 25 26 28 30 20 28 162 54
internal_value=0.000986395 -0.006875 0.00143781 0.001 0.00116703 -0.00592105 0.00158179 0.0144231 -0.0142857 0.00104418 0.00139918 0.00108787 -0.00326531 -0.00599078
internal_weight=1469 79 1390 49 1370 75 1295 51 48 1244 1214 1194 244 216
internal_count=1469 79 1390 49 1370 75 1295 51 48 1244 1214 1194 244 216
is_linear=0
shrinkage=0.05


Tree=181
num_leaves=15
num_cat=0
split_feature=2 2 2 7 2 6 7 2 4 6 6 7 7 4
split_gain=1.50901 3.81266 2.64427 1.83429 1.61596 3.82707 2.75862 2.30102 2.61905 1.98145 5.28327 4.28677 4.10711 2.78058
threshold=13544.000000000002 14288.570000000002 13034.240000000003 5.2338214273377313 10842.545000000002 197.88535234178269 -1.1297560239547477 10183.880000000001 515.49000000000012 191.44833333333335 196.51672392057458 -17.397939896647987 19.405075113525971 618.21000000000004
decision_type=2 2 2 8 2 2 8 2 10 2 2 8 10 10
left_child=2 -2 4 -3 7 6 -6 9 -9 -1 -11 -12 13 -13
right_child=1 3 -4 -5 5 -7 -8 8 -10 10 11 12 -14 -15
leaf_value=0.00095887262130884285 -0.014507842468285121 0.024721502457077403 0.08076592800825258 -0.0050912698426880182 0.004357260394664342 0.0044607885148990117 -0.17522772509019938 0.051483049581765708 0.00036007513052259448 -0.13665422565531579 0.075649336799948258 -0.0013911077364347241 0.032522900994823266 -0.089392252445617854
leaf_weight=996 30 20 20 29 20 27 28 21 20 27 26 142 33 30
leaf_count=996 30 20 20 29 20 27 28 21 20 27 26 142 33 30
internal_value=0.00105442 -0.005625 0.00143781 0.003 0.00116703 -0.00592105 -0.0142857 0.00158179 0.0130952 0.00119522 -0.0027027 -0.000215517 -0.0026699 -0.00578035
internal_weight=1469 79 1390 49 1370 75 48 1295 41 1254 258 231 205 172
internal_count=1469 79 1390 49 1370 75 48 1295 41 1254 258 231 205 172
is_linear=0
shrinkage=0.05


Tree=182
num_leaves=15
num_cat=0
split_feature=6 2 6 2 7 7 6 6 2 2 2 7 4 7
split_gain=1.2178 1.48664 1.07487 5.64085 3.01132 3.90387 3.87972 2.46025 2.02224 1.5723 3.1893 2.3824 3.67371 3.62245
threshold=287.35750078183622 6948.3415000000005 227.48708431902847 7441.2300000000005 38.689719545555143 29.101130993991273 221.73572678780906 250.98244478577615 6418.5230000000001 10842.545000000002 10183.880000000001 -9.0727731832168441 623.58970588235309 8.9259879509685209
decision_type=2 2 2 2 10 10 2 2 2 2 2 8 8 8
left_child=2 -2 4 -4 5 6 9 -5 -6 10 -1 -11 -13 -14
right_child=1 -3 3 7 8 -7 -8 -9 -10 11 -12 12 13 -15
leaf_value=0.00065206112305746808 0.11486416002041216 -0.0055497653346164083 -0.027299238195675136 -0.0024085551480436673 -0.023503414034791583 0.09024024264473221 0.16884638319976888 0.043685866376829169 -0.24806952047507758 0.023536147780558236 0.023649421450084529 0.003966850019910137 -0.095804455165189983 -0.003738874990402086
leaf_weight=1071 20 20 50 29 20 30 22 21 22 27 31 36 31 39
leaf_count=1071 20 20 50 29 20 30 22 21 22 27 31 36 31 39
internal_value=0.0012585 0.0097561 0.00101399 -0.0039604 0.00139098 0.00182453 0.0013911 0.00784314 -0.0116279 0.00101133 0.00163191 -0.00410448 -0.00747664 -0.0140845
internal_weight=1469 40 1429 100 1329 1287 1257 50 42 1235 1102 133 106 70
internal_count=1469 40 1429 100 1329 1287 1257 50 42 1235 1102 133 106 70
is_linear=0
shrinkage=0.05


Tree=183
num_leaves=15
num_cat=0
split_feature=6 3 2 3 0 3 2 2 3 2 6 6 0 1
split_gain=1.25722 1.5241 1.48664 1.14835 4.78778 2.45098 1.90167 2.73748 2.2966 4.81818 1.98635 1.93056 1.768 1.74182
threshold=287.35750078183622 273.96939548992634 6948.3415000000005 204.61026134758544 222.72964531768312 133.20463420664996 11107.590000000002 8485.1200000000008 80.712514052438181 9158.1150000000034 135.72925000000001 172.90021764245427 177.16457915148098 4526.4575000000013
decision_type=2 2 2 2 2 2 2 2 2 2 2 2 2 2
left_child=1 3 -2 4 6 -6 7 13 -9 -10 -8 -11 -12 -1
right_child=2 -3 -4 -5 5 -7 10 8 9 11 12 -13 -14 -15
leaf_value=0.0014560646441457257 0.10912095201939156 -0.041265570619110653 -0.0052722770678855892 0.0025855725687960354 0.0023609155724052867 -0.091014232406930476 0.038827878870517224 0.013294995062472127 0.1413233992037097 -0.0045957841194050218 -0.020740472565663848 0.047726426030173213 -0.0046497626010335137 -0.00072215920660871906
leaf_weight=622 20 39 20 135 20 33 25 20 35 57 22 21 37 363
leaf_count=622 20 39 20 135 20 33 25 20 35 57 22 21 37 363
internal_value=0.00112245 0.000874126 0.0097561 0.00115025 0.000676752 -0.0138889 0.00133001 0.00187668 0.00858209 0.00570175 -0.00588235 -0.00126582 -0.0108333 0.000963489
internal_weight=1469 1429 40 1390 1255 53 1202 1118 133 113 84 78 59 985
internal_count=1469 1429 40 1390 1255 53 1202 1118 133 113 84 78 59 985
is_linear=0
shrinkage=0.05


Tree=184
num_leaves=15
num_cat=0
split_feature=6 4 0 7 7 4 2 6 1 4 6 0 6 2
split_gain=1.70529 2.9815 2.03958 1.80567 3.87355 5.11364 2.85517 4.63315 6.89739 4.72521 4.59452 4.57894 3.08984 3.50652
threshold=254.70829248876939 331.97029411764714 328.28209607042521 1.7072468449608664 1.1141055494729672 727.07000000000016 1372.5350000000001 131.7512634858416 7023.5550000000012 618.21000000000004 101.3738016393395 119.77326181231832 215.97440379665412 6464.6850000000004
decision_type=2 10 2 10 10 10 2 2 2 10 2 2 2 2
left_child=2 -2 3 4 -1 -6 10 9 12 11 -5 -8 13 -9
right_child=1 -3 -4 6 5 -7 7 8 -10 -11 -12 -13 -14 -15
leaf_value=0.00078368796871844957 0.059266940631933641 -0.051493927164474242 -0.11469225396537422 -5.0110969596256494e-05 0.039867326315640675 0.0003131862712258543 0.0034295708014474876 -0.0031389395127205846 -0.023130261649472763 0.00055378472304846733 -0.03071760796605047 0.1541352982890406 -0.0318898535179888 0.011028138329071884
leaf_weight=780 52 23 27 41 21 22 28 166 35 90 21 20 41 102
leaf_count=780 52 23 27 41 21 22 28 166 35 90 21 20 41 102
internal_value=0.0012585 0.00855263 0.000860215 0.00113304 0.00260922 0.0170455 -0.00110092 0.000207039 -0.00289855 0.00791367 -0.0111111 0.0204082 -0.000483871 0.00148699
internal_weight=1469 75 1394 1367 823 43 544 482 344 138 62 48 309 268
internal_count=1469 75 1394 1367 823 43 544 482 344 138 62 48 309 268
is_linear=0
shrinkage=0.05


Tree=185
num_leaves=15
num_cat=0
split_feature=0 6 7 1 2 2 6 1 0 4 0 4 7 1
split_gain=1.91704 1.41119 1.5141 2.83861 2.81717 6.05885 3.89218 6.02974 3.57475 3.18151 6.5409 4.88884 6.5037 4.08873
threshold=374.63000000000005 250.98244478577615 1.6401945863701004 12932.485000000002 4300.6800000000012 3419.5530000000003 214.57580423236851 3441.3600000000001 87.492686076421521 480.04500000000002 164.71112817582221 678.4502941176471 -9.5303569079803463 5785.9175000000005
decision_type=2 2 10 2 2 2 2 2 2 10 2 10 10 2
left_child=1 2 4 -4 5 -1 7 -6 -9 -10 11 12 -11 -12
right_child=-2 -3 3 -5 6 -7 -8 8 9 10 13 -13 -14 -15
leaf_value=0.00063735133571547482 -0.18539235636596185 0.0060727745267646601 -0.0017306055704514379 0.0057921528165260196 -0.19103741636429161 0.047854902226881268 0.050688000361125897 -0.0074122165364851784 0.041266848322528749 -0.17372038673758894 0.078951335599559747 -1.1078102532735557e-05 -0.00019274998069591654 -0.027934788607411679
leaf_weight=297 20 69 526 28 28 65 44 49 169 24 25 63 29 33
leaf_count=297 20 69 526 28 28 65 44 49 169 24 25 63 29 33
internal_value=0.000714286 0.000931034 0.00057929 -0.00144144 0.0019347 0.00523416 -0.000645161 -0.00213777 -0.000508906 0.00130814 -0.00342857 -0.0102564 -0.0212963 0.0101695
internal_weight=1469 1449 1380 554 826 362 464 420 392 343 174 116 53 58
internal_count=1469 1449 1380 554 826 362 464 420 392 343 174 116 53 58
is_linear=0
shrinkage=0.05


Tree=186
num_leaves=15
num_cat=0
split_feature=7 6 4 6 7 6 2 7 4 6 3 6 7 6
split_gain=2.03659 6.06448 4.91984 2.97905 2.9048 4.44609 2.49988 2.20888 8.9607 2.27632 4.31828 3.80407 1.81927 2.20439
threshold=-8.4745967916817033 145.90692866430473 637.9433333333335 133.95485005864214 -32.937922409915224 190.50377152995756 8233.385000000002 -5.5253468179157244 579.06264705882359 250.98244478577615 200.16687481663931 231.66647833197058 1.6401945863701004 132.82191344735256
decision_type=8 2 10 2 10 2 2 8 10 2 2 2 10 2
left_child=1 3 4 -1 5 -3 -4 8 -2 11 -11 12 13 -9
right_child=7 2 6 -5 -6 -7 -8 9 -10 10 -12 -13 -14 -15
leaf_value=0.00060548376892970439 0.036818341556607563 -0.18706851440046013 0.1512073345414961 -0.18058607640019592 0.0069783803968909656 0.086081745160015016 0.015010007602717224 -1.0524197406081015e-05 -0.043380012196730523 0.12364881602474026 0.0020585624640307556 -0.086071689234676674 -0.00091720064755943941 0.017631387723541669
leaf_weight=35 24 21 20 22 54 21 22 311 26 20 45 33 540 275
leaf_count=35 24 21 20 22 54 21 22 311 26 20 45 33 540 275
internal_value=0.00112245 0.00586735 0.0115108 -0.00775862 0.00515464 -0.00465116 0.0255814 0.000392157 -0.00980392 0.000816327 0.00984848 0.000301724 0.00079858 0.00272572
internal_weight=1469 195 138 57 96 42 42 1274 50 1224 65 1159 1126 586
internal_count=1469 195 138 57 96 42 42 1274 50 1224 65 1159 1126 586
is_linear=0
shrinkage=0.05


Tree=187
num_leaves=15
num_cat=0
split_feature=7 6 4 1 8 3 7 3 7 7 3 1 1 1
split_gain=2.43387 5.02296 4.71167 3.47998 4.20244 2.70241 1.83984 1.53037 4.04543 4.54559 8.04953 3.38793 3.39615 2.82504
threshold=-8.4745967916817033 145.90692866430473 561.61000000000001 5601.6440000000011 1.5000000000000002 104.34002955200772 61.13915789669975 73.392133208028426 -5.6623056342042455 -0.84305986674137745 94.595417835591348 3364.2740000000003 5623.8925000000008 4566.5250000000005
decision_type=8 2 10 2 2 2 10 2 8 8 2 2 2 2
left_child=1 5 3 4 -3 -1 7 13 -9 10 -10 -12 -13 -2
right_child=6 2 -4 -5 -6 -7 -8 8 9 -11 11 12 -14 -15
leaf_value=0.0081110541841583512 0.0043952180655889043 -0.022423704886560692 0.065781515165455634 -0.035678881217295726 0.18816780679272541 -0.15160014062268165 -0.17969179330529431 -0.024369048567204565 -0.0015654239411952405 -0.00076120978758081881 0.23517687032658269 -0.0033026148692886005 0.032970159958698918 -0.00022136503855440528
leaf_weight=27 128 35 61 20 22 30 20 29 29 867 26 20 26 129
leaf_count=27 128 35 61 20 22 30 20 29 29 867 26 20 26 129
internal_value=0.00119048 0.00637755 0.0115108 0.00320513 0.00948276 -0.00603448 0.000392157 0.00063745 -0.000250501 0.000309598 0.0102941 0.0191781 0.0106383 0.00406977
internal_weight=1469 195 138 77 57 57 1274 1254 997 968 101 72 46 257
internal_count=1469 195 138 77 57 57 1274 1254 997 968 101 72 46 257
is_linear=0
shrinkage=0.05


Tree=188
num_leaves=15
num_cat=0
split_feature=7 1 1 1 1 1 1 2 3 3 3 7 0 7
split_gain=1.81929 1.72109 5.40793 3.81278 3.21744 3.73139 4.06945 4.27685 3.57637 6.80405 2.01843 3.763 4.75012 5.15391
threshold=-41.860271339975981 2260.2710000000002 2368.6600000000003 2485.2500000000005 3005.0035000000003 3168.9250000000006 3428.8870000000002 5154.6450000000013 119.45690452518404 81.747441542060329 112.71422423468682 -26.886101512009503 144.70256566248392 -1.1297560239547477
decision_type=8 2 2 2 2 2 2 2 2 2 2 8 2 8
left_child=-1 -2 -3 -4 8 -6 7 -7 9 -5 -8 -12 -13 -14
right_child=1 2 3 4 5 6 10 -9 -10 -11 11 12 13 -15
leaf_value=0.011115255481093156 -0.0019643182840810461 0.056127748639667678 -0.065698891025031889 0.02290621432857225 -0.035610178420506719 0.060138987343490151 0.00069519076699749995 -0.0046661653143226902 0.044982554383617403 -0.043500632763656101 -0.33725334718993949 -0.059180500500404236 0.019498792647975396 -0.00078840080558845312
leaf_weight=30 278 27 23 23 42 36 415 27 69 28 22 86 85 278
leaf_count=30 278 27 23 23 42 36 415 27 69 28 22 86 85 278
internal_value=0.000918367 0.000659722 0.00150602 0.000969163 0.00139388 0.000453629 0.00110526 0.0132813 0.00909091 -0.000961538 0.000225479 -0.00201271 -0.001 0.00151099
internal_weight=1469 1439 1161 1134 1111 991 949 63 120 51 886 471 449 363
internal_count=1469 1439 1161 1134 1111 991 949 63 120 51 886 471 449 363
is_linear=0
shrinkage=0.05


Tree=189
num_leaves=15
num_cat=0
split_feature=7 6 4 3 2 0 4 4 2 1 6 4 1 1
split_gain=2.43387 5.02296 4.71167 2.70241 2.57024 2.53381 1.85095 1.79451 2.79299 3.80214 6.12806 3.64662 3.95322 3.48831
threshold=-8.4745967916817033 145.90692866430473 561.61000000000001 104.34002955200772 8040.5915000000014 145.35732375708457 224.19238999389799 709.35833333333346 10842.545000000002 2033.6950000000004 66.643298962090384 893.38000000000022 1098.5250000000003 2397.7350000000001
decision_type=8 2 10 2 2 2 8 8 2 2 2 10 2 2
left_child=1 3 4 -1 5 -3 -2 -8 9 10 -9 12 -12 -11
right_child=6 2 -4 -5 -6 -7 7 8 -10 13 11 -13 -14 -15
leaf_value=0.0076707419366005558 0.0040548586085898284 -0.058532504693255827 0.061936676633128185 -0.14452498317692189 -0.069749510485248051 0.051468349262323999 -0.0008256608769074248 0.026751377362750996 -0.0063175168610320577 0.011352849871622895 0.00074178839068496101 0.0041521735038191595 -0.040866132525968095 0.0044503240485064266
leaf_weight=27 41 22 61 30 21 34 641 23 62 32 22 22 64 367
leaf_count=27 41 22 61 30 21 34 641 23 62 32 22 22 64 367
internal_value=0.00119048 0.00637755 0.0115108 -0.00603448 0.00320513 0.00877193 0.000392157 4.05186e-05 0.00202361 0.00320151 -0.00416667 -0.00917431 -0.0137931 0.005625
internal_weight=1469 195 138 57 77 56 1274 1233 592 530 131 108 86 399
internal_count=1469 195 138 57 77 56 1274 1233 592 530 131 108 86 399
is_linear=0
shrinkage=0.05


Tree=190
num_leaves=15
num_cat=0
split_feature=8 4 4 0 2 0 4 4 4 4 0 6 6 3
split_gain=1.50383 3.76788 8.51264 4.03407 4.56361 3.86905 3.74547 3.33206 2.42341 2.50282 4.62264 4.00633 2.6894 4.68774
threshold=1.5000000000000002 611.0250000000002 568.12333333333345 170.22632816182804 4712.5600000000004 251.93043118407545 663.32500000000016 359.11000000000007 224.19238999389799 636.5100000000001 177.58197670962053 180.2192145738899 147.53484092538028 138.77205244179981
decision_type=2 8 10 2 2 2 8 10 10 10 2 2 2 2
left_child=8 2 3 4 7 -5 -3 -2 -1 -10 11 12 13 -11
right_child=1 6 -4 5 -6 -7 -8 -9 9 10 -12 -13 -14 -15
leaf_value=0.0043998972768480851 -0.011534206024770861 -0.042623196078033533 0.31790635069402517 0.14323357786694491 -0.083107900704740473 0.00098695196567452083 0.0027249925758324523 0.044791464093418255 -0.0021134468488405388 0.00037808196277524088 0.029328862267977308 -0.034061229411193376 0.0055586826935220658 -0.11916077749376051
leaf_weight=30 24 28 24 27 20 26 403 20 484 230 64 24 45 20
leaf_count=30 24 28 24 27 20 26 403 20 484 230 64 24 45 20
internal_value=0.000442177 0.00244328 0.00950704 0.00381356 -0.00461538 0.0138889 0.000115741 0.00444444 -0.000835189 -0.00132488 0.00169271 -0.00078125 0.000844595 -0.00119522
internal_weight=1469 572 141 117 64 53 431 44 897 867 383 319 295 250
internal_count=1469 572 141 117 64 53 431 44 897 867 383 319 295 250
is_linear=0
shrinkage=0.05


Tree=191
num_leaves=15
num_cat=0
split_feature=3 7 3 1 1 0 7 2 6 6 7 2 6 1
split_gain=2.1975 2.9291 2.89844 2.94619 4.31569 3.74589 3.17228 2.73712 4.53882 5.32227 7.11268 2.38248 3.98928 3.72949
threshold=31.140942381968749 0.61064181310066357 73.992936819300354 13621.290000000003 7432.438000000001 74.003284916761814 3.3322097064392335 2295.1810000000005 66.643298962090384 89.711280587689899 0.7488923238277857 3012.645 144.20377208719984 1435.0365000000002
decision_type=2 8 2 2 2 2 8 2 2 2 10 2 2 2
left_child=1 -1 3 4 5 7 -7 8 -2 10 -10 12 -4 -14
right_child=2 -3 11 -5 -6 6 -8 -9 9 -11 -12 -13 13 -15
leaf_value=0.0014419812531518555 0.12627037654516846 -0.0078719143041961603 -0.00060547314023654203 0.0094359148757784984 -0.023346956769383396 0.0034872927582798199 0.17754173108824081 -0.018199268963966991 -0.13262411121546061 0.029750613281067342 0.002501031423590783 0.0003999086157647547 -0.016416603455673404 -0.056475500347387936
leaf_weight=32 24 40 156 20 28 31 20 20 22 23 28 961 35 29
leaf_count=32 24 40 156 20 28 31 20 20 22 23 28 961 35 29
internal_value=0.000238095 -0.00821918 0.000679542 0.00599078 0.00406091 0.00710059 0.0182692 0.00211864 0.00561224 -0.000675676 -0.00980392 -0.000296108 -0.00497738 -0.0153846
internal_weight=1469 72 1397 216 196 168 51 117 97 73 50 1181 220 64
internal_count=1469 72 1397 216 196 168 51 117 97 73 50 1181 220 64
is_linear=0
shrinkage=0.05


Tree=192
num_leaves=15
num_cat=0
split_feature=3 0 7 6 0 0 3 6 8 2 2 2 7 7
split_gain=1.5138 2.56011 2.33119 4.29077 1.23378 2.47604 2.04724 1.43591 1.5997 2.98837 5.44243 3.35305 2.71148 4.91205
threshold=31.140942381968749 53.038725717791621 3.577992478507213 60.321964682232554 60.878000000000007 64.5634546516212 46.728116154335751 66.062400751057424 1.5000000000000002 1614.8950000000002 1282.6665000000003 9549.8750000000018 7.4887558159252317 -8.4745967916817033
decision_type=2 2 8 2 2 2 2 2 2 2 2 2 10 10
left_child=2 -2 3 -1 -3 -6 -7 -8 -9 10 -10 12 13 -11
right_child=1 4 -4 -5 5 6 7 8 9 11 -12 -13 -14 -15
leaf_value=-0.0061345017190970307 0.010750110266725397 -0.01306644034171878 -0.021150521928530827 0.0079881733571671165 0.0075213915847925864 0.025737394550666218 -0.0059330532076854355 -0.00065898175481741983 0.0036253130838192816 0.076841157716293768 -0.13989882438874021 -0.0027348968086819804 0.023246573752408003 -0.00609073945630716
leaf_weight=24 36 30 21 27 24 23 33 764 25 220 20 93 95 34
leaf_count=24 36 30 21 27 24 23 33 764 25 220 20 93 95 34
internal_value=0.000170068 0.000536481 -0.00684932 -0.000961538 0.000183554 0.000412913 0.000114679 -0.000155642 0.000119808 0.00235656 -0.00978261 0.00361174 0.00585714 0.00313725
internal_weight=1469 1397 72 51 1361 1331 1307 1284 1251 487 45 442 349 254
internal_count=1469 1397 72 51 1361 1331 1307 1284 1251 487 45 442 349 254
is_linear=0
shrinkage=0.05


Tree=193
num_leaves=15
num_cat=0
split_feature=4 4 4 7 7 1 7 7 7 4 3 8 4 4
split_gain=1.17441 1.3286 2.63014 1.16279 3.63002 2.56092 2.30433 2.61817 2.61699 2.80573 4.38067 2.33492 5.61697 3.86845
threshold=1075.5650000000003 916.15000000000009 946.95500000000004 -12.362685073141582 -9.4124993918065183 3054.8350000000005 -7.3378224535427483 -5.5253468179157244 -4.1230101135873438 224.19238999389799 24.757031066271463 1.5000000000000002 379.03382352941179 576.71000000000015
decision_type=10 10 10 8 8 2 8 8 8 8 2 2 8 8
left_child=1 3 -3 5 -5 -1 -6 -8 -9 -10 -11 -12 -13 -14
right_child=-2 2 -4 4 6 -7 7 8 9 10 11 12 13 -15
leaf_value=0.043636548999108807 -0.0029600061534274195 0.0057812174881807848 -0.00121144401605795 -0.065392154306042047 0.11294978080994229 0.00041286227271739587 -0.005527902328361806 0.0061012807973589989 0.0034159907148987312 -0.021802034788281549 -0.00094324214531596451 0.040469102487726227 -0.047096556603016745 0.0083593115449330704
leaf_weight=33 21 36 36 31 21 109 36 24 38 30 604 25 39 386
leaf_count=33 21 36 36 31 21 109 36 24 38 30 604 25 39 386
internal_value=0.000102041 0.000276052 0.00684932 -7.26216e-05 -0.000566802 0.0041958 -0.000124585 -0.000422654 0 -0.000356189 -0.000829493 -0.00028436 0.00243902 0.00105634
internal_weight=1469 1448 72 1376 1234 142 1203 1182 1146 1122 1084 1054 450 425
internal_count=1469 1448 72 1376 1234 142 1203 1182 1146 1122 1084 1054 450 425
is_linear=0
shrinkage=0.05


Tree=194
num_leaves=15
num_cat=0
split_feature=1 1 3 3 0 1 7 6 7 4 7 1 7 1
split_gain=1.93014 3.55815 1.80866 6.53179 4.90268 5.68885 5.34868 4.44609 3.97429 3.22575 4.7753 3.66648 3.56479 3.30847
threshold=7511.2680000000009 7023.5550000000012 93.112885635600975 96.764455468347805 101.12592126646395 5601.6440000000011 0.47995341720636736 161.13656410475406 -1.2716811360275402 586.58000000000015 -17.040586077334545 5623.8925000000008 2.2154139465157603 5240.0825000000013
decision_type=2 2 2 2 2 2 8 2 8 8 8 2 10 2
left_child=1 2 4 -4 5 8 -6 -8 -1 -5 -11 13 -13 -12
right_child=-2 -3 3 9 6 -7 7 -9 -10 10 11 12 -14 -15
leaf_value=-0.0032353400201851294 0.00098905169696754673 -0.052749985156097148 -0.044741728772865912 -0.0043042977190754783 0.061116668971577109 0.014643142365823087 0.043630009364261514 -0.036773634297063706 0.00013847701429809957 0.14627373948237266 0.0036951154074162055 -0.089232560896917251 0.0092793423581865875 0.17132216402890166
leaf_weight=51 235 45 31 313 22 31 21 21 236 21 343 37 30 32
leaf_count=51 235 45 31 313 22 31 21 21 236 21 343 37 30 32
internal_value=0.000306122 -0.00048583 4.20168e-05 -0.0012995 0.00287206 0.00031348 0.0153846 0.00465116 -0.00190972 -0.0003861 0.00226293 0.00112867 -0.00955882 0.00305851
internal_weight=1469 1234 1189 807 382 318 64 42 287 776 463 442 67 375
internal_count=1469 1234 1189 807 382 318 64 42 287 776 463 442 67 375
is_linear=0
shrinkage=0.05


Tree=195
num_leaves=15
num_cat=0
split_feature=3 0 7 0 3 4 4 0 4 1 4 4 4 3
split_gain=1.58425 4.42422 9.28624 3.88357 5.08561 3.13581 3.0932 2.32817 4.33839 2.07673 4.49701 2.95024 3.44546 2.9926
threshold=107.30782159831239 112.96446153822005 6.5585823949629338 148.28202542506705 138.34682775243172 599.84083333333353 389.46500000000003 131.8698843988814 746.92500000000007 12932.485000000002 295.13000000000005 276.71500000000003 363.51500000000004 93.112885635600975
decision_type=2 2 10 2 2 8 8 2 8 2 10 10 10 2
left_child=1 9 6 7 5 -5 -3 8 -2 11 -11 -1 -13 -14
right_child=3 2 -4 4 -6 -7 -8 -9 -10 10 -12 12 13 -15
leaf_value=0.011571663181543446 -0.086480790725794718 0.010588862236762642 -0.024712129070867922 0.0023191612833480704 -0.00049642704953186127 0.051021679466286642 0.046018938440552104 -0.026480692215285585 0.057179404901746361 -0.0059390479322301258 0.008679759901797944 -0.015051442827957099 2.2659992114953953e-05 -0.019599020931002433
leaf_weight=151 42 26 31 25 559 30 45 120 39 30 42 30 250 49
leaf_count=151 42 26 31 25 559 30 45 120 39 30 42 30 250 49
internal_value=0.000306122 0.0021374 0.0116505 -0.00116422 0.000813008 0.0151786 0.0215278 -0.00717822 -0.000609756 0.000361664 0.00821918 -0.000831601 -0.00348485 -0.00183333
internal_weight=1469 654 102 815 614 55 71 201 81 552 72 480 329 299
internal_count=1469 654 102 815 614 55 71 201 81 552 72 480 329 299
is_linear=0
shrinkage=0.05


Tree=196
num_leaves=15
num_cat=0
split_feature=6 0 2 2 3 3 3 0 3 2 6 0 3 7
split_gain=1.52354 1.7294 1.49785 4.1395 3.09927 4.25773 4.70655 3.56628 3.68965 3.25682 2.91039 3.52665 2.63902 2.64152
threshold=44.276617438275387 48.66978492107264 3012.645 2607.9100000000003 112.71422423468682 101.60173398192426 105.84594515946536 144.70256566248392 134.74394715960224 6146.317500000001 162.2050845512716 102.55821665342593 125.80501386182929 -5.4021244856484634
decision_type=2 2 2 2 2 2 2 2 2 2 2 2 2 10
left_child=-1 -2 3 -3 5 10 -7 12 -9 -8 -4 -12 13 -6
right_child=1 2 4 -5 7 6 9 8 -10 -11 11 -13 -14 -15
leaf_value=-0.0060750699853960623 0.0013895943351385027 -0.0004461137584045316 -2.5472775204740673e-05 -0.037214618740375696 0.016247397967090692 0.21795695536829643 -0.053227944089716789 0.049981876018445739 -0.00036558521283891476 0.14328409204454376 0.032089955355275444 0.0040288426484940418 -0.070611041210740508 -0.048841958999667846
leaf_weight=24 34 337 206 38 33 22 23 43 553 21 20 36 42 37
leaf_count=24 34 337 206 38 33 22 23 43 553 21 20 36 42 37
internal_value=0.000238095 0.000449516 0.000177054 -0.0025266 0.00115718 0.00516717 0.0164179 -0.000705219 0.000837521 0.00666667 0.00228137 0.0122807 -0.00884956 -0.0028169
internal_weight=1469 1445 1411 375 1036 328 66 708 596 44 262 56 112 70
internal_count=1469 1445 1411 375 1036 328 66 708 596 44 262 56 112 70
is_linear=0
shrinkage=0.05


Tree=197
num_leaves=15
num_cat=0
split_feature=6 0 1 1 1 7 7 6 3 3 0 7 3 1
split_gain=1.45661 1.81766 1.20621 3.75955 2.91008 2.44876 1.71409 1.42955 1.38745 5.04271 4.25436 4.71247 3.16163 2.31691
threshold=44.276617438275387 48.66978492107264 8753.8900000000012 9347.0250000000015 8435.7100000000009 -2.9983395432631563 1.9874535978172718 104.5502417082506 93.112885635600975 95.039899770270907 101.12592126646395 0.7488923238277857 44.000401473719585 4395.6195000000007
decision_type=2 2 2 2 2 8 8 2 2 2 2 8 2 2
left_child=-1 -2 4 -4 8 -5 -7 -8 10 -10 12 -12 -3 -13
right_child=1 2 3 5 -6 6 7 -9 9 -11 11 13 -14 -15
leaf_value=-0.0057713164861262593 0.0013201146183815767 -0.015125621685825257 0.025451831316499935 0.022040255233633146 -0.049505080101853532 -0.0073366218989387834 0.011736819763309453 -0.0015419820161522324 -0.065664311956336943 -0.00071356684131789199 0.074175340503059503 -0.0025611814173846824 0.00013057407670907933 0.033358685750589437
leaf_weight=24 34 20 20 21 20 34 26 37 21 859 29 22 282 20
leaf_count=24 34 20 20 21 20 34 26 37 21 859 29 22 282 20
internal_value=-3.40136e-05 0.000172891 -0.000106232 0.00431655 -0.000588697 0.000840336 -0.00255102 0.00234375 -0.000279107 -0.00136209 0.00227273 0.0131944 -0.000330033 0.00232558
internal_weight=1469 1445 1411 138 1273 118 97 63 1253 880 373 71 302 42
internal_count=1469 1445 1411 138 1273 118 97 63 1253 880 373 71 302 42
is_linear=0
shrinkage=0.05


Tree=198
num_leaves=15
num_cat=0
split_feature=3 3 7 7 3 3 8 3 2 1 6 6 7 6
split_gain=1.38654 6.23815 3.57112 7.17956 2.11899 2.5691 2.44487 3.12262 3.76562 2.21219 2.14277 4.13129 4.86981 3.49936
threshold=107.30782159831239 102.56115964720205 11.42165950041292 18.348254548803684 129.14019840954168 126.77333334079911 1.5000000000000002 121.31696667316091 4250.8400000000011 3706.8850000000007 158.74516055429675 143.22122829846126 0.17992582467158871 195.64775519085896
decision_type=2 2 10 10 2 2 2 2 2 2 2 2 10 2
left_child=1 2 -1 -4 5 6 7 8 -2 -8 11 -6 -13 -12
right_child=4 -3 3 -5 10 -7 9 -9 -10 -11 13 12 -14 -15
leaf_value=0.00039430522151531755 0.007794848608669214 0.051732402694706407 -0.031411173860062973 0.01361642414704849 -0.0012238387299063015 -0.044882761299110056 -0.030509087113817637 0.00080504928668669875 -0.20742254702318488 0.12544459975941288 -0.0082297665381443116 0.3103614458329671 0.0041143905721050646 0.0023946232265933953
leaf_weight=572 24 36 26 20 115 30 20 23 34 43 185 35 55 251
leaf_count=572 24 36 26 20 115 30 20 23 34 43 185 35 55 251
internal_value=-3.40136e-05 0.00167939 0.000484653 -0.012766 -0.00140931 -0.00628571 -0.00344828 -0.00914634 -0.0152542 0.00390625 -7.78816e-05 0.00412621 0.0120879 -0.0020595
internal_weight=1469 654 618 46 815 174 144 81 58 63 641 205 90 436
internal_count=1469 654 618 46 815 174 144 81 58 63 641 205 90 436
is_linear=0
shrinkage=0.05


Tree=199
num_leaves=15
num_cat=0
split_feature=3 3 7 7 7 7 2 6 7 3 7 2 7 3
split_gain=1.41371 6.14292 2.78371 6.95806 1.69855 2.61233 5.15274 3.03515 2.33224 3.39452 2.96836 2.98419 3.29178 2.83731
threshold=107.30782159831239 102.56115964720205 12.240576446122811 18.348254548803684 -17.959329216237979 -1.3918032258628157 2195.3900000000003 135.72925000000001 1.6401945863701004 88.229070009057352 1.0516792073037247 1577.6850000000002 0.27950259011122119 88.229070009057352
decision_type=2 2 10 10 8 8 2 2 8 2 10 2 10 2
left_child=1 2 4 -4 -1 6 -6 -8 9 10 11 -7 -13 -10
right_child=-2 -3 3 -5 5 8 7 -9 13 -11 -12 12 -14 -15
leaf_value=0.018313643171532678 -0.0011969166111789331 0.049145782559971089 -0.035206075903358572 0.012935602939696068 -0.0034300455328133365 0.0027273195459427803 0.0017192627680552076 -0.012166342150771432 0.0016975769144323971 0.0092429365612394648 0.00916730528454506 0.0047410408531820252 -0.02160086813078126 -0.020459476796658424
leaf_weight=23 815 36 22 20 38 31 37 34 212 38 23 28 25 87
leaf_count=23 815 36 22 20 38 31 37 34 212 38 23 28 25 87
internal_value=0.000102041 0.00183206 0.000646204 -0.0116279 0.00155979 0.00099278 -0.00590909 0.00208333 0.00269663 0.00787671 0.00324074 -0.00117647 -0.00833333 0.000166667
internal_weight=1469 654 618 42 576 553 109 71 444 145 107 84 53 299
internal_count=1469 654 618 42 576 553 109 71 444 145 107 84 53 299
is_linear=0
shrinkage=0.05


Tree=200
num_leaves=15
num_cat=0
split_feature=3 7 3 6 6 7 7 7 0 7 8 1 6 6
split_gain=1.94351 4.32325 2.81811 1.62436 3.19019 5.35498 2.81473 3.16131 3.46998 2.83434 2.72361 4.81676 3.20393 2.96824
threshold=34.017419183778195 0.61064181310066357 46.728116154335751 135.72925000000001 132.24804635709663 1.6401945863701004 0.1190380124591144 1.5708279982610949 97.497114480528623 -2.3914945808779033 1.5000000000000002 6214.5975000000008 139.31384184165816 145.20743609483995
decision_type=2 8 2 2 2 8 8 8 2 10 2 2 2 2
left_child=1 -1 -2 4 6 -6 9 8 -8 -4 12 13 -5 -12
right_child=2 -3 3 10 5 -7 7 -9 -10 -11 11 -13 -14 -15
leaf_value=0.0028809568251577516 0.0038164790007784808 -0.0055117711654648766 6.9562119636978895e-05 -0.15797753749687804 0.040718209677072369 -0.057170868938391198 0.0012299913503181958 0.00097598276773647186 0.011065427714243362 -0.016547963554702196 0.25550684661628142 -0.047869064903837327 -0.0021718213466349833 0.007287889605999554
leaf_weight=34 48 44 65 22 20 21 32 297 24 44 38 52 509 219
leaf_count=34 48 44 65 22 20 21 32 297 24 44 38 52 509 219
internal_value=3.40136e-05 -0.00759494 0.000466954 3.72024e-05 0.00228175 0.0154762 0.00107991 0.00324859 0.0140351 -0.00590909 -0.00130797 0.00241935 -0.00347744 0.00523256
internal_weight=1469 78 1391 1343 503 41 462 353 56 109 840 309 531 257
internal_count=1469 78 1391 1343 503 41 462 353 56 109 840 309 531 257
is_linear=0
shrinkage=0.05


Tree=201
num_leaves=15
num_cat=0
split_feature=2 2 7 4 1 1 1 7 7 3 1 1 2 1
split_gain=1.6079 5.04986 2.96656 4.19018 4.33841 3.98822 2.59521 3.04375 6.12357 2.55811 3.10098 4.57041 5.44136 4.14092
threshold=2957.7400000000002 2576.0450000000005 -1.2716811360275402 359.11000000000007 1790.7445000000002 2260.2710000000002 1903.1350000000002 4.0162827822260718 1.9303602429088047 112.71422423468682 3005.0035000000003 3168.9250000000006 5043.8560000000007 3636.1305000000007
decision_type=2 2 8 10 2 2 2 10 10 2 2 2 2 2
left_child=1 2 3 -1 -5 6 7 8 -4 -2 -11 -12 -13 -14
right_child=9 -3 5 4 -6 -7 -8 -9 -10 10 11 12 13 -15
leaf_value=0.066177442841871048 0.0019995791341245852 -0.012707330192794065 0.00021373734013419856 0.0029400545218065234 -0.0070040965222695319 0.0030269122404119721 -0.044760120680855872 0.025038690032662254 -0.017370113272696729 0.0053486691749536734 -0.11954946966084706 0.029631572862778156 -0.084959638501620457 -0.00115160010123887
leaf_weight=20 339 42 96 22 30 119 30 35 28 152 26 37 48 445
leaf_count=20 339 42 96 22 30 119 30 35 28 152 26 37 48 445
internal_value=0.000238095 -0.00236407 -0.000524934 -0.00958904 -0.0169811 0.00161812 -0.00289474 -0.0003125 -0.004 0.00128817 -0.000423131 -0.0021544 -0.00112994 -0.00253036
internal_weight=1469 422 380 72 52 308 189 159 124 1047 708 556 530 493
internal_count=1469 422 380 72 52 308 189 159 124 1047 708 556 530 493
is_linear=0
shrinkage=0.05


Tree=202
num_leaves=15
num_cat=0
split_feature=0 3 0 1 4 1 4 4 4 4 6 0 0 0
split_gain=1.07079 1.71743 2.81635 2.95802 1.72865 2.39277 2.37513 3.15566 2.94177 1.78084 1.53996 3.42028 4.84161 4.8122
threshold=361.11026190874139 204.61026134758544 222.72964531768312 4395.6195000000007 270.53000000000003 3021.4000000000001 441.97882352941184 548.90500000000009 602.67500000000007 636.5100000000001 184.09976753558024 168.63294673719602 186.89569144112954 119.30212331511321
decision_type=2 2 2 2 10 2 10 10 10 10 2 2 2 2
left_child=1 2 10 -4 5 -3 -6 -8 -9 -10 -1 13 -13 -12
right_child=-2 4 3 -5 6 -7 7 8 9 -11 11 12 -14 -15
leaf_value=0.00038691065991735001 -0.0074898075882487425 0.15951611131596471 -0.10919582909845765 0.00084731611841357699 0.059789125247998759 -0.37738443659993681 -0.014988113351097287 0.026387955991242031 -0.016909184141395341 0.0059079202290791338 0.01648700176108131 0.036254942313772624 -0.015160902289766218 -0.02499924908096576
leaf_weight=1017 25 22 29 23 41 25 28 26 20 23 40 28 47 75
leaf_count=1017 25 22 29 23 41 25 28 26 20 23 40 28 47 75
internal_value=0.000442177 0.000622837 -3.96825e-05 -0.0113208 0.00510753 -0.003125 0.00791367 0.00357143 0.00928571 0.00113636 0.000455298 -0.00366492 0.00460526 -0.00905172
internal_weight=1469 1444 1259 52 185 47 138 97 69 43 1207 190 75 115
internal_count=1469 1444 1259 52 185 47 138 97 69 43 1207 190 75 115
is_linear=0
shrinkage=0.05


Tree=203
num_leaves=15
num_cat=0
split_feature=1 2 4 4 2 4 7 7 1 7 4 7 2 2
split_gain=1.25739 3.26918 3.70805 3.72475 3.55597 3.00781 2.11302 1.84907 3.37367 2.72492 6.099 2.15448 1.76107 1.60427
threshold=2033.6950000000004 1434.4600000000003 699.40500000000009 825.95000000000016 670.49300000000005 663.32500000000016 6.5585823949629338 -22.214310501880906 4887.8150000000014 -8.801203531763802 740.45000000000016 -6.6597871082780093 857.84000000000003 1709.3600000000004
decision_type=2 2 10 10 2 8 8 8 2 8 10 8 2 2
left_child=1 2 4 -4 -1 6 -3 8 -2 10 -9 -11 -13 -14
right_child=7 5 3 -5 -6 -7 -8 9 -10 11 -12 12 13 -15
leaf_value=-0.04929543313608991 0.0085945961203062644 -0.027787953461999266 -0.0089014358025578545 0.003681541407145278 0.082419952863500789 -0.048331740005743695 0.095777197700240665 0.0039094481522935712 -0.031059324764357008 -0.010240867759725703 0.17696055849610595 -0.0058193890742166054 0.0049361132415054942 0.00058206769881138931
leaf_weight=27 39 24 42 36 49 36 20 81 37 25 20 24 39 970
leaf_count=27 39 24 42 36 49 36 20 81 37 25 20 24 39 970
internal_value=0.00037415 -0.00297872 0.00129032 -0.00632911 0.00909091 -0.0111111 -0.00222222 0.00101133 -0.00649351 0.00150862 0.00931373 0.00075543 0.00111219 0.00143564
internal_weight=1469 234 154 78 76 80 44 1235 76 1159 101 1058 1033 1009
internal_count=1469 234 154 78 76 80 44 1235 76 1159 101 1058 1033 1009
is_linear=0
shrinkage=0.05


Tree=204
num_leaves=15
num_cat=0
split_feature=0 6 6 6 6 7 8 0 2 2 7 6 6 7
split_gain=1.05639 1.0548 1.67832 1.31696 1.40928 4.77484 3.49536 4.34097 3.81871 3.67315 2.66161 3.30242 2.79146 3.34495
threshold=361.11026190874139 287.35750078183622 264.38156449252426 241.26640339305658 185.08622512491374 -17.959329216237979 1.5000000000000002 163.09896139438251 7268.7725000000009 9318.6000000000004 -14.648695436381898 160.70179291149779 176.87500065743845 1.9303602429088047
decision_type=2 2 2 2 2 8 2 2 2 2 8 2 2 10
left_child=1 2 3 4 10 -6 7 -7 -8 -10 11 -1 -12 -14
right_child=-2 -3 -4 -5 5 6 8 -9 9 -11 12 -13 13 -15
leaf_value=-0.026444415398589105 -0.0071444205937768682 0.041981682565394696 -0.032366272163603674 0.06336674984234994 0.059585340239602359 -0.053748412253048376 0.37196510201413652 -0.0019131602296809881 -0.26889530885422935 0.022369311182298148 0.00053714045764223788 0.0044963872291336636 -0.00024790664839277333 0.10023030616146206
leaf_weight=45 25 30 22 33 32 50 46 113 22 25 955 31 20 20
leaf_count=45 25 30 22 33 32 50 46 113 22 25 955 31 20 20
internal_value=0.00037415 0.000553633 0.000353357 0.0005743 0.000330882 -0.00276817 -0.00505837 -0.00945122 0.00265957 -0.00729167 0.00116604 -0.00779221 0.00185743 0.0146341
internal_weight=1469 1444 1414 1392 1359 288 256 163 93 47 1071 76 995 40
internal_count=1469 1444 1414 1392 1359 288 256 163 93 47 1071 76 995 40
is_linear=0
shrinkage=0.05


Tree=205
num_leaves=15
num_cat=0
split_feature=4 4 4 4 4 8 8 4 7 3 0 4 4 1
split_gain=1.10075 2.63747 2.10128 3.26112 3.22808 3.1636 1.98709 2.75963 2.74619 7.34446 4.20345 2.7295 3.8486 2.84411
threshold=776.89000000000021 825.95000000000016 683.65382352941185 692.66500000000019 704.37000000000012 1.5000000000000002 1.5000000000000002 224.19238999389799 8.5652508453472453 121.31696667316091 248.12072054089606 579.80000000000007 598.51382352941187 6774.670000000001
decision_type=10 10 10 10 10 2 2 10 8 2 2 10 10 2
left_child=2 -2 6 -4 -5 -6 7 -1 11 -10 -11 13 -13 -9
right_child=1 -3 3 4 5 -7 -8 8 9 10 -12 12 -14 -15
leaf_value=0.0033325012269810068 -0.0051442517949846561 0.00051028343476012823 0.068664436142944402 -0.045488998411344621 0.0054720733331097065 -0.0023542535392378941 0.0032687763958668572 -0.00029684625527114377 -0.2835080190383249 0.0018990707334816755 -0.030183166982395405 -0.21220043276369438 -0.0010466582715764506 0.0076445254521947713
leaf_weight=30 51 181 26 33 85 32 476 224 28 59 33 24 122 65
leaf_count=30 51 181 26 33 85 32 476 224 28 59 33 24 122 65
internal_value=0.000578231 -0.00257511 0.00117124 0.00621469 0.00331126 0.00720339 0.000329567 -0.00162116 -0.00242806 -0.00909091 -0.00215054 -0.000573394 -0.00612245 0.00224138
internal_weight=1469 232 1237 176 150 117 1061 585 555 120 92 435 146 289
internal_count=1469 232 1237 176 150 117 1061 585 555 120 92 435 146 289
is_linear=0
shrinkage=0.05


Tree=206
num_leaves=15
num_cat=0
split_feature=3 3 2 2 2 3 3 0 3 1 1 6 6 6
split_gain=1.54325 1.78473 2.08442 4.61371 2.7749 1.96155 4.99194 3.32342 6.42779 2.86895 4.05496 2.55179 2.78896 3.87771
threshold=31.140942381968749 49.201046209565966 3012.645 2576.0450000000005 2351.2295000000008 107.30782159831239 101.60173398192426 144.70256566248392 138.34682775243172 4695.3045000000011 6355.2900000000009 162.2050845512716 125.56074557183193 118.27558542875845
decision_type=2 2 2 2 2 2 2 2 2 2 2 2 2 2
left_child=-1 -2 3 4 -3 6 11 -7 9 -9 -11 12 13 -4
right_child=1 2 5 -5 -6 7 -8 8 -10 10 -12 -13 -14 -15
leaf_value=-0.0024083454754679004 0.0027064576740623986 -0.0013578280474350612 -0.00013471505560764819 -0.01362587365965188 0.017665623977797786 -0.019732150381707725 0.17846452208221186 0.15357422131089149 -8.9112860623929987e-05 -0.0022552271899885651 0.048394988163594978 0.024095843632386815 -0.013378587933258551 0.049928912508855401
leaf_weight=72 72 247 81 37 21 146 31 22 529 23 23 53 84 28
leaf_count=72 72 247 81 37 21 146 31 22 529 23 23 53 84 28
internal_value=0.000238095 0.000608011 0.000188537 -0.00343137 -0.00111524 0.00127326 0.00485612 -6.72043e-05 0.00158863 0.015942 0.00851064 0.00242915 -0.000257732 0.005
internal_weight=1469 1397 1325 305 268 1020 277 743 597 68 46 246 193 109
internal_count=1469 1397 1325 305 268 1020 277 743 597 68 46 246 193 109
is_linear=0
shrinkage=0.05


Tree=207
num_leaves=15
num_cat=0
split_feature=7 7 6 6 7 0 3 2 2 7 0 7 7 2
split_gain=1.7975 1.61871 5.52475 5.79956 3.60467 1.75073 4.2407 3.52264 5.51388 5.12951 4.4276 4.21644 3.41039 2.40061
threshold=61.13915789669975 19.405075113525971 147.53484092538028 198.86474081608893 15.23717487669022 76.548333224714966 73.992936819300354 2317.9185000000002 6258.8750000000009 -0.38963935043743442 57.804865656243265 1.6401945863701004 -1.635026143424241 3012.645
decision_type=10 10 2 2 10 2 2 2 2 8 2 8 8 2
left_child=1 4 -3 -4 5 7 12 9 10 -1 -9 -11 -7 -8
right_child=-2 2 3 -5 -6 6 13 8 -10 11 -12 -13 -14 -15
leaf_value=-0.0024808149294538676 -0.1698918258740999 0.014598574130891981 -0.028989349097824024 0.051496258406606057 -0.015735032289836665 -0.0013181128448724599 -0.0019307734890094824 -0.00061921073400186268 0.0038203120040180925 0.0041534908298236804 -0.019403781024066091 4.9795720262454937e-05 0.040395936569367553 0.0012538981255528422
leaf_weight=35 20 26 53 33 40 23 204 21 22 27 34 79 43 809
leaf_count=35 20 26 53 33 40 23 204 21 22 27 34 79 43 809
internal_value=0.000238095 0.000448276 0.00619469 0 -3.73692e-05 0.000423729 0.00125 -0.00365297 -0.0121795 0.00105634 -0.0205357 0.00654206 0.0134328 0.000443787
internal_weight=1469 1449 112 86 1337 1297 1079 218 77 141 55 106 66 1013
internal_count=1469 1449 112 86 1337 1297 1079 218 77 141 55 106 66 1013
is_linear=0
shrinkage=0.05


Tree=208
num_leaves=15
num_cat=0
split_feature=2 2 2 4 3 3 3 3 4 4 2 1 7 7
split_gain=1.62491 3.11453 2.75102 3.5249 1.97141 2.73513 5.49253 2.33153 3.33281 5.28423 2.8722 3.76579 5.36175 4.05952
threshold=6444.8065000000006 6794.9040000000014 5994.7500000000009 427.14500000000004 117.45343558520966 89.178106838612791 77.170576887376868 204.61026134758544 551.73000000000013 427.14500000000004 8418.0250000000015 4167.2600000000011 11.42165950041292 1.4524443120779298
decision_type=2 2 2 10 2 2 2 2 10 8 2 2 10 8
left_child=2 -2 -1 -4 5 6 -3 8 9 -6 -9 -12 13 -13
right_child=1 4 3 -5 7 -7 -8 10 -10 -11 11 12 -14 -15
leaf_value=-0.00014698541101218767 0.040082058072049558 0.015712516082900651 0.0030534446943987132 -0.019050963863619211 -0.030271462307501981 0.021792781311951056 -0.03186218925372946 0.046903115782888513 -0.011874369813830899 0.052615640079303229 -0.12807465448001759 0.038643860424282042 0.24147451984060223 -0.053932464306471917
leaf_weight=838 36 34 22 38 20 57 21 46 163 90 29 26 22 27
leaf_count=838 36 34 22 38 20 57 21 46 163 90 29 26 22 27
internal_value=0.000102041 0.00218531 -0.00122358 -0.0114754 0.00121269 0.00707965 -0.000892857 -0.000353774 -0.00310219 0.0036036 0.00463576 0 0.00592105 -0.00277778
internal_weight=1469 571 898 60 535 112 55 423 273 110 150 104 75 53
internal_count=1469 571 898 60 535 112 55 423 273 110 150 104 75 53
is_linear=0
shrinkage=0.05


Tree=209
num_leaves=15
num_cat=0
split_feature=6 3 1 6 6 3 1 6 0 3 2 3 6 2
split_gain=1.79602 2.05404 2.62739 1.61086 3.1362 2.7115 1.84213 3.80789 2.37403 4.62211 3.23495 3.51184 2.76813 3.46348
threshold=250.98244478577615 193.08199300894043 2912.4610000000002 227.48708431902847 221.73572678780906 202.09232806253314 12932.485000000002 53.518592474592801 88.311357823461364 78.79384332398034 2317.9185000000002 70.756256934394997 136.44700000000003 13544.000000000002
decision_type=2 2 2 2 2 2 2 2 2 2 2 2 2 2
left_child=3 -2 -3 4 6 -5 8 -8 10 -10 -1 -12 -11 -14
right_child=1 2 -4 5 -6 -7 7 -9 9 12 11 -13 13 -15
leaf_value=-0.00043846618536945718 0.023842660330754047 0.0061139746974210986 -0.03301654157875894 -0.019739740708022337 0.072372002489559287 0.0008976088751240064 -0.0047955440363171876 0.0090859295810680335 0.020994303745428558 0.0017849217099667443 -0.025829849222836189 -0.0034978137422840118 -0.0012449636322363373 -0.021961450474182843
leaf_weight=161 21 38 21 27 25 33 28 45 30 335 31 32 598 44
leaf_count=161 21 38 21 27 25 33 28 45 30 335 31 32 598 44
internal_value=0.000170068 0.00740741 0.0025 -0.000251799 0.000112782 -0.00819672 -0.000229885 0.00743243 -0.000689935 0.000347222 -0.00533333 -0.0148438 -0.000255624 -0.00217729
internal_weight=1469 80 59 1389 1329 60 1304 73 1231 1007 224 63 977 642
internal_count=1469 80 59 1389 1329 60 1304 73 1231 1007 224 63 977 642
is_linear=0
shrinkage=0.05


Tree=210
num_leaves=15
num_cat=0
split_feature=0 1 1 1 1 1 1 1 4 7 3 3 1 1
split_gain=1.21142 1.09802 3.04781 2.10104 1.87926 2.25571 2.74276 2.53968 1.71598 3.22383 4.44714 5.4631 4.25353 6.24776
threshold=32.924709631785383 8753.8900000000012 8435.7100000000009 9347.0250000000015 8045.2010000000009 7432.438000000001 7074.1800000000012 7596.8950000000013 584.7075000000001 -50.239686985418722 265.54264759889128 99.15314015861199 5601.6440000000011 3891.1085000000003
decision_type=2 2 2 2 2 2 2 2 8 10 2 2 2 2
left_child=-1 2 4 -3 5 6 8 -7 9 -2 11 -11 13 -13
right_child=1 3 -4 -5 -6 7 -8 -9 -10 10 -12 12 -14 -15
leaf_value=-0.0046415293961448532 -0.04546685563003583 0.023735925640569842 -0.045772763268542682 0.001077904988596073 0.066882172346256943 -0.07319153944140136 0.0951710560480198 -0.019138476135321908 0.00087906030590850781 0.0027137852512236107 0.030039922289192403 -0.0011158413266849423 0.0032055029417170479 -0.12893639060053799
leaf_weight=30 24 20 20 127 25 20 22 24 755 115 44 118 57 68
leaf_count=30 24 20 20 127 25 20 22 24 755 115 44 118 57 68
internal_value=0.000102041 0.0003125 -0.000154679 0.00439189 0.000157109 -0.000120192 0.000290698 -0.0111111 -4.23012e-05 -0.00257611 -0.00148883 -0.00334262 -0.00758197 -0.0112299
internal_weight=1469 1439 1292 147 1272 1247 1203 44 1181 426 402 358 243 186
internal_count=1469 1439 1292 147 1272 1247 1203 44 1181 426 402 358 243 186
is_linear=0
shrinkage=0.05


Tree=211
num_leaves=15
num_cat=0
split_feature=3 7 1 7 7 3 3 7 3 1 7 0 7 7
split_gain=1.37612 2.95866 2.26982 1.95391 2.40827 1.62819 1.96139 6.74727 5.39832 3.65081 3.21126 2.62868 3.70536 2.22188
threshold=44.000401473719585 -16.788651926845358 12932.485000000002 -0.84305986674137745 0.7488923238277857 49.201046209565966 70.756256934394997 2.6231319251495653 73.992936819300354 3822.8455000000004 -17.959329216237979 89.41200000000002 2.5168172785243148 1.2971907283884152
decision_type=2 10 2 10 8 2 2 10 2 2 10 2 8 10
left_child=1 -1 5 -3 -5 -2 7 9 -8 10 -7 12 -10 -13
right_child=2 3 -4 4 -6 6 8 -9 11 -11 -12 13 -14 -15
leaf_value=0.10186696268596776 0.021881880358709582 -0.0059877522561345214 0.0064021379263870196 0.0026596431194348571 -0.0035083116440250087 0.15921729230885717 0.054463129870495543 0.0096963127258780646 0.0054777976882501691 -0.069926527571770425 -0.023423508080440067 0.0015244890834204662 -0.041677113857422059 -0.00064510899371461041
leaf_weight=21 29 22 33 20 51 24 21 22 20 28 30 639 27 482
leaf_count=21 29 22 33 20 51 24 21 22 20 28 30 639 27 482
internal_value=3.40136e-05 -0.00521739 0.000479351 -0.00904255 -0.00486111 0.000151172 -0.00011592 -0.00666667 0.000462185 -0.013253 -0.00545455 0 -0.0114583 0.000490196
internal_weight=1469 114 1355 93 71 1322 1293 104 1189 82 54 1168 47 1121
internal_count=1469 114 1355 93 71 1322 1293 104 1189 82 54 1168 47 1121
is_linear=0
shrinkage=0.05


Tree=212
num_leaves=15
num_cat=0
split_feature=6 6 7 7 2 3 3 2 4 6 6 3 3 6
split_gain=1.03823 4.1175 3.7318 4.2134 3.36332 3.24523 2.93467 3.51002 2.25333 1.98847 5.36567 2.98035 2.51215 1.97569
threshold=183.43041353380798 187.40229408148025 -0.67035190254998855 1.1141055494729672 4195.9800000000005 139.26210316139932 202.09232806253314 7055.0850000000009 251.83000000000004 224.19208497618021 213.71465235211417 262.44997659907676 212.13395411384326 176.87500065743845
decision_type=2 2 8 8 2 2 2 2 10 2 2 2 2 2
left_child=13 -2 6 -4 8 -6 7 -3 -5 10 12 -11 -7 -1
right_child=1 2 3 4 5 9 -8 -9 -10 11 -12 -13 -14 -15
leaf_value=0.00013850461236887131 -0.034909089022674249 0.0031211056906856344 -0.064151231162442104 0.07408951005778662 0.092955021940917662 -0.0022131943748509688 0.044552252027208777 -0.15176065341648304 -0.033063087595661018 0.10162032118435667 -0.34703037011192023 -0.015292450913758433 0.081083001665611554 0.080937682840323599
leaf_weight=1020 30 38 26 20 23 38 41 25 29 42 25 32 38 42
leaf_count=1020 30 38 26 20 23 38 41 25 29 42 25 32 38 42
internal_value=0.000306122 -0.00183824 -0.000396825 -0.00346715 -0.00141129 0.00150754 0.00761905 0.00078125 -0.013 -0.000852273 -0.00539216 0.00533333 0.0012987 0.00112888
internal_weight=1469 407 377 273 247 198 104 63 49 175 101 74 76 1062
internal_count=1469 407 377 273 247 198 104 63 49 175 101 74 76 1062
is_linear=0
shrinkage=0.05


Tree=213
num_leaves=15
num_cat=0
split_feature=4 7 7 1 1 6 6 7 1 3 6 7 7 6
split_gain=1.49712 3.67303 5.49017 5.14143 3.45471 1.42906 3.53063 2.40318 3.22072 1.73911 2.99493 6.43932 3.20421 4.74649
threshold=314.77441176470592 0.47995341720636736 3.2524522884765052 11262.295000000002 2485.2500000000005 227.48708431902847 221.73572678780906 19.405075113525971 4039.0150000000003 241.89046138424996 183.43041353380798 -17.959329216237979 -14.648695436381898 160.70179291149779
decision_type=8 8 10 2 2 2 2 8 2 2 2 8 8 2
left_child=1 3 -3 -1 -4 6 9 8 -7 10 12 -12 13 -2
right_child=5 2 4 -5 -6 7 -8 -9 -10 -11 11 -13 -14 -15
leaf_value=0.064734593639541496 -0.07835205543408276 -0.010534790349346719 -0.014527828368070511 -0.00010255659217683899 0.036951353318358152 -0.15136111888645354 0.0749679421564029 0.005851208128573971 0.024773923173339554 0.016358007908157734 0.058702001177717747 -0.018710018600092505 0.00088731967845012694 0.013808817433624688
leaf_weight=30 43 31 22 23 23 33 21 39 23 45 23 180 907 26
leaf_count=30 43 31 22 23 23 33 21 39 23 45 23 180 907 26
internal_value=0.000646259 0.00576923 -0.0012987 0.0157407 0.00978261 0.000149142 0.000601926 -0.00572917 -0.0122807 0.000244898 -0.000127119 -0.00563725 0.00102354 -0.00928571
internal_weight=1469 129 76 53 45 1340 1245 95 56 1224 1179 203 976 69
internal_count=1469 129 76 53 45 1340 1245 95 56 1224 1179 203 976 69
is_linear=0
shrinkage=0.05


Tree=214
num_leaves=15
num_cat=0
split_feature=6 7 6 6 4 4 2 3 6 3 6 8 7 4
split_gain=1.89956 1.94414 1.7566 2.87041 2.20448 2.0251 1.82832 4.15272 3.7603 2.37537 1.86954 2.63523 5.77319 3.17346
threshold=56.688300350629994 61.13915789669975 250.98244478577615 227.48708431902847 489.4500000000001 334.89153655666598 13544.000000000002 204.61026134758544 187.40229408148025 212.13395411384326 183.43041353380798 1.5000000000000002 32.933758037515219 502.55000000000001
decision_type=2 10 2 2 10 10 2 2 2 2 2 2 8 10
left_child=-1 2 3 6 -5 -4 7 10 -9 -8 -2 13 -13 -12
right_child=1 -3 5 4 -6 -7 9 8 -10 -11 11 12 -14 -15
leaf_value=-0.0014665372141329349 0.00079574799770560929 -0.15731935566922661 0.040059311489041211 -0.049281371961531199 -0.0007731974139824683 -0.033293239074300297 0.00038992633444161207 -0.010958713965823952 0.051415257635663597 -0.064966383611457124 2.6326029847667522e-05 0.48940099964845329 -0.13268489821874052 -0.063405679555361846
leaf_weight=60 933 20 55 30 28 22 40 21 73 21 45 30 31 60
leaf_count=60 933 20 55 30 28 22 40 21 73 21 45 30 31 60
internal_value=0.000442177 0.000815603 0.00104317 0.000609292 -0.0101695 0.00833333 0.00111554 0.00154941 0.0115789 -0.00725806 0.000681818 -0.00419162 0.00403226 -0.00896226
internal_weight=1469 1409 1389 1312 58 77 1254 1193 94 61 1099 166 61 105
internal_count=1469 1409 1389 1312 58 77 1254 1193 94 61 1099 166 61 105
is_linear=0
shrinkage=0.05


Tree=215
num_leaves=15
num_cat=0
split_feature=6 4 6 1 1 1 1 1 2 3 2 1 6 4
split_gain=2.11816 2.23147 1.8525 2.65917 4.02165 1.76225 1.69192 3.18178 2.05633 2.00388 4.2342 3.27594 2.94788 3.55632
threshold=250.98244478577615 331.97029411764714 56.688300350629994 12932.485000000002 14140.460000000003 10554.692000000003 8753.8900000000012 8435.7100000000009 13598.370000000003 188.79303835825175 6888.5650000000014 2648.8255000000004 215.97440379665412 538.7750000000002
decision_type=2 10 2 2 2 2 2 2 2 2 2 2 2 8
left_child=2 -2 -1 5 -5 6 7 8 9 12 11 -11 -4 -14
right_child=1 -3 3 4 -6 -7 -8 -9 -10 10 -12 -13 13 -15
leaf_value=-0.0013932103534262886 0.030760992524604094 -0.031628577120585276 0.00037112382216636933 0.03936442048138019 -0.0095059598524559266 -0.011591095726664747 0.020544192109938259 -0.043597188221784433 -0.0092796777515646422 0.0060464589131771444 0.017987228491813112 -0.0073997358594293239 0.00021197537013850355 -0.17145320988108961
leaf_weight=60 56 24 946 20 21 29 43 20 45 29 112 21 21 22
leaf_count=60 56 24 946 20 21 29 43 20 45 29 112 21 21 22
internal_value=0.000782313 0.00864198 0.000323741 0.000714286 0.0130952 0.000310318 0.000595238 0.000246508 0.000584795 0.000998264 0.00613497 -0.00588235 0.000151515 -0.0125
internal_weight=1469 80 1389 1329 41 1288 1259 1216 1196 1151 162 50 989 43
internal_count=1469 80 1389 1329 41 1288 1259 1216 1196 1151 162 50 989 43
is_linear=0
shrinkage=0.05


Tree=216
num_leaves=15
num_cat=0
split_feature=6 7 7 6 6 3 7 3 7 0 3 0 6 1
split_gain=2.19216 2.69531 5.01263 3.01889 5.82102 3.10212 2.8963 2.38642 2.1232 3.81932 4.67748 3.27405 5.77809 2.71993
threshold=250.98244478577615 1.6401945863701004 1.0516792073037247 132.24804635709663 135.72925000000001 68.893491721442146 0.1190380124591144 34.017419183778195 -1.635026143424241 143.20911815019807 144.37040879121128 133.20707679739235 175.66469361510443 4089.9100000000003
decision_type=2 10 10 2 2 2 10 2 10 2 2 2 2 2
left_child=1 2 3 -1 -5 -6 8 -3 9 11 -11 12 13 -7
right_child=-2 7 -4 4 5 6 -8 -9 -10 10 -12 -13 -14 -15
leaf_value=-0.00096453199702422059 0.0085587699838785506 -0.0090306618598331341 0.0094379930166737167 0.041619529261211353 0.028158416339882454 0.043175948506409129 -0.094437018717766372 -0.00076756254078447217 0.023570544793914294 0.11508091377177013 0.00041177326900427859 -0.13667878075168566 -0.06840980699630228 -0.011970525779464048
leaf_weight=333 80 25 42 29 31 21 26 531 36 48 173 23 28 43
leaf_count=333 80 25 42 29 31 21 26 531 36 48 173 23 28 43
internal_value=0.000646259 0.000179856 0.00197842 0.00107323 0.0037037 0.0022093 0.00100251 -0.00251346 0.00214477 0.000890208 0.00472973 -0.00646552 -0.00215054 0.00615385
internal_weight=1469 1389 833 791 458 429 398 556 372 336 221 115 92 64
internal_count=1469 1389 833 791 458 429 398 556 372 336 221 115 92 64
is_linear=0
shrinkage=0.05


Tree=217
num_leaves=15
num_cat=0
split_feature=6 4 6 4 6 2 1 2 3 3 3 0 4 6
split_gain=2.32623 2.9815 1.73086 2.95031 1.93291 1.44944 5.94746 3.18233 3.03576 3.18999 3.56428 2.98421 2.82456 4.5635
threshold=254.70829248876939 331.97029411764714 227.48708431902847 301.63500000000005 221.73572678780906 6444.8065000000006 3891.1085000000003 6794.9040000000014 77.170576887376868 89.178106838612791 112.71422423468682 136.67818159399661 500.00500000000011 136.44700000000003
decision_type=2 10 2 10 2 2 2 2 2 2 2 2 10 2
left_child=2 -2 4 -4 5 -1 -7 -8 -9 -10 -11 -12 -13 -14
right_child=1 -3 3 -5 -6 6 7 8 9 10 11 12 13 -15
leaf_value=-0.00054362983794565417 0.039793400040229479 -0.034844103286862542 -0.01445679372549661 -0.0041225464831280865 0.074358641594393718 0.069434280566887593 0.05992260603577737 0.016118482358865437 -0.032592776801767996 0.041596581841049932 -0.42739361639073303 0.012108361333415241 0.0065398353087213635 -0.013316893951920756
leaf_weight=836 52 23 20 45 25 33 25 31 21 43 21 105 36 153
leaf_count=836 52 23 20 45 25 33 25 31 21 43 21 105 36 153
internal_value=3.40136e-05 0.00855263 -0.000430108 -0.00833333 -3.7594e-05 -0.000306513 0.00191898 0.000344037 -0.000729927 -0.00197368 -0.000835655 -0.00268987 -0.00135593 -0.005
internal_weight=1469 75 1394 65 1329 1304 468 435 410 379 358 315 294 189
internal_count=1469 75 1394 65 1329 1304 468 435 410 379 358 315 294 189
is_linear=0
shrinkage=0.05


Tree=218
num_leaves=15
num_cat=0
split_feature=0 6 4 2 2 7 2 6 2 4 4 4 2 2
split_gain=1.63311 2.67014 2.12104 1.84821 1.36448 3.18766 2.17918 2.05175 2.8649 1.89075 3.77763 2.67216 3.36775 2.32724
threshold=374.63000000000005 250.98244478577615 229.47088235294123 7268.7725000000009 13544.000000000002 -26.886101512009503 12882.029 227.48708431902847 6202.1500000000005 903.90166666666653 794.40166666666676 946.95500000000004 4250.8400000000011 6258.8750000000009
decision_type=2 2 10 2 2 10 2 2 2 8 10 8 2 2
left_child=1 4 -3 -4 6 -6 7 9 -9 10 -1 12 -11 -13
right_child=-2 2 3 -5 5 -7 -8 8 -10 11 -12 13 -14 -15
leaf_value=-0.00013539276749694463 -0.16333677216171341 0.21581442096502912 -0.028797587478773503 0.038397064483818903 -0.21399070049825486 -3.0988625239336544e-05 0.023681280588891407 0.0039812228657291728 -0.17013638058926459 0.0050804746278239055 -0.0054560143765803818 -0.0030548759731697239 -0.00020008010307396296 0.049745290540775235
leaf_weight=799 20 22 27 20 20 55 23 21 23 23 97 194 22 103
leaf_count=799 20 22 27 20 20 55 23 21 23 23 97 194 22 103
internal_value=-0.000442177 -0.000241379 0.00928571 0.003125 -0.000724113 -0.00723684 -0.000344564 -0.000623539 -0.0111111 -0.000242131 -0.00144928 0.00291545 0.0141304 0.0011745
internal_weight=1469 1449 69 47 1380 75 1305 1282 44 1238 896 342 45 297
internal_count=1469 1449 69 47 1380 75 1305 1282 44 1238 896 342 45 297
is_linear=0
shrinkage=0.05


Tree=219
num_leaves=15
num_cat=0
split_feature=7 0 4 4 4 7 0 7 2 2 3 0 2 4
split_gain=1.66539 1.52998 2.97161 6.706 6.25651 4.43883 4.16618 3.5368 3.179 4.84863 2.64899 3.87599 4.56371 2.26273
threshold=61.13915789669975 148.70015989502181 608.38563725490201 564.70000000000016 637.9433333333335 7.9408530868449541 117.15007294198773 1.2363965132930945 3828.3300000000004 4300.6800000000012 99.15314015861199 104.43486920806252 2728.8850000000007 592.06000000000017
decision_type=10 2 10 10 10 10 2 10 2 2 2 2 2 8
left_child=1 2 3 5 -4 8 -7 -5 10 -10 11 12 -1 -3
right_child=-2 13 4 7 -6 6 -8 -9 9 -11 -12 -13 -14 -15
leaf_value=-0.00016950162690763384 -0.1493965829959969 -0.0010622884122612809 -0.017214051338563241 0.0029420418034813768 -0.00037971778266483459 -0.00029756846073648868 -0.095845060272780974 0.074399393323251892 0.020659956990617852 0.0012746171169649712 -0.068691780786762552 0.096448417353584961 -0.0113380483602187 0.0068027012572517975
leaf_weight=128 20 261 36 20 338 22 22 21 20 153 23 27 29 349
leaf_count=128 20 261 36 20 338 22 22 21 20 153 23 27 29 349
internal_value=-0.000306122 -0.000103448 -0.0014881 0.00118026 -0.0048 -0.000705882 -0.0155556 0.0202381 0.00104987 0.00603448 -0.003125 -0.00108108 -0.00411392 0.00180033
internal_weight=1469 1449 839 465 374 424 44 41 380 173 207 184 157 610
internal_count=1469 1449 839 465 374 424 44 41 380 173 207 184 157 610
is_linear=0
shrinkage=0.05


Tree=220
num_leaves=15
num_cat=0
split_feature=6 7 7 2 2 1 7 6 0 6 6 7 0 7
split_gain=1.68498 1.83649 3.23588 2.82096 2.76104 2.66876 2.50772 2.15645 2.9909 2.5259 2.68026 2.25374 2.92034 2.90285
threshold=287.35750078183622 1.7072468449608664 1.0516792073037247 1317.7275000000002 1725.3350000000003 2156.0200000000004 3.0078532358032324 47.753311359009523 48.66978492107264 75.776044228556557 58.562227179789367 -22.214310501880906 170.22632816182804 -17.040586077334545
decision_type=2 10 10 2 2 2 10 2 2 2 2 8 2 8
left_child=1 2 7 6 -5 -6 -3 -1 -9 10 -10 12 -11 -13
right_child=-2 3 -4 4 5 -7 -8 8 9 11 -12 13 -14 -15
leaf_value=-0.0065312723326830247 0.017911964633415663 -0.015967946678733403 0.0057284438470009249 0.021217225937550595 -0.0091671221633808034 -0.00068053381544881946 -0.00042502024122269001 0.012520395324624761 0.0010408875832185528 -0.036141024192966942 -0.096824357832350882 0.05528283326794961 0.0046360615514412949 0.00021266738178289392
leaf_weight=23 40 22 47 30 23 457 33 25 23 37 28 28 36 617
leaf_count=23 40 22 47 30 23 457 33 25 23 37 28 28 36 617
internal_value=-0.000238095 -0.000524476 0.000924855 -0.00273852 -0.00156556 -0.0024948 -0.0133929 0.000183374 0.000628931 6.49351e-05 -0.0105769 0.000834492 -0.00743243 0.00178019
internal_weight=1469 1429 864 565 510 480 55 817 794 769 51 718 73 645
internal_count=1469 1429 864 565 510 480 55 817 794 769 51 718 73 645
is_linear=0
shrinkage=0.05


Tree=221
num_leaves=15
num_cat=0
split_feature=6 7 6 3 0 3 3 3 3 6 0 3 7 7
split_gain=2.04139 1.82644 3.11299 2.18686 5.82987 5.08166 5.2601 4.0072 1.87996 3.54438 4.98645 4.97778 3.03361 6.15841
threshold=53.518592474592801 1.6401945863701004 241.26640339305658 86.34133687981641 104.43486920806252 70.756256934394997 58.597348948460521 34.017419183778195 214.33853907676391 144.68642428599861 148.70015989502181 152.58349205656336 10.361141132642745 4.7200169613198719
decision_type=2 10 2 2 2 2 2 2 2 2 2 2 10 10
left_child=-1 -2 3 5 -5 6 7 -3 9 10 12 -12 13 -6
right_child=1 2 -4 4 8 -7 -8 -9 -10 -11 11 -13 -14 -15
leaf_value=-0.0033528390794331426 0.0015260616749662227 -0.0081304461820820746 0.018085473379642815 -0.030126630823962636 0.0056403496421079339 0.0097741487134105163 -0.0097758664953884189 0.012232269087013593 0.012273664897553506 -0.0045215035340208628 0.011913172818122587 0.0012869863874884315 0.044230638797561402 -0.11764929344127562
leaf_weight=48 846 20 37 27 22 47 24 38 56 216 20 24 24 20
leaf_count=48 846 20 37 27 22 47 24 38 56 216 20 24 24 20
internal_value=-0.000170068 0.000175809 -0.00199653 -0.00296846 -0.0047561 0.00269231 -0.00481928 0.00338983 -0.00313316 -0.00458716 0.0027027 0.0155556 -0.00597015 -0.0139535
internal_weight=1469 1421 575 538 409 129 82 58 382 326 110 44 66 42
internal_count=1469 1421 575 538 409 129 82 58 382 326 110 44 66 42
is_linear=0
shrinkage=0.05


Tree=222
num_leaves=15
num_cat=0
split_feature=6 3 0 6 3 0 2 2 1 1 4 6 6 1
split_gain=2.06915 1.11036 5 3.06115 2.37319 1.81831 1.72511 1.9375 2.32653 2.3394 3.86879 1.70576 5.57576 1.87662
threshold=53.518592474592801 204.61026134758544 222.72964531768312 187.40229408148025 133.20463420664996 215.32636209361542 13689.225000000002 12006.116000000002 12932.485000000002 8502.7950000000001 641.70000000000016 215.97440379665412 241.26640339305658 7685.4550000000008
decision_type=2 2 2 2 2 2 2 2 2 2 10 2 2 2
left_child=-1 2 5 -3 -4 6 7 8 9 11 -11 13 -13 -2
right_child=1 3 4 -5 -6 -7 -8 -9 -10 10 -12 12 -14 -15
leaf_value=-0.0031851971254614839 0.00012280438023543061 -0.027699086534464446 -0.0010796641983881472 0.011659981652675833 -0.08950299739814771 0.17318815415330974 0.025614144870042169 -0.079388255552471518 0.0082291889039430646 0.0026860967158244958 -0.026809244311676618 -0.077794201748090111 0.022618309934974712 0.05992194297658783
leaf_weight=48 897 37 23 168 34 25 20 41 42 24 27 32 21 30
leaf_count=48 897 37 23 168 34 25 20 41 42 24 27 32 21 30
internal_value=-0.000102041 0.000246132 -0.000328677 0.00364078 -0.0146552 0.000387931 8.81057e-05 -0.000179372 0.000232775 -0.000242248 -0.0105769 0.00030581 -0.00833333 0.00080819
internal_weight=1469 1421 1216 205 57 1159 1134 1114 1073 1031 51 980 53 927
internal_count=1469 1421 1216 205 57 1159 1134 1114 1073 1031 51 980 53 927
is_linear=0
shrinkage=0.05


Tree=223
num_leaves=15
num_cat=0
split_feature=7 0 6 7 6 6 0 1 1 1 2 2 7 7
split_gain=1.7975 1.70049 2.30533 3.1861 2.22218 3.778 2.97917 2.3076 4.55534 4.12169 3.14787 2.61753 2.45654 3.46088
threshold=61.13915789669975 148.70015989502181 138.98692485220462 -15.012067136824411 194.47006602093958 171.96309772705803 119.30212331511321 3822.8455000000004 2485.2500000000005 4395.6195000000007 1963.9000000000003 2607.9100000000003 1.8174375383522803 1.0516792073037247
decision_type=10 2 2 10 2 2 2 2 2 2 2 2 10 8
left_child=1 4 3 -3 5 7 -6 8 -1 -9 -11 -12 13 -10
right_child=-2 2 -4 -5 6 -7 -8 9 12 10 11 -13 -14 -15
leaf_value=-0.00057313595953016887 -0.13968501569941758 -0.031205144018974718 0.0014428127150886427 0.010838906052504305 0.0097462773484069815 0.01124458434579474 -0.069792241501792016 -0.084225618770080862 0.00035615190768520936 -0.0043676502190180214 0.041381847139808393 -0.00064030533952418316 0.00032789036684353624 0.092102780664655562
leaf_weight=211 20 31 536 43 26 69 21 42 35 31 21 308 40 35
leaf_count=211 20 31 536 43 26 69 21 42 35 31 21 308 40 35
internal_value=0.000238095 0.000448276 0.00245499 0.0106667 -0.0010119 -0.00037831 -0.0114583 -0.00145028 0.00170807 -0.00397022 -0.00221607 -0.000757576 0.00990991 0.015493
internal_weight=1469 1449 610 74 839 792 47 723 321 402 360 329 110 70
internal_count=1469 1449 610 74 839 792 47 723 321 402 360 329 110 70
is_linear=0
shrinkage=0.05


Tree=224
num_leaves=15
num_cat=0
split_feature=3 3 7 2 6 4 4 6 4 7 4 2 7 7
split_gain=2.39318 6.52458 3.05774 2.02419 6.09626 3.32219 2.9836 2.21578 2.84686 3.57183 2.87879 2.46981 3.14026 2.34621
threshold=39.589046728069242 47.11698921775568 -4.6811170157939577 3012.645 144.20377208719984 494.65500000000003 295.13000000000005 129.30283123427753 893.38000000000022 0.6381579725667309 932.73000000000013 1222.5500000000002 1.2971907283884152 2.3281226062574309
decision_type=2 2 10 2 2 8 8 2 10 8 10 2 10 10
left_child=2 -2 -1 4 7 -6 -5 8 9 -3 -10 12 -11 -13
right_child=1 3 -4 6 5 -7 -8 -9 10 11 -12 13 -14 -15
leaf_value=0.075271559194510368 0.011419262662422902 -0.014363666912736064 -0.0016792474100341078 0.028167046983065738 -0.16982436409905535 -0.0024758307806295177 0.00084995627910077203 0.11537339225563958 0.008801263736847165 0.10750396932846069 -5.4882231849912039e-05 -0.019134747556052042 -0.0020714251926568783 0.0065205378087406732
leaf_weight=24 36 42 72 40 29 49 981 28 20 25 21 58 22 22
leaf_count=24 36 42 72 40 29 49 981 28 20 25 21 58 22 22
internal_value=0.00037415 0.000909753 -0.00721649 0.000336323 -0.00315457 -0.0151899 0.00141879 0.00083682 -0.000947867 -0.00382353 0.0107143 0.000390625 0.009375 -0.00493827
internal_weight=1469 1373 96 1337 316 78 1021 238 210 169 41 127 47 80
internal_count=1469 1373 96 1337 316 78 1021 238 210 169 41 127 47 80
is_linear=0
shrinkage=0.05


Tree=225
num_leaves=15
num_cat=0
split_feature=2 4 6 6 0 0 2 2 2 2 0 0 0 0
split_gain=2.58335 3.38749 1.94838 1.3108 1.85753 1.31784 2.77654 3.62327 3.60314 2.95567 2.58117 1.41005 4.79683 1.95324
threshold=690.6450000000001 829.45000000000016 287.35750078183622 53.518592474592801 54.976990892666656 78.546141861418633 1134.6900000000003 1980.9450000000004 2351.2295000000008 4068.3240000000001 83.4378886972804 88.311357823461364 90.645993439737865 101.12592126646395
decision_type=2 8 2 2 2 2 2 2 2 2 2 2 2 2
left_child=1 -1 3 -2 -5 6 -6 -8 -9 -10 -7 -12 -13 -14
right_child=2 -3 -4 4 5 10 7 8 9 -11 11 12 13 -15
leaf_value=-0.003850420637581742 -0.0014533599500649544 0.039091177663798327 0.014345348222521499 0.0033532894144607476 0.0037363727043159493 0.014216237688595847 -0.017542541610179815 0.009937480428936725 -0.0087149750305017155 0.00066059680603149931 -0.0030322812035002856 0.016832382053948981 -0.0014077971287538495 0.0011535319179296845
leaf_weight=34 41 26 37 39 25 22 22 20 23 23 39 23 126 969
leaf_count=34 41 26 37 39 25 22 22 20 23 23 39 23 126 969
internal_value=0.000238095 -0.00983607 0.000673759 0.000364166 0.000638138 0.000309358 -0.00482456 -0.00898876 -0.00298507 -0.0106383 0.000805085 0.000474957 0.00080429 0.000319343
internal_weight=1469 60 1409 1372 1331 1292 113 88 66 46 1179 1157 1118 1095
internal_count=1469 60 1409 1372 1331 1292 113 88 66 46 1179 1157 1118 1095
is_linear=0
shrinkage=0.05


Tree=226
num_leaves=15
num_cat=0
split_feature=2 4 6 4 4 4 4 2 4 7 2 7 2 7
split_gain=2.54861 3.38749 1.97323 1.39635 1.49976 2.83131 1.78883 1.88402 3.05751 4.50984 2.35251 2.20551 2.11559 2.02234
threshold=690.6450000000001 829.45000000000016 287.35750078183622 1049.6500000000003 946.95500000000004 922.40000000000009 898.46500000000015 10023.938500000002 500.00500000000011 4.3691399081932589 12723.459000000003 -26.886101512009503 9779.7400000000034 29.101130993991273
decision_type=2 8 2 10 10 10 10 2 8 10 2 10 2 10
left_child=1 -1 3 4 5 6 7 12 10 11 -9 -10 13 -2
right_child=2 -3 -4 -5 -6 -7 -8 8 9 -11 -12 -13 -14 -15
leaf_value=-0.0036578996057026539 -0.00015625274888929621 0.037136618780608414 0.013628080811395422 0.0019153611969816632 -0.0028806671433252713 0.0037409549208195858 -0.018580493809056017 0.05104104525471595 -0.0029478239664166963 -0.017844031024901532 0.0031611097293543777 0.030816959656967759 -0.066306777609548284 0.0194719362518904
leaf_weight=34 985 26 37 24 33 27 27 31 51 41 28 50 21 54
leaf_count=34 985 26 37 24 33 27 27 31 51 41 28 50 21 54
internal_value=0.000170068 -0.00983607 0.000602837 0.000291333 7.4129e-05 0.000341945 0 0.000277338 0.00470297 0.000699301 0.0141667 0.00637255 -0.000565504 -0.000240385
internal_weight=1469 60 1409 1372 1348 1315 1288 1261 201 142 59 101 1060 1039
internal_count=1469 60 1409 1372 1348 1315 1288 1261 201 142 59 101 1060 1039
is_linear=0
shrinkage=0.05


Tree=227
num_leaves=15
num_cat=0
split_feature=0 3 7 3 2 4 2 6 2 0 0 0 7 6
split_gain=2.45238 5.9148 5.01172 4.82802 3.03568 2.4095 4.2438 4.3122 4.0839 3.28872 3.58559 3.1348 2.42313 2.2654
threshold=101.12592126646395 93.112885635600975 0.97881630262333996 89.786343378074605 741.17000000000007 691.40500000000009 2004.5300000000002 94.371355193383366 2004.5300000000002 82.300223165269912 65.721381979292246 54.976990892666656 1.9303602429088047 56.688300350629994
decision_type=2 2 10 2 2 8 2 2 2 2 2 2 10 2
left_child=3 2 -2 4 -1 8 11 -8 -6 10 13 -7 -13 -10
right_child=1 -3 -4 -5 5 6 7 -9 9 -11 -12 12 -14 -15
leaf_value=-0.0041864274192508688 0.055444683071799339 9.7216510758446617e-05 0.0011036679594776722 -0.0099106439003466395 -0.0078832174512636459 0.015946772282308758 -0.04656455913931036 0.0024906811524856029 -0.0011684811406586248 0.0089511015837147271 -0.011577704408021239 0.0015567618342545498 -0.0020582867088663691 0.015169720306519099
leaf_weight=54 34 940 45 27 39 22 23 80 24 37 25 73 26 20
leaf_count=54 34 940 45 27 39 22 23 80 24 37 25 73 26 20
internal_value=-3.40136e-05 0.00132353 0.014375 -0.00310421 -0.00176887 -0.000135135 0.00311111 -0.00432692 -0.00513699 0 -0.00642857 0.00942623 0.0055 0.00222222
internal_weight=1469 1019 79 450 423 369 224 103 145 106 69 121 99 44
internal_count=1469 1019 79 450 423 369 224 103 145 106 69 121 99 44
is_linear=0
shrinkage=0.05


Tree=228
num_leaves=15
num_cat=0
split_feature=4 1 2 4 0 1 4 0 1 7 4 4 4 7
split_gain=1.98845 1.95986 3.48033 2.74149 3.09622 3.86012 3.74356 3.03757 2.88617 2.47292 1.95259 1.9266 2.80918 2.50653
threshold=1024.7650000000003 6233.6330000000007 11813.235000000002 507.21000000000004 89.086500000000015 6868.0250000000005 270.53000000000003 94.801058589234387 7596.8950000000013 -1.3918032258628157 452.27941176470591 584.7075000000001 605.50500000000022 58.130371131228181
decision_type=10 2 2 10 2 2 10 2 2 10 8 8 8 8
left_child=1 2 11 4 6 -6 9 -5 -7 -3 -10 13 -13 -1
right_child=-2 3 -4 7 5 8 -8 -9 10 -11 -12 12 -14 -15
leaf_value=-0.00041389855862621343 0.0016696213457617405 -0.15833403936046009 0.036088968968358337 0.0039497116704020228 -0.010361419090404445 0.40843644571001153 0.0014009121263578645 -0.010217218913011694 -0.0016308180378442672 -0.0022481613696108019 0.19421876022328424 0.010415930608889299 0.00016630305862039841 -0.25057177580275369
leaf_weight=355 30 20 36 30 25 20 40 136 24 22 29 45 637 20
leaf_count=355 30 20 36 30 25 20 40 136 24 22 29 45 637 20
internal_value=0.00037415 0.000104167 0.0011426 -0.00317003 0.00110497 0.00707071 -0.0060241 -0.00778443 0.0128378 -0.0162791 0.00648148 0.000614367 0.00219619 -0.00226064
internal_weight=1469 1439 1093 346 180 98 82 166 73 42 53 1057 682 375
internal_count=1469 1439 1093 346 180 98 82 166 73 42 53 1057 682 375
is_linear=0
shrinkage=0.05


Tree=229
num_leaves=15
num_cat=0
split_feature=4 4 4 4 6 1 6 0 3 1 1 4 1 6
split_gain=1.98845 1.81452 2.63193 1.82168 1.92095 1.91536 2.89401 3.28446 4.80292 3.26118 3.18318 4.46424 3.98778 3.21902
threshold=1024.7650000000003 946.95500000000004 916.15000000000009 224.19238999389799 96.816336438699054 6233.6330000000007 58.562227179789367 143.20911815019807 126.77333334079911 5563.0800000000008 4989.795000000001 881.93000000000018 2998.1200000000003 145.90692866430473
decision_type=10 10 10 8 2 2 2 2 2 2 2 10 2 2
left_child=1 2 3 4 -1 6 -5 8 9 10 11 12 13 -8
right_child=-2 -3 -4 5 -6 -7 7 -9 -10 -11 -12 -13 -14 -15
leaf_value=0.0065294916868432473 0.0015861402784736467 -0.0030586534273033886 0.0042745209509133606 0.026461022444937216 0.00086759565864826188 -0.0014098844537301577 -0.0026739421413765202 0.0038684652566398445 -0.12773737439930793 0.0055409662722945077 -0.0185096508073745 0.00932486454693684 0.0052474959006877714 -0.05649578960740316
leaf_weight=21 30 27 36 20 24 295 173 526 24 42 39 21 164 27
leaf_count=21 30 27 36 20 24 295 173 526 24 42 39 21 164 27
internal_value=0.00037415 0.000104167 0.000353857 0 0.00978261 -0.000337838 0.000675024 0.000294985 -0.00264766 -0.00149893 -0.00282353 -0.00142487 -0.00273973 -0.00746269
internal_weight=1469 1439 1412 1376 45 1331 1036 1016 490 466 424 385 364 200
internal_count=1469 1439 1412 1376 45 1331 1036 1016 490 466 424 385 364 200
is_linear=0
shrinkage=0.05


Tree=230
num_leaves=15
num_cat=0
split_feature=4 4 4 4 7 4 8 8 4 7 4 7 0 7
split_gain=1.98845 1.93774 2.95616 2.12006 4.10624 1.90553 6 4.21359 3.12242 3.32747 4.48615 4.11392 7.94175 3.56291
threshold=1024.7650000000003 932.73000000000013 916.15000000000009 794.40166666666676 -0.67035190254998855 706.70000000000016 1.5000000000000002 1.5000000000000002 224.19238999389799 -17.959329216237979 561.61000000000001 -9.5303569079803463 189.69178375038814 -0.67035190254998855
decision_type=10 10 10 10 10 10 2 2 10 8 10 10 2 10
left_child=1 2 3 5 -5 7 -7 8 -1 10 -10 12 -11 -13
right_child=-2 -3 -4 4 -6 6 -8 -9 9 11 -12 13 -14 -15
leaf_value=0.0064980512157012506 0.0015068332645499618 -0.0024812161329095142 0.0044137300144624523 -0.013287207767461546 -0.00020617855055214964 0.0062295067815602958 -0.0097692567133751407 0.0059145551896038658 -0.04822775640271755 -0.073153613743953197 0.052365061458179651 0.0036728236304359955 0.015774429893518262 -0.0029063306358402432
leaf_weight=30 30 43 20 32 89 99 32 487 25 35 24 121 28 374
leaf_count=30 30 43 20 32 89 99 32 487 25 35 24 121 28 374
internal_value=0.00037415 0.000104167 0.000429492 0.000145243 -0.00614754 0.000756369 0.00643939 8.88889e-05 -0.00258621 -0.00337171 0.009 -0.00447227 -0.0164063 -0.00292339
internal_weight=1469 1439 1396 1376 121 1255 131 1124 637 607 49 558 63 495
internal_count=1469 1439 1396 1376 121 1255 131 1124 637 607 49 558 63 495
is_linear=0
shrinkage=0.05


Tree=231
num_leaves=15
num_cat=0
split_feature=4 4 4 4 1 4 4 4 8 4 8 1 4 4
split_gain=1.94548 1.85468 1.61716 1.64652 3.53834 4.10066 3.17557 1.90553 4.19151 3.86291 3.73427 3.50326 3.18264 8.09375
threshold=1024.7650000000003 946.95500000000004 916.15000000000009 794.40166666666676 2982.5300000000002 865.94000000000017 881.93000000000018 706.70000000000016 1.5000000000000002 749.09500000000014 1.5000000000000002 1164.9750000000001 613.44416666666677 579.80000000000007
decision_type=10 10 10 10 2 10 10 10 2 10 2 2 8 10
left_child=1 2 3 7 6 -6 -5 10 9 -9 -1 -12 13 -13
right_child=-2 -3 -4 4 5 -7 -8 8 -10 -11 11 12 -14 -15
leaf_value=-0.0010879042550098639 0.0014314916013224656 -0.0027816599492927439 0.0038401084026445688 -0.0036089619064145709 -0.00072372087142693611 -0.02045879708856 0.0087955645142899445 0.010096017202710771 -0.0092807938777063944 1.7849620834209381e-05 -0.1260582450284761 0.0039766745869660673 0.00431190592814229 0.37583580317878645
leaf_weight=637 30 27 36 40 36 25 20 52 32 47 30 117 319 21
leaf_count=637 30 27 36 40 36 25 20 52 32 47 30 117 319 21
internal_value=0.000510204 0.000243056 0.0004954 0.000217865 -0.00532787 -0.0137097 0.00327869 0.000756369 0.00643939 0.0115 8.88889e-05 0.00338115 0.00447598 0.0107914
internal_weight=1469 1439 1412 1376 121 61 60 1255 131 99 1124 487 457 138
internal_count=1469 1439 1412 1376 121 61 60 1255 131 99 1124 487 457 138
is_linear=0
shrinkage=0.05


Tree=232
num_leaves=15
num_cat=0
split_feature=6 7 0 0 3 7 6 1 3 0 0 2 7 7
split_gain=1.57024 2.44123 1.74511 1.64593 6.13166 7.07045 4.60602 3.56872 2.8856 2.57458 2.25718 3.02533 1.99528 2.26427
threshold=254.70829248876939 2.278513062942999 328.28209607042521 112.09915498260722 107.30782159831239 -6.8610711818261469 149.47465537323842 3735.3775000000005 93.112885635600975 101.12592126646395 121.41602653718699 1470.6570000000002 0.80434149419877532 2.0354088182497212
decision_type=2 10 2 2 2 10 2 2 2 2 2 2 8 10
left_child=2 -2 3 8 5 -5 -7 -8 9 -1 -6 -12 -10 -14
right_child=1 -3 -4 4 10 6 7 -9 12 -11 11 -13 13 -15
leaf_value=-0.00021365774007493373 0.00109450411264711 0.028359890682987478 -0.089697075167390006 0.15633373245845752 -0.12072347069456864 0.014898181425723873 0.014426241068575821 -0.072679254386972467 -0.035599741292930587 0.04584520329759418 0.058295007650687895 -9.6119104660097326e-05 0.010306459108839103 -0.072851193646336618
leaf_weight=440 46 29 27 24 21 38 20 23 26 28 20 685 21 21
leaf_count=440 46 29 27 24 21 38 20 23 26 28 20 685 21 21
internal_value=0.000238095 0.00723684 -0.000143369 0.000109649 0.0015024 0.0127358 0.0054878 -0.00568182 -0.00204842 -0.000639659 -0.000137552 0.000354108 -0.0115942 -0.00465116
internal_weight=1469 75 1394 1367 831 105 81 43 536 468 726 705 68 42
internal_count=1469 75 1394 1367 831 105 81 43 536 468 726 705 68 42
is_linear=0
shrinkage=0.05


Tree=233
num_leaves=15
num_cat=0
split_feature=4 6 0 6 0 6 6 6 0 4 3 3 6 4
split_gain=2.07575 1.99031 3.00214 3.37585 2.74791 2.67498 2.47996 2.45084 2.6866 4.68636 4.94067 6.38941 4.8584 4.68197
threshold=1024.7650000000003 209.56557971800143 249.94588830189008 187.40229408148025 237.50392414409788 191.44833333333335 187.86660416666672 184.09976753558024 102.55821665342593 448.45500000000004 110.13159224308035 130.24180910809699 138.98692485220462 548.90500000000009
decision_type=10 2 2 2 2 2 2 2 2 10 2 2 2 10
left_child=1 2 4 -4 5 6 7 8 -1 10 -10 -12 -13 -11
right_child=-2 -3 3 -5 -6 -7 -8 -9 9 13 11 12 -14 -15
leaf_value=-0.00044677668191936973 0.0013647229764893521 0.0035480121115868319 -0.24383084860289364 -0.00030674726445432124 0.029908785135652229 -0.032719538947608991 0.071165279554747746 -0.035530273001737368 0.15143949783414348 -0.031843974830224428 -0.096419928039471525 -0.03045036493238831 0.17454651450784575 0.00068506758582352546
leaf_weight=433 30 235 28 37 24 66 26 24 61 54 41 31 51 328
leaf_count=433 30 235 28 37 24 66 26 24 61 54 41 31 51 328
internal_value=0.000102041 -0.000173611 -0.000995851 -0.0113636 -0.000394737 -0.000761649 -0.000142857 -0.000537109 -0.00015 0.0021164 0.00864865 0.00282258 0.0108434 -0.00104439
internal_weight=1469 1439 1204 65 1139 1115 1049 1023 999 566 184 123 82 382
internal_count=1469 1439 1204 65 1139 1115 1049 1023 999 566 184 123 82 382
is_linear=0
shrinkage=0.05


Tree=234
num_leaves=15
num_cat=0
split_feature=6 4 4 4 4 2 4 1 1 4 4 8 4 6
split_gain=1.86415 1.82082 1.56452 1.45703 3.1964 1.755 1.64773 2.8826 3.2866 2.03896 2.02831 4.11751 3.84683 4.96753
threshold=250.98244478577615 331.97029411764714 1049.6500000000003 932.73000000000013 916.15000000000009 5084.5950000000003 794.40166666666676 2982.5300000000002 6355.2900000000009 881.93000000000018 683.65382352941185 1.5000000000000002 497.20500000000004 176.87500065743845
decision_type=2 10 10 10 10 2 10 2 2 10 10 2 10 2
left_child=2 -2 3 4 6 -5 10 9 -9 -8 11 -1 -13 -14
right_child=1 -3 -4 5 -6 -7 7 8 -10 -11 -12 12 13 -15
leaf_value=-0.0025735831035810677 0.024047767117282522 -0.029533696137422905 0.0012964868276648944 -0.0050323955609411497 0.0039715906695489299 0.0063420235346127174 -0.0033954920899941345 -0.033410633163283708 0.00055688834476956832 0.0083888080096751524 0.0017085967453752656 0.00052089189909698967 0.0012850541725355825 0.45420807416234654
leaf_weight=532 56 24 24 23 20 26 40 40 21 20 194 362 55 32
leaf_count=532 56 24 24 23 20 26 40 40 21 20 194 362 55 32
internal_value=3.40136e-05 0.00740741 -0.000395683 -0.000622255 -0.000303721 -0.009 -0.000616808 -0.00614754 -0.0137097 0.00163934 -4.2517e-05 -0.000967413 0.00255556 0.0119318
internal_weight=1469 80 1389 1365 1316 49 1296 121 61 60 1175 981 449 87
internal_count=1469 80 1389 1365 1316 49 1296 121 61 60 1175 981 449 87
is_linear=0
shrinkage=0.05


Tree=235
num_leaves=15
num_cat=0
split_feature=3 7 3 3 1 1 1 7 7 2 1 3 6 3
split_gain=2.08449 4.63176 2.27384 4.67821 2.77657 6.39972 4.42459 4.14759 4.05177 2.18908 3.19576 3.07976 3.21177 2.27705
threshold=34.017419183778195 0.7488923238277857 75.669489569569421 70.756256934394997 4635.9350000000013 3364.2740000000003 13361.175000000001 -1.3918032258628157 2.7786511870306119 2957.7400000000002 1435.0365000000002 81.747441542060329 144.20377208719984 83.159304027490649
decision_type=2 10 2 2 2 2 2 10 8 2 2 2 2 2
left_child=1 -1 3 4 5 8 7 -6 -2 10 -4 -12 -13 -11
right_child=2 -3 9 -5 6 -7 -8 -9 -10 13 11 12 -14 -15
leaf_value=0.0020018225041565753 -0.003306144724381416 -0.0049905204497801246 0.00075695198942652005 0.013510161064157615 -0.017440462761264743 0.011545350144051392 0.0028519219601081725 -0.0011098138487949272 0.046348564530264903 -0.034006055995258189 0.007241950415518273 -0.0072163709961892003 -0.063952317407132073 0.001350848024756976
leaf_weight=43 43 35 94 36 21 25 20 33 44 43 21 73 22 916
leaf_count=43 43 35 94 36 21 25 20 33 44 43 21 73 22 916
internal_value=0.000306122 -0.00759494 0.00075431 0.00538117 0.00213904 0.00707965 -0.00533333 -0.0127273 0.000568182 -0.000128205 -0.00473934 -0.0102564 -0.0140625 0.000885417
internal_weight=1469 78 1391 222 186 112 74 54 87 1169 210 116 95 959
internal_count=1469 78 1391 222 186 112 74 54 87 1169 210 116 95 959
is_linear=0
shrinkage=0.05


Tree=236
num_leaves=15
num_cat=0
split_feature=5 7 7 7 1 7 2 1 4 1 2 3 1 3
split_gain=1.08186 2.55265 2.08612 5.75394 2.92091 2.78657 3.35933 3.79723 4.39263 4.17043 4.18357 2.66116 2.45033 2.43506
threshold=2.5000000000000004 -10.591417294990093 -0.84305986674137745 -3.3646118871070878 1826.8735000000004 -0.15746361951867269 1317.7275000000002 6233.6330000000007 825.95000000000016 6774.670000000001 11018.420000000002 145.12102090952675 5748.9900000000007 95.976258450022399
decision_type=2 8 10 10 2 10 2 2 10 2 2 2 2 2
left_child=1 -1 3 4 -2 -4 -7 12 9 -9 -11 -5 -8 -6
right_child=2 -3 5 11 13 6 7 8 -10 10 -12 -13 -14 -15
leaf_value=-0.0050904083578010772 -0.24183655199967893 -0.00011661260481120873 -0.16466745106728639 0.0036645978974056137 0.022087952320947117 -0.016645211534962328 0.00053028307598171624 -0.096906630509300387 0.003567147279760974 0.0013080195266215178 -0.031492265031979196 0.068317350232632967 0.008551563591010225 0.0033109078972443085
leaf_weight=20 37 422 20 29 30 23 369 20 29 33 23 23 30 361
leaf_count=20 37 422 20 29 30 23 369 20 29 33 23 23 30 361
internal_value=3.40136e-05 -0.0020316 0.000924125 0.0033264 0.0013986 -0.00118613 -0.000473485 0.00039604 -0.00801887 -0.0142857 -0.00701754 0.0188679 0.002625 0.00267857
internal_weight=1469 442 1027 480 428 547 527 504 105 76 56 52 399 391
internal_count=1469 442 1027 480 428 547 527 504 105 76 56 52 399 391
is_linear=0
shrinkage=0.05


Tree=237
num_leaves=15
num_cat=0
split_feature=6 1 7 7 6 3 7 7 2 4 7 3 4 7
split_gain=1.58036 2.922 3.18763 2.65424 2.8341 1.87446 1.75369 2.98505 2.96266 2.11803 3.13103 3.54939 3.27541 2.33402
threshold=230.33742563271883 2119.8845000000006 25.125122342679223 5.8808210969159527 247.13302143183805 204.61026134758544 38.689719545555143 30.201806978352668 7502.5400000000018 555.58500000000015 8.3070604876946152 157.15333752529014 456.07029411764717 20.461058997541304
decision_type=2 2 8 10 2 2 10 10 2 8 8 2 10 10
left_child=6 -2 3 4 -3 -6 7 9 -8 10 11 -1 -12 -11
right_child=1 2 -4 -5 5 -7 8 -9 -10 13 12 -13 -14 -15
leaf_value=0.0012701873627813942 -0.18479502941754797 0.026262049564138773 0.29794602402687814 -0.034070492035439728 -0.08214646688040228 0.025468050632357686 0.0078209300788422368 0.11642707529557184 -0.21116696119744996 0.0004200797205868079 -0.0022137900449640396 -0.006955361796456558 -0.11132043750282428 -0.016100845356937184
leaf_weight=213 21 20 27 21 20 21 23 27 20 904 38 70 21 23
leaf_count=213 21 20 27 21 20 21 23 27 20 904 38 70 21 23
internal_value=0.000102041 0.00534351 0.00863636 0.00361446 0.00887097 0.00119048 -0.000410448 -7.7101e-05 -0.0102273 -0.000433071 -0.00379009 -0.00158451 -0.0141667 0.00080819
internal_weight=1469 130 109 82 61 41 1339 1296 43 1269 342 283 59 927
internal_count=1469 130 109 82 61 41 1339 1296 43 1269 342 283 59 927
is_linear=0
shrinkage=0.05


Tree=238
num_leaves=15
num_cat=0
split_feature=0 6 0 0 6 6 1 0 6 6 8 6 0 3
split_gain=1.69797 1.98667 2.6489 2.15856 2.85382 2.90976 2.85097 4.76346 7.73963 4.45276 3.6794 2.1256 2.09094 5.24669
threshold=374.63000000000005 224.19208497618021 304.09848375768519 278.05658193574567 183.43041353380798 176.87500065743845 3168.9250000000006 139.56107456182178 189.26565168370936 202.94220529335354 1.5000000000000002 195.64775519085896 112.09915498260722 107.30782159831239
decision_type=2 2 2 2 2 2 2 2 2 2 2 2 2 2
left_child=1 2 3 4 5 12 10 -8 -9 11 -6 -10 -1 -14
right_child=-2 -3 -4 -5 6 -7 7 8 9 -11 -12 -13 13 -15
leaf_value=-0.00020286021065365757 -0.15722228691572396 0.0052229247550288384 -0.11223287394006838 0.024953174374374054 -0.01386286948381853 0.10050416378326861 0.017884746496188906 -0.11261611063764901 -0.0083800705613540898 -0.090110972395827646 0.1313796695062335 0.3414572104905273 0.018574282598554585 0.00026214017627585048
leaf_weight=503 20 140 22 23 31 39 38 27 22 53 22 22 76 431
leaf_count=503 20 140 22 23 31 39 38 27 22 53 22 22 76 431
internal_value=-0.000170068 3.44828e-05 -0.000572519 -0.000271739 -0.00055336 0.00052381 -0.00578704 -0.00245399 -0.0072 -0.000510204 -0.0157407 0.0111111 0 0.00226378
internal_weight=1469 1449 1309 1287 1264 1049 215 162 124 97 53 44 1010 507
internal_count=1469 1449 1309 1287 1264 1049 215 162 124 97 53 44 1010 507
is_linear=0
shrinkage=0.05


Tree=239
num_leaves=15
num_cat=0
split_feature=2 2 2 7 4 6 3 4 3 4 4 2 2 4
split_gain=1.90671 2.54617 3.0943 2.08899 5.73247 2.17054 2.13588 1.75906 1.4585 1.96029 2.69876 1.87349 3.62522 2.08324
threshold=15219.495000000001 13544.000000000002 13034.240000000003 24.522727247225948 626.58264705882368 182.70934744396683 202.75101179422288 548.90500000000009 204.61026134758544 593.36500000000012 441.97882352941184 11018.420000000002 10183.880000000001 903.90166666666653
decision_type=2 2 2 10 10 2 2 10 2 10 8 2 2 10
left_child=1 2 3 8 5 -5 -7 -3 11 10 -10 12 13 -1
right_child=-2 7 -4 4 -6 6 -8 -9 9 -11 -12 -13 -14 -15
leaf_value=-0.00019271720012097593 0.01687506370591866 -0.019863736367423352 0.048773125070216722 0.046476407692943214 -0.089113552144128083 -0.016543959163518304 0.0037347492244794059 -0.00033773185098673889 0.014106336877228821 0.027106971788594936 -0.02858985721241494 -0.0077023554631439955 0.019966964627428686 0.0012082038056671742
leaf_weight=975 34 22 20 26 24 22 20 23 45 42 49 41 40 86
leaf_count=975 34 22 20 26 24 22 20 23 45 42 49 41 40 86
internal_value=-0.000102041 -0.000383008 0 -0.000291758 -0.00752688 0 -0.00697674 -0.0119565 0.000234558 0.00510949 0.00105263 -0.000349956 4.53721e-05 -0.000517891
internal_weight=1469 1435 1390 1370 92 68 42 45 1278 136 94 1142 1101 1061
internal_count=1469 1435 1390 1370 92 68 42 45 1278 136 94 1142 1101 1061
is_linear=0
shrinkage=0.05


Tree=240
num_leaves=15
num_cat=0
split_feature=3 1 1 7 7 6 1 2 7 1 4 4 6 4
split_gain=2.06795 3.20953 3.30571 2.82466 3.34188 2.42532 3.43117 3.38766 3.51409 3.36775 2.34411 2.33244 2.61031 2.33177
threshold=204.61026134758544 1885.7 2294.6950000000002 2.5601236121785438 -9.0727731832168441 184.09976753558024 2888.4650000000006 7021.5850000000009 0.45198123071839907 3619.5820000000008 456.07029411764717 500.00500000000011 218.43771301612728 325.07068393896151
decision_type=2 2 2 8 10 2 2 2 10 2 8 10 2 10
left_child=5 -2 -3 4 -4 -1 -7 8 9 -8 -9 -12 -13 -5
right_child=1 2 3 13 -6 6 7 10 -10 -11 11 12 -14 -15
leaf_value=8.6935139190158497e-05 -0.22245004083163433 0.10763282580371013 -0.0083454330471783422 -0.35046735245218019 0.036432621376482122 -0.063809713773445867 -0.0056216675015192744 -0.20944056354341081 -0.0055496388239722584 0.075813865926880511 0.11071250524234214 -0.054408166052496036 0.012344462481858458 0.0017576595173079746
leaf_weight=1035 22 21 21 38 34 39 22 20 45 23 20 40 20 69
leaf_count=1035 22 21 21 38 34 39 22 20 45 23 20 40 20 69
internal_value=-3.40136e-05 0.00461165 0.00679348 0.00429448 0.0133929 -0.000790514 -0.00543478 -0.0026178 0.0043956 0.0141304 -0.00891089 -0.00493827 -0.00983607 -0.000462963
internal_weight=1469 205 183 162 55 1264 229 190 90 45 100 80 60 107
internal_count=1469 205 183 162 55 1264 229 190 90 45 100 80 60 107
is_linear=0
shrinkage=0.05


Tree=241
num_leaves=15
num_cat=0
split_feature=3 7 7 0 2 7 2 0 3 4 7 4 2 3
split_gain=2.58015 4.37582 4.04246 2.04939 2.79917 2.03766 5.27891 2.77153 3.93891 6 5.483 3.91819 2.58103 3.54835
threshold=217.90606465690232 25.811925203047732 -0.17627563574640701 328.28209607042521 8418.0250000000015 24.522727247225948 5370.197000000001 112.09915498260722 107.30782159831239 558.19500000000005 19.405075113525971 424.42235294117654 8982.9000000000033 77.170576887376868
decision_type=2 10 8 2 2 10 2 2 2 8 10 8 2 2
left_child=5 2 -2 4 -4 7 -7 12 9 -9 11 -10 -1 -14
right_child=1 -3 3 -5 -6 6 -8 8 10 -11 -12 -13 13 -15
leaf_value=-0.00059282019230536562 0.019437901952895145 0.015055434466733297 0.059135878327413738 -0.18102271587623026 -0.025163856408855712 0.054726148543152921 -0.093125258731330041 0.00051472074834750254 -0.019874631933795683 0.12251059024745435 0.20910277895905938 0.00080128242461391668 0.023908602168095424 -0.0012385495704216873
leaf_weight=491 41 25 34 26 34 29 48 64 43 39 21 528 20 26
leaf_count=491 41 25 34 26 34 29 48 64 43 39 21 528 20 26
internal_value=0.000238095 0.00621118 0.00257353 -0.00315789 0.00144928 -0.000496183 -0.00833333 0 0.00208333 0.0110577 0.000505902 -0.000437063 -0.00269517 0.00851064
internal_weight=1469 160 135 94 68 1309 77 1232 695 103 592 571 537 46
internal_count=1469 160 135 94 68 1309 77 1232 695 103 592 571 537 46
is_linear=0
shrinkage=0.05


Tree=242
num_leaves=15
num_cat=0
split_feature=6 6 4 0 6 3 7 4 1 6 1 6 6 6
split_gain=2.78708 2.60445 2.31835 1.51463 2.90062 2.44344 4.64853 2.84339 2.45274 2.43743 2.64184 3.96961 5.13393 2.30196
threshold=250.98244478577615 269.71879561932559 331.97029411764714 112.09915498260722 111.47383844212864 107.30782159831239 -14.648695436381898 342.50000000000006 4395.6195000000007 150.7353028476833 3139.2200000000003 125.56074557183193 117.27445478625306 175.66469361510443
decision_type=2 2 8 2 2 2 10 10 2 2 2 2 2 2
left_child=3 -2 -3 4 -1 6 -5 -8 -9 10 -6 12 -12 -11
right_child=1 2 -4 5 9 -7 7 8 -10 13 11 -13 -14 -15
leaf_value=2.1823968390050075e-05 0.054574416454837009 0.014835253433878282 -0.057835441887683393 0.16772315717367414 0.0028951184272797861 -0.00053193505185260563 -0.04113680033744091 -0.0031750543604961881 0.022658928108459837 0.0097411206033654607 -0.057095468243556408 -0.01004377098868719 0.025351833403342516 -0.0046398222482412739
leaf_weight=324 20 30 30 20 27 747 24 26 36 50 20 50 27 38
leaf_count=324 20 30 30 20 27 747 24 26 36 50 20 50 27 38
internal_value=-0.00037415 0.00864198 0.00327869 -0.000899281 -0.00297952 0.000409836 0.00747664 0.00229885 0.00793651 -0.00751174 -0.012 -0.0158163 -0.00520833 -0.0011236
internal_weight=1469 80 60 1389 536 853 106 86 62 212 124 97 47 88
internal_count=1469 80 60 1389 536 853 106 86 62 212 124 97 47 88
is_linear=0
shrinkage=0.05


Tree=243
num_leaves=15
num_cat=0
split_feature=3 7 7 7 7 4 4 0 0 1 4 0 4 4
split_gain=2.01206 5.0354 3.10765 3.4108 2.57474 3.26675 7.30502 4.81627 4.53896 2.11302 1.59903 1.78084 1.52102 6.08033
threshold=217.90606465690232 16.151523392498103 1.0110782129046643 -7.073593792744858 12.802152586572463 598.51382352941187 637.9433333333335 168.63294673719602 165.99615324821474 4039.0150000000003 605.50500000000022 286.06312190908818 319.38000000000005 333.25500000000005
decision_type=2 10 8 10 10 10 10 2 2 2 8 2 8 8
left_child=4 2 3 -2 12 7 -7 -6 -8 -9 -4 -12 -1 -14
right_child=1 -3 10 -5 5 6 8 9 -10 -11 11 -13 13 -15
leaf_value=0.0017540797887775101 -0.00026029515043886066 0.014329259495989267 -0.023879066835820296 0.040648925084327742 -0.12010483140538813 0.26762545689481548 0.0036080632254093803 -0.0091055387602505932 -0.28929859478831904 0.075860149056628773 0.1903902353275673 -0.83394240114882234 -0.013220329040180069 -1.5338637757833507e-05
leaf_weight=89 25 33 38 21 39 21 27 24 27 20 23 20 22 1040
leaf_count=89 25 33 38 21 39 21 27 24 27 20 23 20 22 1040
internal_value=-0.000306122 0.00496894 0.000390625 0.0106383 -0.000954198 -0.00691824 0.000657895 -0.0136905 -0.00909091 -0.00222222 -0.0054878 0.00113636 -0.000130208 -0.000658514
internal_weight=1469 160 127 46 1309 158 75 83 54 44 81 43 1151 1062
internal_count=1469 160 127 46 1309 158 75 83 54 44 81 43 1151 1062
is_linear=0
shrinkage=0.05


Tree=244
num_leaves=15
num_cat=0
split_feature=4 4 0 4 6 0 1 1 1 0 4 6 2 6
split_gain=1.43356 2.31557 4.37202 2.06348 2.11242 2.06003 3.0987 1.8122 10.6504 2.50032 6.06591 4.52772 3.07513 3.30806
threshold=320.90500000000003 341.00500000000005 125.53782910009635 270.53000000000003 190.50377152995756 52.327893302926931 3021.4000000000001 3168.9250000000006 3021.4000000000001 130.54277390368387 667.20500000000015 68.307237856786685 1372.5350000000001 78.916176800086347
decision_type=8 8 2 10 2 2 2 2 2 2 10 2 2 2
left_child=3 2 -2 5 -5 -1 -7 8 9 11 -11 -3 13 -13
right_child=1 7 -4 4 -6 6 -8 -9 -10 10 -12 12 -14 -15
leaf_value=0.0048128065488440954 -0.012559312588171057 0.020887654828298876 0.0097462743660127645 8.9345877791915942e-05 0.026700549307688351 0.034853484008286716 -0.0070927621822547754 0.0007898583893491296 -0.14642233961060117 -0.00038076902644851307 0.015442228305718599 -0.0069205441248159638 -0.020549887137697523 0.00074867989082929372
leaf_weight=21 20 43 27 33 36 23 26 860 29 138 31 27 85 70
leaf_count=21 20 43 27 33 36 23 26 860 29 138 31 27 85 70
internal_value=-0.000170068 -0.000676183 -0.0114583 0.00464286 0.0107143 -0.00140845 -0.007 -0.000272586 -0.00294811 -0.000759494 0.00382353 -0.00420354 -0.00765027 -0.00153061
internal_weight=1469 1330 47 139 69 70 49 1283 423 394 169 225 182 97
internal_count=1469 1330 47 139 69 70 49 1283 423 394 169 225 182 97
is_linear=0
shrinkage=0.05


Tree=245
num_leaves=15
num_cat=0
split_feature=6 6 2 2 0 2 1 2 2 4 6 4 4 6
split_gain=1.15297 3.52734 1.15215 1.0562 3.81496 3.2866 3.14357 3.77094 2.84751 2.1928 1.92494 2.83536 3.64834 1.33049
threshold=250.98244478577615 269.71879561932559 6464.6850000000004 8811.6450000000023 131.8698843988814 10412.955000000002 7023.5550000000012 14288.570000000002 8350.6950000000015 735.48666666666679 151.06589688792548 649.3900000000001 525.67500000000007 191.44833333333335
decision_type=2 2 2 2 2 2 2 2 2 8 2 8 10 2
left_child=3 -2 -3 8 5 9 10 -8 13 -5 -6 12 -12 -1
right_child=1 2 -4 4 6 -7 7 -9 -10 -11 11 -13 -14 -15
leaf_value=0.00023062374654028164 0.051778820945392302 0.048293018138263727 -0.0049683175707689528 0.0041785023968158629 -0.044605684260186129 -0.00056249346740118173 -0.037302197250293725 0.14393710014801628 -0.011818393272795925 0.04604590916064763 0.015658163652922365 0.16388508825813708 -0.038083618567755911 -0.005760739674682114
leaf_weight=903 20 20 40 20 28 21 75 25 32 20 42 36 33 154
leaf_count=903 20 20 40 20 28 21 75 25 32 20 42 36 33 154
internal_value=0.00037415 0.00617284 0 3.59712e-05 0.00265781 0.0137097 -0.000208333 -0.00693069 -0.000688073 0.0219512 0.00464286 0.00758929 0.00197368 -0.000236295
internal_weight=1469 80 60 1389 300 61 239 100 1089 40 139 111 75 1057
internal_count=1469 80 60 1389 300 61 239 100 1089 40 139 111 75 1057
is_linear=0
shrinkage=0.05


Tree=246
num_leaves=15
num_cat=0
split_feature=7 3 3 7 0 7 7 4 7 7 2 7 7 2
split_gain=1.1775 3.88133 6.10471 3.03617 1.76788 1.38663 1.55327 5.83769 4.65146 2.34663 1.15137 3.81064 4.05973 6.58275
threshold=29.101130993991273 214.33853907676391 140.81887640343473 24.522727247225948 361.11026190874139 -47.10775147469618 -22.214310501880906 507.21000000000004 -17.959329216237979 -14.279632867178028 8811.6450000000023 -0.84305986674137745 11.951296791185181 9158.1150000000034
decision_type=10 2 2 10 2 8 8 10 8 8 2 8 10 2
left_child=3 2 -2 4 5 -1 7 -7 -8 -10 -11 -12 13 -13
right_child=1 -3 -4 -5 -6 6 8 -9 9 10 11 12 -14 -15
leaf_value=0.018755508068230189 0.057741819973075953 0.025472159088775016 -0.10720582451133348 -0.1876450730237319 -0.035222524263285225 0.0083575464948355549 0.093501541282329334 -0.14939915707902271 -0.010650705339165923 -0.00016190262582947424 0.040063435578714585 0.14560122220862365 0.064984292654205716 -0.0087015892002856483
leaf_weight=24 21 23 40 20 20 25 20 30 35 974 50 20 21 146
leaf_count=24 21 23 40 20 20 25 20 30 35 974 50 20 21 146
internal_value=0.000170068 0.00588235 -0.000806452 -0.000180375 0.00010981 0.000334324 0.000113464 -0.00803571 0.00047356 8.01925e-05 0.000453795 0.00357143 0.000265957 -0.00239521
internal_weight=1469 84 61 1385 1365 1345 1321 55 1266 1246 1211 237 187 166
internal_count=1469 84 61 1385 1365 1345 1321 55 1266 1246 1211 237 187 166
is_linear=0
shrinkage=0.05


Tree=247
num_leaves=15
num_cat=0
split_feature=6 6 7 6 4 1 6 6 6 7 6 4 4 2
split_gain=1.76243 3.0497 2.26557 1.29484 2.41141 1.95177 1.20238 4.03557 3.69119 2.86786 2.76207 4.77972 3.78152 6.15055
threshold=250.98244478577615 269.71879561932559 17.174656463174223 53.518592474592801 224.19238999389799 13621.290000000003 126.01850728199803 123.90236016572554 132.24804635709663 0.1190380124591144 133.95485005864214 860.84970588235308 676.3950000000001 5277.8050000000012
decision_type=2 2 8 2 10 2 2 2 2 10 2 10 10 2
left_child=3 -2 -3 4 -1 6 7 -5 9 -8 -10 12 -12 -14
right_child=1 2 -4 5 -6 -7 8 -9 10 -11 11 -13 13 -15
leaf_value=0.0014222994158608893 0.049411467193775573 0.016102170903107772 -0.0054461296835628288 0.00026636089828715461 -0.0065636458304773691 0.0055253864371487106 -0.05228184414271491 0.041043127988649598 0.030020188810730042 -0.0012454847675229357 -0.00055327087441867648 -0.01869129405572896 0.10011777132517903 0.0013135548068946555
leaf_weight=27 20 37 23 399 21 32 31 30 24 29 632 38 34 92
leaf_count=27 20 37 23 399 21 32 31 30 24 29 632 38 34 92
internal_value=0.000238095 0.00740741 0.00163934 -0.000179856 -0.00816327 0.000111773 -0.00019084 0.00197674 -0.00124858 -0.0131148 -0.000365408 -0.000878294 0 0.00787402
internal_weight=1469 80 60 1389 48 1341 1309 429 880 60 820 796 758 126
internal_count=1469 80 60 1389 48 1341 1309 429 880 60 820 796 758 126
is_linear=0
shrinkage=0.05


Tree=248
num_leaves=15
num_cat=0
split_feature=8 0 6 4 4 0 4 4 4 1 1 3 1 1
split_gain=1.59364 3.08782 5.25713 2.63315 4.71066 3.97474 5.80862 6.35536 5.6977 3.80625 3.67138 4.33028 2.50619 3.3021
threshold=1.5000000000000002 53.038725717791621 75.776044228556557 896.08000000000004 725.73000000000013 88.311357823461364 379.03382352941179 492.19000000000011 609.6350000000001 4945.6855000000005 4553.5800000000008 111.22796971448166 1378.6230000000003 2033.6950000000004
decision_type=2 2 2 10 10 2 8 8 8 2 2 2 2 2
left_child=-1 -2 -3 4 5 9 -7 -8 -9 -4 12 -12 -10 -14
right_child=1 2 3 -5 -6 6 7 8 10 -11 11 -13 13 -15
leaf_value=-0.00039419623490555836 0.0080281013222745275 -0.088938056526067399 0.056355173207778386 0.0060422828492883388 -0.036861890437466981 0.046782763150644724 -0.016841252273501247 0.15790353271487528 0.045818505033711231 -0.12344143665898327 0.45364519862723834 0.0076317321351047854 -0.22102668475148535 -0.0030575131100797795
leaf_weight=897 31 39 22 23 33 38 32 43 26 24 40 88 20 113
leaf_count=897 31 39 22 23 33 38 32 43 26 24 40 88 20 113
internal_value=3.40136e-05 0.00209424 0.00119926 0.00258449 0.00177083 0.00313199 0.00473815 0.00275482 0.00483384 -0.0106383 0.00225694 0.00852713 -0.0028125 -0.00559701
internal_weight=1469 572 541 502 479 446 400 362 330 46 287 128 159 133
internal_count=1469 572 541 502 479 446 400 362 330 46 287 128 159 133
is_linear=0
shrinkage=0.05


Tree=249
num_leaves=15
num_cat=0
split_feature=7 3 4 4 4 4 2 4 2 2 2 2 2 1
split_gain=1.23487 3.03653 4.68648 4.57932 4.03961 3.22401 2.47978 2.46571 2.81105 7.05937 3.68437 2.82206 3.43754 3.72349
threshold=1.7072468449608664 26.410323380449174 448.45500000000004 596.36000000000001 618.21000000000004 270.53000000000003 7268.7725000000009 663.32500000000016 8485.1200000000008 11748.565000000001 7098.8050000000012 4760.7600000000011 3753.9800000000005 2156.0200000000004
decision_type=10 2 10 8 10 10 2 10 2 2 2 2 2 2
left_child=-1 -2 5 -4 -5 -3 -7 -6 10 -10 11 12 13 -9
right_child=1 2 3 4 7 6 -8 8 9 -11 -12 -13 -14 -15
leaf_value=0.00042822636576399513 -0.0087687532700293069 -0.0021999008104092613 -0.009566833901953814 0.01542118882760617 -0.023138667293081918 0.010520517807412656 0.048390963916679942 -0.0063981660457423269 0.01929752625013699 -0.019269535297684527 -0.05248853691279054 0.0042736926486271224 -0.11776437403799905 0.0078613814079790019
leaf_weight=887 21 25 106 39 54 80 35 48 34 24 20 40 20 36
leaf_count=887 21 25 106 39 54 80 35 48 34 24 20 40 20 36
internal_value=-0.000442177 -0.00222985 -0.00151246 -0.00414692 -0.00110759 0.00638298 0.00991379 -0.0032491 -0.000896861 0.00847458 -0.00424242 -0.00137931 -0.00571429 -0.00117647
internal_weight=1469 582 561 421 315 140 115 276 222 58 164 144 104 84
internal_count=1469 582 561 421 315 140 115 276 222 58 164 144 104 84
is_linear=0
shrinkage=0.05


Tree=250
num_leaves=15
num_cat=0
split_feature=7 4 4 0 3 3 4 3 1 1 7 7 6 2
split_gain=1.64465 4.20808 5.52886 3.54855 3.25526 5.10342 3.43768 2.55164 2.14924 2.04909 5.06195 3.67134 4.35127 2.88795
threshold=2.7023245455265656 448.45500000000004 558.19500000000005 165.99615324821474 44.000401473719585 88.229070009057352 319.38000000000005 148.39286526408287 8502.7950000000001 1939.8400000000004 2.3850575796275639 1.8641025480890969 163.09192077942043 1434.4600000000003
decision_type=10 10 10 2 2 2 10 2 2 2 10 10 2 2
left_child=9 4 3 -3 -2 -6 -7 -8 -4 11 -11 12 13 -1
right_child=1 2 8 -5 5 6 7 -9 -10 10 -12 -13 -14 -15
leaf_value=0.0020890364897898752 -0.0056184694298683675 -0.19697546958963222 -0.00042369110832832794 -0.017108788131300956 0.041942842569542997 -0.0045315350310619609 -0.0054777831305257429 0.060094689222411082 -0.0089469692573888159 0.00047850058673953313 0.010138478470938614 -0.021842313953218832 -0.25917359765258446 -0.012947251631308183
leaf_weight=89 26 22 272 40 27 31 20 37 22 786 24 20 29 24
leaf_count=89 26 22 272 40 27 31 20 37 22 786 24 20 29 24
internal_value=-0.00037415 -0.00271084 -0.00560224 -0.0190476 0.00457746 0.00818966 0.00224719 0.00948276 -0.00271186 0.000822199 0.00184957 -0.00429448 -0.0013986 0.00307018
internal_weight=1469 497 356 62 141 115 88 57 294 972 810 162 142 113
internal_count=1469 497 356 62 141 115 88 57 294 972 810 162 142 113
is_linear=0
shrinkage=0.05


Tree=251
num_leaves=15
num_cat=0
split_feature=0 0 1 1 0 7 0 1 1 7 0 7 6 1
split_gain=1.3624 2.85388 2.0189 3.68374 1.39421 4.44439 2.20718 1.83649 1.79917 1.68087 2.13496 3.1477 2.43278 2.47802
threshold=48.66978492107264 30.074703209716684 1022.6465000000001 1164.9750000000001 62.354281891153398 1.7072468449608664 65.721381979292246 1298.5735000000002 4945.6855000000005 2.6231319251495653 104.43486920806252 3.7352150197161582 126.01850728199803 5164.0225
decision_type=2 2 2 2 2 10 2 2 2 10 2 10 2 2
left_child=1 -1 -2 -4 5 8 -6 -8 -5 -9 11 -11 13 -12
right_child=2 -3 3 4 6 -7 7 9 -10 10 12 -13 -14 -15
leaf_value=-0.00040565624636699078 0.0033863299802905258 0.002457694257036222 -0.036733198648032699 -0.0092554253739194348 0.005064576025021205 0.0088038128964615277 0.032503200875929464 0.00076891200889646078 -0.0011366703407519954 -0.010771125551961528 -0.00017580230607929794 -0.0012690126063630515 -0.0022442291547663975 0.035689232944538629
leaf_weight=24 43 24 36 25 28 25 27 763 20 22 27 45 336 24
leaf_count=24 43 24 36 25 28 25 27 763 20 22 27 45 336 24
internal_value=-3.40136e-05 0.00816327 -0.000316456 -0.000652647 -0.00022338 -0.00704225 0.000157109 -0.000160643 -0.0163043 -0.00045156 -0.00285714 -0.0110294 -0.00141753 0.00865385
internal_weight=1469 48 1421 1378 1342 70 1272 1244 45 1217 454 67 387 51
internal_count=1469 48 1421 1378 1342 70 1272 1244 45 1217 454 67 387 51
is_linear=0
shrinkage=0.05


Tree=252
num_leaves=15
num_cat=0
split_feature=0 6 7 6 6 6 7 7 2 7 6 7 3 3
split_gain=0.999707 1.41387 2.9249 2.04014 2.09021 2.15283 2.21652 1.73272 2.83744 1.68879 4.6665 3.20493 2.23337 1.69854
threshold=361.11026190874139 224.19208497618021 -0.33734789276833149 217.88727910358242 212.90410128780627 202.94220529335354 5.6800398179327098 8.745587669447163 6948.3415000000005 -10.591417294990093 158.74516055429675 -32.937922409915224 102.56115964720205 204.61026134758544
decision_type=2 2 8 2 2 2 8 8 2 8 2 10 2 2
left_child=1 3 -3 4 5 9 -7 -4 -9 10 12 -12 -1 -11
right_child=-2 2 7 -5 -6 6 -8 8 -10 13 11 -13 -14 -15
leaf_value=-0.0015906648773040767 -0.0023465175354746462 0.016184495049074311 -0.08675388694684838 -0.0052191483731286459 0.031616693810247121 -0.10431706226764469 -0.00089363547257823592 0.089560758825878675 -0.0062753180602886762 0.00015185228085125014 -0.016968106963167313 0.041841459324826837 -0.11368876340243848 0.013849031701377801
leaf_weight=24 25 44 30 30 30 22 33 34 28 1013 27 36 32 61
leaf_count=24 25 44 30 30 30 22 33 34 28 1013 27 36 32 61
internal_value=0.000102041 0.000276817 0.00510949 -0.000229183 7.81861e-05 -0.000240192 -0.00982143 0 0.0047619 0.00020938 -0.00541667 0.00390625 -0.0157895 0.000837209
internal_weight=1469 1444 136 1308 1278 1248 55 92 62 1193 119 63 56 1074
internal_count=1469 1444 136 1308 1278 1248 55 92 62 1193 119 63 56 1074
is_linear=0
shrinkage=0.05


Tree=253
num_leaves=15
num_cat=0
split_feature=7 7 6 3 3 3 6 3 6 6 2 7 2 7
split_gain=1.15161 3.87518 4.11154 3.83772 1.86545 1.65528 3.04125 2.15126 2.03466 5.31035 3.9382 4.31228 4.62106 3.70709
threshold=12.585515333991745 14.432731445612463 147.53484092538028 214.33853907676391 122.78561800169915 293.2257724892998 254.70829248876939 258.00505110561028 175.66469361510443 171.96309772705803 10412.955000000002 -10.591417294990093 4581.2600000000011 3.577992478507213
decision_type=10 10 2 2 2 2 2 2 2 2 2 8 2 10
left_child=5 -2 4 -4 -3 6 7 8 9 10 11 12 -1 -10
right_child=1 2 3 -5 -6 -7 -8 -9 13 -11 -12 -13 -14 -15
leaf_value=0.0039398948235772951 -0.037771537157292638 0.0024207753190495064 -0.014561994153832192 0.010837753853084742 0.031432526456816857 -0.12251066935164129 0.034836440054607169 0.034945272604004575 -5.0482956630072685e-05 0.15257802915997637 -0.0070408249581778611 0.00091981947925019324 -0.061500650680595806 -0.020878260833599751
leaf_weight=27 20 25 95 38 22 33 42 21 212 24 80 729 39 62
leaf_count=27 20 25 95 38 22 33 42 21 212 24 80 729 39 62
internal_value=3.40136e-05 -0.00348259 -0.00110497 -0.00559701 0.0114583 0.000590551 0.000889248 0.00041841 0.000127768 0.00127778 0.000627854 0.00169598 -0.0104478 -0.00363636
internal_weight=1469 200 180 133 47 1269 1236 1194 1173 899 875 795 66 274
internal_count=1469 200 180 133 47 1269 1236 1194 1173 899 875 795 66 274
is_linear=0
shrinkage=0.05


Tree=254
num_leaves=15
num_cat=0
split_feature=6 7 7 6 6 2 2 2 0 6 6 1 2 7
split_gain=1.19464 1.09389 3.14892 2.52384 1.47029 4.20671 3.36745 2.29372 3.12034 4.58854 3.5274 4.38016 2.9072 1.92448
threshold=298.28141587658195 -25.585347657355893 -17.959329216237979 190.08105851215348 183.43041353380798 9052.2950000000001 13381.010000000002 8485.1200000000008 263.59989435116739 215.97440379665412 209.56557971800143 5164.0225 6024.1975000000011 -14.648695436381898
decision_type=2 8 8 2 2 2 2 2 2 2 2 2 2 8
left_child=1 3 -3 -1 13 7 -7 8 10 -10 11 -6 -12 -4
right_child=-2 2 4 -5 5 6 -8 -9 9 -11 12 -13 -14 -15
leaf_value=-0.016061479738045645 0.014451705111268896 0.041914284103413912 -0.035922194049376799 0.005621054243937041 -0.068372019271290829 0.033670275024522349 -0.016007507405481781 -0.12092551731235063 0.12366282362238412 -0.0022480759972750178 0.0098257587239127375 0.0041063107399268326 -0.047112029262813548 0.00035082187882564504
leaf_weight=42 30 25 20 29 62 66 31 22 20 26 49 27 32 988
leaf_count=42 30 25 20 29 62 66 31 22 20 26 49 27 32 988
internal_value=-3.40136e-05 -0.000243056 7.3046e-05 -0.00625 -0.000260417 -0.003125 0.00561224 -0.00669456 -0.00506912 0.00638298 -0.00818713 -0.015 -0.000609756 0.000693756
internal_weight=1469 1439 1368 71 1343 335 97 238 216 46 170 89 81 1008
internal_count=1469 1439 1368 71 1343 335 97 238 216 46 170 89 81 1008
is_linear=0
shrinkage=0.05


Tree=255
num_leaves=15
num_cat=0
split_feature=0 0 8 0 1 6 0 0 6 6 2 2 1 1
split_gain=1.18423 3.0638 2.53626 2.4532 1.6395 1.8276 2.65576 1.97549 1.99574 3.26951 2.62352 1.68334 2.17018 2.04823
threshold=53.038725717791621 62.354281891153398 1.5000000000000002 65.284160001050154 13498.470000000003 86.178778216373317 72.87610376590014 104.43486920806252 157.5300908413852 134.6353821146275 3077.0840000000003 2195.3900000000003 1378.6230000000003 5052.0200000000013
decision_type=2 2 2 2 2 2 2 2 2 2 2 2 2 2
left_child=2 -2 -1 -3 5 6 -5 8 9 11 -10 12 -7 -13
right_child=1 3 -4 4 -6 7 -8 -9 10 -11 -12 13 -14 -15
leaf_value=-9.0680502213946745e-05 -0.0028403855912638547 0.004880005430464263 0.0075305180389076192 -0.11760714712045457 -0.050434683336836518 0.001005360153388682 0.0035158536940048004 0.0013042342845250633 -0.0047391334517193689 -0.021908882587088875 0.083199480807690671 0.0076677988866350804 -0.023717336924243989 -0.0020692825696449371
leaf_weight=47 48 24 31 21 22 20 53 975 21 34 22 27 51 73
leaf_count=47 48 24 31 21 22 20 53 975 21 34 22 27 51 73
internal_value=0.00037415 3.59195e-05 0.00632911 0.000483631 0.000189394 0.000423729 0.008 -4.08497e-05 -0.00401606 -0.00606796 0.00568182 -0.00319767 -0.00902778 0.000990099
internal_weight=1469 1391 78 1343 1319 1297 74 1223 248 205 43 171 71 100
internal_count=1469 1391 78 1343 1319 1297 74 1223 248 205 43 171 71 100
is_linear=0
shrinkage=0.05


Tree=256
num_leaves=15
num_cat=0
split_feature=6 6 7 7 0 1 7 1 2 1 1 1 7 3
split_gain=1.52507 2.6131 2.71191 1.61805 6.08115 5.17823 5.83599 3.34928 3.76383 2.00623 2.32968 2.65276 2.59092 2.12973
threshold=53.518592474592801 68.307237856786685 1.0516792073037247 12.802152586572463 122.08416780095443 4395.6195000000007 23.674412234929012 3364.2740000000003 4760.7600000000011 11512.360000000002 7432.438000000001 7074.1800000000012 10.764638936639061 138.34682775243172
decision_type=2 2 8 10 2 2 10 2 2 2 2 2 10 2
left_child=-1 2 -2 9 -5 7 -7 8 -6 10 11 12 -3 -12
right_child=1 3 -4 4 5 6 -8 -9 -10 -11 13 -13 -14 -15
leaf_value=-0.0012892075817704457 -0.0016723204454156537 0.00024270148653948167 0.0098600616184444656 -0.034216179661139726 -0.063069223775670882 0.18127751696610073 -0.0039386781808541963 -0.059025399699791772 0.052229432670718182 0.0075375422390427512 -0.0046740286526750358 0.095302270051083687 0.0067125576393182625 -0.014493171754522881
leaf_weight=48 20 942 46 26 33 25 43 29 33 42 97 20 27 38
leaf_count=48 20 942 46 26 33 25 43 29 33 42 97 20 27 38
internal_value=0.000510204 0.00080872 0.0104478 0.000331858 -0.00394737 -0.000304878 0.0101449 -0.0078125 -0.00149254 0.00102828 0.000622222 0.00146465 0.00108247 -0.00551471
internal_weight=1469 1421 66 1355 189 163 68 95 66 1166 1124 989 969 135
internal_count=1469 1421 66 1355 189 163 68 95 66 1166 1124 989 969 135
is_linear=0
shrinkage=0.05


Tree=257
num_leaves=15
num_cat=0
split_feature=6 6 4 0 0 4 6 4 7 4 4 3 7 0
split_gain=1.47768 2.50728 2.41141 1.58333 3.4775 2.91203 1.82542 2.7248 1.2921 6.82356 4.61659 4.41325 4.59635 4.15633
threshold=53.518592474592801 63.941665933779468 224.19238999389799 53.038725717791621 63.267889326145998 805.54280218538076 86.178778216373317 907.97000000000014 -0.77638911800533339 322.78000000000003 452.27941176470591 85.184256311791515 -5.6623056342042455 94.801058589234387
decision_type=2 2 10 2 2 8 2 8 10 8 8 2 10 2
left_child=2 -2 -1 -3 5 -5 7 -6 9 -8 -11 -12 -13 -10
right_child=1 3 -4 4 6 -7 8 -9 13 10 11 12 -14 -15
leaf_value=0.00067549041589179968 0.0051590843198754972 0.0012273410818361254 -0.003386433589422826 0.0025756470574685498 0.007424399266853854 -0.021674595327641027 0.030363573107912781 -0.0001072001601223116 0.0029550057972443327 -0.017650055667077957 -0.0063225161853066149 0.003621755626512835 0.01532214223047057 -0.0016900156318843563
leaf_weight=27 36 38 21 20 30 22 29 31 68 68 65 370 63 581
leaf_count=27 36 38 21 20 30 22 29 31 68 68 65 370 63 581
internal_value=0.00037415 0.000668073 -0.00816327 0.000324675 3.7092e-05 -0.0139535 0.000497703 0.00887097 8.03213e-05 0.00176174 0.000529101 0.00220441 0.00403226 -0.00146154
internal_weight=1469 1421 48 1385 1347 42 1305 61 1244 595 566 498 433 649
internal_count=1469 1421 48 1385 1347 42 1305 61 1244 595 566 498 433 649
is_linear=0
shrinkage=0.05


Tree=258
num_leaves=15
num_cat=0
split_feature=4 4 2 4 1 4 1 1 1 1 1 3 0 0
split_gain=1.26321 3.71019 5.50174 3.34668 2.08117 2.0468 1.86912 5.18758 3.47262 2.77747 1.49912 1.48902 2.16523 2.73609
threshold=593.36500000000012 573.69000000000005 4353.7200000000012 608.38563725490201 2912.4610000000002 559.56000000000006 8435.7100000000009 11512.360000000002 7917.0850000000009 7432.438000000001 9063.0450000000019 265.54264759889128 255.61426172280596 236.30459760105069
decision_type=8 10 2 8 2 10 2 2 2 2 2 2 2 2
left_child=1 5 -3 4 -2 11 8 10 9 -5 -8 12 13 -1
right_child=3 2 -4 6 -6 -7 7 -9 -10 -11 -12 -13 -14 -15
leaf_value=-0.0005615672727371804 0.0013887513073488678 0.005019097771625603 -0.26875600202742395 0.00048540269116329474 0.020565395193008221 0.012566999255514411 -0.0077070148284891339 0.0088901488580040294 0.047352643849727059 -0.063602274252123628 -0.0066274963274785331 0.015439166593431553 -0.017791045754043621 0.0065711703586605295
leaf_weight=352 21 20 26 721 27 25 23 25 24 35 47 45 52 26
leaf_count=352 21 20 26 721 27 25 23 25 24 35 47 45 52 26
internal_value=0.000442177 -0.00146252 -0.0148936 0.00156926 0.0142857 -0.000199601 0.000856164 -0.00572917 0.00166453 0.0010568 -0.0126761 -0.000945378 -0.00185615 -0.000527704
internal_weight=1469 546 46 923 48 500 875 95 780 756 70 475 430 378
internal_count=1469 546 46 923 48 500 875 95 780 756 70 475 430 378
is_linear=0
shrinkage=0.05


Tree=259
num_leaves=15
num_cat=0
split_feature=1 1 1 0 1 6 6 0 7 4 7 0 6 6
split_gain=1.25092 6.06156 1.77112 6.42672 3.07481 2.20668 2.16993 1.50357 2.98525 5.91674 3.15324 3.3094 3.49968 2.74366
threshold=8435.7100000000009 8753.8900000000012 7511.2680000000009 139.56107456182178 7023.5550000000012 66.643298962090384 139.31384184165816 143.20911815019807 -0.84305986674137745 309.24500000000006 -9.4124993918065183 175.55046362271563 219.26746586945595 145.20743609483995
decision_type=2 2 2 2 2 2 2 2 8 8 10 2 2 2
left_child=2 -2 4 -4 5 -1 -6 -7 10 -10 -9 -12 -13 -11
right_child=1 -3 3 -5 6 7 -8 8 9 13 11 12 -14 -15
leaf_value=0.0044982360260152898 -0.036791419092351944 5.243201077536619e-05 0.036301983249326632 -0.019504761967818973 -0.028070838783351461 -0.00041431163332660839 -0.060422160539517447 0.0063062259577138626 -0.0058661874904606011 0.0083841888835124671 0.17324545933709143 -0.011329218187147905 0.06951162012502414 -0.00026254288713680184
leaf_weight=45 20 160 27 28 20 556 25 86 26 85 20 24 20 327
leaf_count=45 20 160 27 28 20 556 25 86 26 85 20 24 20 327
internal_value=0.000578231 -0.00331492 0.00112403 0.00982143 0.000728745 0.00121849 -0.0119565 0.000786026 0.00254669 0.000455581 0.00860927 0.0169231 0.00888889 0.00193705
internal_weight=1469 180 1289 55 1234 1189 45 1144 588 438 150 64 44 412
internal_count=1469 180 1289 55 1234 1189 45 1144 588 438 150 64 44 412
is_linear=0
shrinkage=0.05


Tree=260
num_leaves=15
num_cat=0
split_feature=0 0 6 6 3 3 3 3 6 4 4 4 3 0
split_gain=1.98642 1.95918 1.65847 1.50614 1.31276 3.80408 2.64462 2.26668 2.00446 2.66455 4.2419 4.7432 3.11518 1.88767
threshold=48.66978492107264 30.074703209716684 53.518592474592801 63.941665933779468 204.61026134758544 209.53018395226374 217.90606465690232 227.7599242703179 298.28141587658195 372.58499999999998 474.935 592.06000000000017 273.96939548992634 222.72964531768312
decision_type=2 2 2 2 2 2 2 2 2 10 10 10 2 2
left_child=1 -1 -2 -4 13 -6 -7 -8 9 12 -11 -12 -9 -5
right_child=2 -3 3 4 5 6 7 8 -10 10 11 -13 -14 -15
leaf_value=-0.00017411948121537487 -0.0017485815840202813 0.0028140919582949984 0.0039486418027699479 -0.00010539470500803283 0.025162054410547887 -0.013798835538970501 0.017687437483716376 0.15577855343542779 0.08667863199298749 0.11542833696938673 -0.043469767262835336 0.0035397866868454434 -0.2237059409227912 -0.0089049287116167667
leaf_weight=24 29 24 31 1099 20 25 20 20 23 20 21 28 28 57
leaf_count=24 29 24 31 1099 20 25 20 20 23 20 21 28 28 57
internal_value=0.000306122 0.0102041 -3.51617e-05 0.000215363 -3.67107e-05 0.00364078 0.00134409 0.00372671 0.00141844 -0.00127119 0.005 -0.003 -0.0102041 -0.000691443
internal_weight=1469 48 1421 1392 1361 205 185 160 140 117 69 49 48 1156
internal_count=1469 48 1421 1392 1361 205 185 160 140 117 69 49 48 1156
is_linear=0
shrinkage=0.05


Tree=261
num_leaves=15
num_cat=0
split_feature=0 4 3 0 4 0 5 0 7 4 0 1 5 7
split_gain=1.90903 3.2781 2.92842 1.732 1.88552 1.47654 1.18771 1.03635 11.7656 6.50859 3.8149 3.54632 2.66477 3.40061
threshold=53.038725717791621 770.21166666666682 31.140942381968749 63.267889326145998 327.51500000000004 65.721381979292246 1.0000000180025095e-35 91.230947264087163 1.1759964269444085 740.45000000000016 85.42153303294215 5371.5000000000009 2.5000000000000004 1.1759964269444085
decision_type=2 10 2 2 10 2 2 2 10 8 2 2 2 10
left_child=1 2 -1 4 -2 -5 -7 8 9 -8 -11 -10 13 -9
right_child=3 -3 -4 5 -6 6 7 12 11 10 -12 -13 -14 -15
leaf_value=0.00073313185374030147 -0.040052239104843658 -0.00034408505072768274 0.017714664684307217 0.011733713757257121 0.0002683235508903231 -0.019832807046253047 -0.012261002542588618 -0.00070735332932605967 0.0014199859435352958 0.066738323003592614 -0.060234807289839681 0.018508325967860523 0.00028218891114719649 -0.0213227985360834
leaf_weight=38 26 20 20 24 28 39 25 86 34 24 26 20 1027 32
leaf_count=38 26 20 20 24 28 39 25 86 34 24 26 20 1027 32
internal_value=3.40136e-05 0.00759494 0.0135593 -0.000395115 -0.00909091 -3.73692e-05 -0.000266362 0 0.00423077 -0.00855263 0.00196078 0.0218182 -0.00047993 -0.00756303
internal_weight=1469 78 58 1391 54 1337 1313 1274 129 75 50 54 1145 118
internal_count=1469 78 58 1391 54 1337 1313 1274 129 75 50 54 1145 118
is_linear=0
shrinkage=0.05


Tree=262
num_leaves=15
num_cat=0
split_feature=6 6 1 4 8 7 7 7 6 7 1 1 1 1
split_gain=1.10733 3.38959 2.23571 3.0625 2.51417 1.52566 4.62699 1.81605 2.23322 1.44019 1.41621 4.49419 4.16064 4.26242
threshold=241.26640339305658 227.48708431902847 4167.2600000000011 334.89153655666598 1.5000000000000002 38.689719545555143 29.101130993991273 19.784798349088273 221.73572678780906 7.1379500039558588 4989.795000000001 5240.0825000000013 5403.9865000000009 5563.0800000000008
decision_type=2 2 2 10 2 10 10 10 2 8 2 2 2 2
left_child=1 5 3 4 -2 6 7 8 10 -3 -1 -12 -13 -14
right_child=2 9 -4 -5 -6 -7 -8 -9 -10 -11 11 12 13 -15
leaf_value=0.00041668315016127891 -0.0033830502473992221 -0.001850215512013473 0.062433252189574087 -0.20209907339926333 0.10875796797669378 -0.11454940450823803 0.069400790775304033 -0.011873849459198706 0.17209590012928896 -0.11597331917939893 -0.019203157856359999 0.10585752575656571 -0.037232806795343618 -0.00032233906825151484
leaf_weight=704 24 20 30 23 23 42 30 34 21 20 41 21 20 416
leaf_count=704 24 20 30 23 23 42 30 34 21 20 41 21 20 416
internal_value=-0.000102041 -0.000474453 0.0049505 0 0.00729167 -3.7594e-05 0.000271739 -0.000198728 0.000122549 -0.0146341 -0.000166251 -0.00220441 -0.000764192 -0.00183066
internal_weight=1469 1369 100 70 47 1329 1287 1257 1223 40 1202 498 457 436
internal_count=1469 1369 100 70 47 1329 1287 1257 1223 40 1202 498 457 436
is_linear=0
shrinkage=0.05


Tree=263
num_leaves=15
num_cat=0
split_feature=2 4 6 2 2 2 4 6 2 4 6 0 6 0
split_gain=1.3218 2.27181 4.61118 1.61125 1.01097 2.34379 4.33083 2.15579 1.66675 3.39141 1.33424 1.68884 1.54507 5.31107
threshold=13381.010000000002 898.46500000000015 167.68172747158101 12882.029 11107.590000000002 10183.880000000001 507.21000000000004 173.63474460460654 9667.0050000000028 659.09833333333347 250.98244478577615 232.58449444136554 191.44833333333335 168.63294673719602
decision_type=2 8 2 2 2 2 8 2 2 8 2 2 2 2
left_child=3 2 -2 4 5 8 -7 -6 10 -10 12 -12 -1 -14
right_child=1 -3 -4 -5 7 6 -8 -9 9 -11 11 -13 13 -15
leaf_value=0.00022469317321890394 0.024457029105717044 -0.033352622977506359 -0.008773857991330819 0.013379640122268818 -0.15516622067000677 0.031752515502959794 0.00024418523034015017 0.014283021124191209 -0.070555788266465122 0.0055520914278164432 0.03814674755577388 0.0011290655823997132 -0.03759871855851097 0.0016847896426379406
leaf_weight=967 22 28 34 20 27 20 36 28 20 20 25 43 62 117
leaf_count=967 22 28 34 20 27 20 36 28 20 20 25 43 62 117
internal_value=0.000170068 -0.00588235 0 0.000541126 0.000329429 0.000610221 0.0105263 -0.00625 0.000159363 -0.0097561 0.000493827 0.00724638 8.7184e-05 -0.00416667
internal_weight=1469 84 56 1385 1365 1310 56 55 1254 40 1214 68 1146 179
internal_count=1469 84 56 1385 1365 1310 56 55 1254 40 1214 68 1146 179
is_linear=0
shrinkage=0.05


Tree=264
num_leaves=15
num_cat=0
split_feature=6 0 1 7 7 7 8 2 1 6 7 7 6 7
split_gain=1.49942 2.52419 2.18464 1.81671 1.47522 4.88934 2.08215 4.69518 3.65382 3.05115 2.71637 6.91208 5.16372 3.91338
threshold=230.33742563271883 317.16464865243046 2094.8530000000005 27.307011563824208 -26.886101512009503 -17.959329216237979 1.5000000000000002 723.47000000000014 1635.8100000000002 217.88727910358242 -1.635026143424241 -0.84305986674137745 110.18562672158531 -0.17627563574640701
decision_type=2 2 2 8 8 8 2 2 2 2 10 10 2 10
left_child=1 4 -2 -4 -1 -6 7 -7 -9 10 12 -12 -10 -13
right_child=2 -3 3 -5 5 6 -8 8 9 -11 11 13 -14 -15
leaf_value=-0.0091772144650364325 -0.18310394023691151 -0.16391990511132595 0.0039455378256717383 0.27037720582116825 0.046048336930988858 -0.0041549882401741237 0.0016000834861786995 0.0041755258466191327 -0.0025253960939379486 -0.053065050924534118 0.028139982316861434 -0.089059772171713542 -0.0036442252796872856 0.00019578675798928859
leaf_weight=57 20 24 86 24 28 26 490 59 21 26 20 24 133 431
leaf_count=57 20 24 86 24 28 26 490 59 21 26 20 24 133 431
internal_value=0.000238095 -0.000261194 0.00534351 0.00810811 3.79939e-05 0.000397141 -8.12348e-05 -0.00175439 -0.000979021 -0.00205793 -0.00134921 0.00052521 -0.00709677 -0.000767544
internal_weight=1469 1339 130 110 1315 1258 1230 740 714 655 629 475 154 455
internal_count=1469 1339 130 110 1315 1258 1230 740 714 655 629 475 154 455
is_linear=0
shrinkage=0.05


Tree=265
num_leaves=15
num_cat=0
split_feature=7 6 2 0 7 0 6 4 6 4 2 7 6 6
split_gain=1.84829 2.04302 1.63097 3.13409 5.79253 2.9813 2.81059 4.94878 3.35588 3.33333 2.45304 6.63842 2.41561 3.77246
threshold=61.13915789669975 298.28141587658195 2262.2800000000002 88.311357823461364 -9.7335185389952148 92.700409656094152 66.643298962090384 943.9000000000002 101.89189202224883 833.70000000000016 5572.6300000000001 0.7488923238277857 156.11636648801735 106.95412042283547
decision_type=10 2 2 2 10 2 2 8 2 8 2 10 2 2
left_child=1 2 6 4 -4 -5 9 12 -9 -1 11 -6 13 -8
right_child=-2 -3 3 5 10 -7 7 8 -10 -11 -12 -13 -14 -15
leaf_value=-0.00024208456119419186 -0.10867429249373339 0.053087477072070691 -0.24244062836998445 0.052170589221094438 0.0043820556365079645 -5.9473572819601645e-07 0.00062932742700572142 -0.041067926781766156 0.30133901723779327 0.085279948919768866 0.0014269198539694973 -0.0069180742894892518 0.0053169731296470353 -0.0034620140157029192
leaf_weight=24 20 28 28 20 29 944 117 35 31 29 38 29 34 63
leaf_count=24 20 28 28 20 29 944 117 35 31 29 38 29 34 63
internal_value=0.000442177 0.000655172 0.000386779 -0.000550964 -0.008 0.000414508 0.00344311 0.00142349 -0.0104478 0.0138889 -0.00206186 -0.00847458 0.00511628 0.00276243
internal_weight=1469 1449 1421 1088 124 964 333 280 66 53 96 58 214 180
internal_count=1469 1449 1421 1088 124 964 333 280 66 53 96 58 214 180
is_linear=0
shrinkage=0.05


Tree=266
num_leaves=15
num_cat=0
split_feature=1 1 3 2 1 6 6 6 7 6 7 0 0 7
split_gain=2.97151 1.94858 2.18337 2.6041 4.62436 3.26667 1.94415 3.03494 2.8341 1.87446 1.56535 1.51872 2.31399 2.52762
threshold=17664.240000000005 14140.460000000003 49.201046209565966 1372.5350000000001 4695.3045000000011 71.312454003960525 72.771098629397486 80.241476138599182 2.0354088182497212 63.941665933779468 58.130371131228181 74.003284916761814 91.230947264087163 1.2363965132930945
decision_type=2 2 2 2 2 2 2 2 10 2 10 2 2 10
left_child=1 2 3 5 -5 -1 8 -8 9 -4 11 -9 13 -13
right_child=-2 -3 6 4 -6 -7 7 10 -10 -11 -12 12 -14 -15
leaf_value=0.0013146392523482903 0.0042903960607775767 -0.024093187181097889 0.020141408229927212 0.026594023050418809 0.00078686503478686283 -0.005722445086189288 0.0049780352982519149 -0.0022010538724189289 -0.020834280595182261 -0.0048400663757131373 -0.018169875373081942 0.0027053181950794426 -1.2958437630564146e-05 0.010254319958318686
leaf_weight=23 20 25 20 20 32 39 20 44 20 21 22 49 1094 20
leaf_count=23 20 25 20 20 32 39 20 44 20 21 22 49 1094 20
internal_value=0.00037415 0.000103448 0.000350877 0.00695652 0.0150943 0 -0.000228833 0.0002 -0.00887097 -0.00119048 -0.000121951 0.000124172 0.000472509 0.00928571
internal_weight=1469 1449 1424 114 52 62 1310 1249 61 41 1229 1207 1163 69
internal_count=1469 1449 1424 114 52 62 1310 1249 61 41 1229 1207 1163 69
is_linear=0
shrinkage=0.05


Tree=267
num_leaves=15
num_cat=0
split_feature=1 7 4 4 7 7 1 7 2 2 1 1 7 1
split_gain=1.88957 1.70602 1.45633 3.01661 3.42156 6.68613 2.84706 1.81079 3.92949 2.25272 2.41141 3.68494 4.77746 5.58375
threshold=16881.710000000003 61.13915789669975 1018.1000000000001 802.3517647058826 -0.17627563574640701 1.1759964269444085 4598.9650000000011 29.101130993991273 7985.6630000000014 1317.7275000000002 2869.5600000000004 2368.6600000000003 8.3070604876946152 1986.5300000000002
decision_type=2 10 10 10 10 10 2 10 2 2 2 2 10 2
left_child=1 2 3 7 6 -6 -5 9 -9 -1 11 12 13 -11
right_child=-2 -3 -4 4 5 -7 -8 8 -10 10 -12 -13 -14 -15
leaf_value=0.0012754877111013801 0.0034650689439009157 -0.10233208410039263 0.001548879125486391 -0.0036087956199164052 0.0138108089404057 -0.00092083687454751488 -0.057520877188106591 0.071995666767393107 -0.012445570329110745 -0.040524563236872951 0.00026385008110994536 -0.020806347241419321 0.030878137986658297 0.0072498081329220414
leaf_weight=116 25 20 33 25 20 105 22 34 25 70 815 73 26 60
leaf_count=116 25 20 33 25 20 105 22 34 25 70 815 73 26 60
internal_value=0.000102041 -0.000138408 7.01754e-05 -0.000179598 -0.00635838 -0.00198413 -0.0177083 0.000696721 0.00916667 0.000258398 -0.000478469 -0.005 -0.000636943 -0.00458015
internal_weight=1469 1444 1424 1391 172 125 47 1219 59 1160 1044 229 156 130
internal_count=1469 1444 1424 1391 172 125 47 1219 59 1160 1044 229 156 130
is_linear=0
shrinkage=0.05


Tree=268
num_leaves=15
num_cat=0
split_feature=1 4 4 4 6 3 1 4 1 1 1 4 6 7
split_gain=1.79456 1.41697 2.33551 3.00866 2.92285 3.08347 3.06087 1.77312 2.21349 4.9569 4.85334 4.08775 2.48664 3.63604
threshold=16881.710000000003 1018.1000000000001 802.3517647058826 825.95000000000016 134.6353821146275 113.57364440426203 5485.2500000000009 729.3850000000001 6214.5975000000008 6436.7500000000009 6016.4050000000007 656.62500000000011 99.856448269911297 -3.6882400850204671
decision_type=2 10 10 10 2 2 2 10 2 2 2 10 2 8
left_child=1 2 7 -4 5 -5 -6 8 10 -10 -1 12 -11 -14
right_child=-2 -3 3 4 6 -7 -8 -9 9 11 -12 -13 13 -15
leaf_value=0.00029610901895138768 0.0032918154967058696 0.0014714351692120765 -0.005255883050884003 -0.00020304187192679568 0.00051465834850787933 0.047424486184231923 -0.036495687921957558 0.0023773192902965899 -0.14523814708190411 -0.0050412170776047011 0.063982415319957769 -0.012280726000249299 -0.011092794519016097 0.012722678737155109
leaf_weight=864 25 33 25 84 22 20 22 96 22 52 26 46 24 108
leaf_count=864 25 33 25 84 22 20 22 96 22 52 26 46 24 108
internal_value=0.000442177 0.000207612 -3.54108e-05 -0.00545977 -0.00268456 0.00190476 -0.0133333 0.000726392 0.000174978 -0.00395257 0.0013468 -0.0017316 0.00162162 0.00526316
internal_weight=1469 1444 1411 173 148 104 44 1238 1142 252 890 230 184 132
internal_count=1469 1444 1411 173 148 104 44 1238 1142 252 890 230 184 132
is_linear=0
shrinkage=0.05


Tree=269
num_leaves=15
num_cat=0
split_feature=7 7 3 2 6 6 1 0 0 1 3 3 7 1
split_gain=2.25367 3.4798 3.46098 4.06872 3.39012 3.25926 2.26554 1.78154 2.58523 1.43161 1.51522 2.30473 1.67485 1.42788
threshold=12.585515333991745 9.6774274209889146 214.33853907676391 3471.1050000000009 139.31384184165816 155.12878327231371 4416.5525000000007 328.28209607042521 288.59990224324571 16881.710000000003 37.920837998800401 47.11698921775568 -2.9643020947149092 5352.3400000000011
decision_type=10 10 2 2 2 2 2 2 2 2 2 2 10 2
left_child=1 7 3 -2 -5 -3 -6 8 9 10 12 -12 -1 -8
right_child=2 5 -4 4 6 -7 13 -9 -10 -11 11 -13 -14 -15
leaf_value=0.030349024982485595 0.015065434304964454 -9.4115217445639446e-05 0.0080323874308922075 0.00016548502503549445 -0.25092000438183021 0.032749696785596964 0.0095762265489871545 -0.047362771837061647 0.073607940589226928 0.0037380320357083582 0.010100182378723472 5.466564376218203e-05 -0.003356254521660185 -0.014089704038806517
leaf_weight=20 37 22 41 33 42 26 22 42 27 22 38 1029 43 25
leaf_count=20 37 22 41 33 42 26 22 42 27 22 38 1029 43 25
internal_value=0.000442177 0.00122047 -0.00447761 -0.0078125 -0.0121951 0.0142857 -0.0172222 0.000695581 0.00105932 0.000693842 0.000442087 0.000889513 -0.00703125 -0.009375
internal_weight=1469 1269 200 159 122 48 89 1221 1179 1152 1130 1067 63 47
internal_count=1469 1269 200 159 122 48 89 1221 1179 1152 1130 1067 63 47
is_linear=0
shrinkage=0.05


Tree=270
num_leaves=15
num_cat=0
split_feature=7 6 1 6 6 4 7 4 7 7 6 6 6 6
split_gain=1.83128 2.09956 1.9693 4.56812 1.71411 1.57925 3.80408 2.48262 3.54462 3.47151 2.65571 2.64198 1.41521 2.57247
threshold=61.13915789669975 241.26640339305658 4167.2600000000011 298.28141587658195 227.48708431902847 802.3517647058826 11.591788690390233 881.93000000000018 0.17992582467158871 1.0110782129046643 125.23444001911626 93.307000000000016 209.56557971800143 191.44833333333335
decision_type=10 2 2 2 2 10 10 10 10 10 2 2 2 2
left_child=1 4 3 -3 5 12 7 8 -7 10 -9 -11 13 -1
right_child=-2 2 -4 -5 -6 6 -8 9 -10 11 -12 -13 -14 -15
leaf_value=0.0004476035662158963 -0.097428112652030135 -0.029357754555088302 0.062022446474527752 0.085946676855130522 -0.023174669782594928 -0.007552471678343043 -0.0029522669394162386 0.0087361271361096737 -0.00031882183650209231 0.00060399130866743982 0.0011070812399100684 -0.026630338834898216 0.0076307680593475707 -0.014874173188693884
leaf_weight=920 20 44 29 24 38 24 20 27 40 36 22 36 91 98
leaf_count=920 20 44 29 24 38 24 20 27 40 36 22 36 91 98
internal_value=0.00037415 0.000586207 0.00765306 0.00289855 7.39098e-05 0.000380228 -0.00364078 -0.00134409 -0.00923077 0.00286885 0.013 -0.00410959 0.00112613 0.000588813
internal_weight=1469 1449 97 68 1352 1314 205 185 64 121 49 72 1109 1018
internal_count=1469 1449 97 68 1352 1314 205 185 64 121 49 72 1109 1018
is_linear=0
shrinkage=0.05


Tree=271
num_leaves=15
num_cat=0
split_feature=3 3 3 6 7 4 7 2 6 1 7 6 6 7
split_gain=1.03338 3.00384 2.24159 1.40076 4.30014 2.85106 4.29302 2.88063 1.94991 7.62113 3.64011 2.09651 2.57847 2.08913
threshold=293.2257724892998 265.54264759889128 246.47345543453437 207.06743041494892 9.6774274209889146 389.46500000000003 -8.801203531763802 6202.1500000000005 191.44833333333335 3284.1650000000004 17.57798514788065 189.26565168370936 185.08622512491374 -14.648695436381898
decision_type=2 2 2 2 10 8 8 2 2 2 8 2 2 8
left_child=1 2 3 8 5 -5 -7 -8 11 -10 -11 12 13 -1
right_child=-2 -3 -4 4 -6 6 7 -9 9 10 -12 -13 -14 -15
leaf_value=-0.0081151374343866323 -0.040159236612950067 0.013697179979223718 -0.002893258115242681 -0.0084715505126445219 0.012311151085764572 0.03092479648501233 0.20790248885840762 -0.092491096882294593 -0.23363500267346926 -0.010915165240532793 0.39527934311873048 0.15448254426695779 -0.033358210168146753 0.00032533469871690593
leaf_weight=75 40 30 30 30 42 28 28 45 20 38 22 21 33 987
leaf_count=75 40 30 30 30 42 28 28 45 20 38 22 21 33 987
internal_value=0.000510204 0.000734266 0.000392857 0.000693431 0.00488506 0.000378788 0.00441176 -0.00202703 8.35422e-05 -0.00740741 0.00163934 0.000626679 0.000319343 0.000752587
internal_weight=1469 1429 1399 1369 173 131 101 73 1196 80 60 1116 1095 1062
internal_count=1469 1429 1399 1369 173 131 101 73 1196 80 60 1116 1095 1062
is_linear=0
shrinkage=0.05


Tree=272
num_leaves=15
num_cat=0
split_feature=0 7 1 7 7 0 1 1 1 0 0 0 3 3
split_gain=1.78073 1.39706 5.524 3.10505 2.84311 2.68916 2.71838 1.81439 1.09701 0.846098 1.76936 1.49274 2.85032 2.97666
threshold=374.63000000000005 19.152681513181069 3558.4650000000006 12.585515333991745 9.6774274209889146 122.08416780095443 3910.3400000000006 5006.0650000000005 6114.6350000000011 32.924709631785383 53.038725717791621 63.267889326145998 62.772003777921938 39.589046728069242
decision_type=2 10 2 10 10 2 2 2 2 2 2 2 2 2
left_child=1 3 -3 4 9 -5 -7 -4 -9 -1 -11 -12 13 -13
right_child=-2 2 7 5 -6 6 -8 8 -10 10 11 12 -14 -15
leaf_value=-0.00052947915362961393 -0.12157070606389686 0.013335958064488241 -0.05872864619190428 -0.031520925286951572 0.0079830846520209092 -0.088209598760284447 0.017384584500254131 0.015663004579236441 -0.0024977079517988065 0.006289331826451504 -0.0019890548129276818 -0.013250483513916313 -0.00012783790382007166 0.0093820152074379631
leaf_weight=29 20 53 32 21 48 21 22 21 26 45 53 21 997 60
leaf_count=29 20 53 32 21 48 21 22 21 26 45 53 21 997 60
internal_value=0.000170068 0.00037931 0.00526316 -0.000113809 0.000438596 -0.0107692 -0.00340909 -0.003125 0.003125 -4.14594e-05 0.000169924 -0.000220848 0.000185357 0.00914634
internal_weight=1469 1449 132 1317 1253 64 43 79 47 1205 1176 1131 1078 81
internal_count=1469 1449 132 1317 1253 64 43 79 47 1205 1176 1131 1078 81
is_linear=0
shrinkage=0.05


Tree=273
num_leaves=15
num_cat=0
split_feature=0 5 0 4 7 4 2 2 2 6 0 6 4 0
split_gain=1.86942 5.28542 3.17043 2.83367 2.70351 4.82694 2.70111 4.12166 2.81737 2.10846 2.07551 2.9793 2.75109 2.7415
threshold=88.311357823461364 1.5000000000000002 83.4378886972804 881.93000000000018 -1.23471314285387 535.12000000000012 4353.7200000000012 2485.7410000000004 1470.6570000000002 95.593414466856999 112.09915498260722 159.56052912081546 706.70000000000016 119.30212331511321
decision_type=2 2 2 8 10 10 2 2 2 2 2 2 8 2
left_child=2 -2 3 4 5 -1 7 8 -6 -3 11 12 -11 -12
right_child=1 9 -4 -5 6 -7 -8 -9 -10 10 13 -13 -14 -15
leaf_value=0.0012230309025734077 0.014869167506434989 0.0015979184927008506 -0.031146517175185035 0.0087024047822564145 -0.00029244335551512068 -0.0040613008364470821 0.0045314558741243712 -0.0064320432911852748 0.0060326050284083615 -0.012039525299205434 0.010341860157993793 0.020017649465196893 -0.001148653022226548 4.5222299900340301e-05
leaf_weight=28 21 37 42 90 37 26 27 23 21 67 64 40 92 854
leaf_count=28 21 37 42 90 37 26 27 23 21 67 64 40 92 854
internal_value=-0.000170068 0.000722789 -0.00372881 -0.00158103 -0.00552147 -0.0145455 -0.000917431 -0.0054878 0.00169492 0.00025974 -0.000134168 -0.00475 -0.0078125 0.000870511
internal_weight=1469 1175 294 252 162 54 108 81 58 1154 1117 199 159 918
internal_count=1469 1175 294 252 162 54 108 81 58 1154 1117 199 159 918
is_linear=0
shrinkage=0.05


Tree=274
num_leaves=15
num_cat=0
split_feature=2 7 2 7 7 7 2 7 4 4 4 0 7 0
split_gain=1.38416 1.88398 1.27403 1.14258 3.70013 2.24826 2.08299 1.38965 1.32101 6.63132 4.78292 3.02554 2.60427 2.85795
threshold=670.49300000000005 -0.48681300393325694 785.12450000000013 -25.585347657355893 -17.959329216237979 -15.012067136824411 6572.5500000000011 -11.847711156869272 448.45500000000004 419.12500000000006 469.80000000000007 278.05658193574567 15.709844057951278 258.03606572730814
decision_type=2 10 2 8 8 8 2 8 8 10 8 2 10 2
left_child=1 -1 -2 6 -5 -6 -4 -7 9 12 -10 -12 -9 -14
right_child=2 -3 3 4 5 7 -8 8 10 -11 11 -13 13 -15
leaf_value=2.5147351994359026e-05 0.003875857006278044 -0.0011171461454595384 -0.024080519836871473 0.023977789103739291 -0.028036568400086836 0.024710553363967304 0.00091142051691452054 -0.00031595410075209164 -0.030592405593673141 0.13026320097454255 0.00037256852988731826 -0.13726547900017513 0.044705082010476661 -0.0026875928885456537
leaf_weight=34 24 20 34 24 23 22 38 190 20 27 923 43 26 21
leaf_count=34 24 20 34 24 23 22 38 190 20 27 923 43 26 21
internal_value=0.000510204 -0.00727273 0.000812147 0.000610632 0.00094697 0.000578704 -0.00547945 0.000864101 0.000639488 0.00377358 -0.000202634 0.000310238 0.00105042 0.0114583
internal_weight=1469 54 1415 1391 1319 1295 72 1272 1250 264 986 966 237 47
internal_count=1469 54 1415 1391 1319 1295 72 1272 1250 264 986 966 237 47
is_linear=0
shrinkage=0.05


Tree=275
num_leaves=15
num_cat=0
split_feature=3 7 3 3 3 7 4 4 7 4 1 4 4 3
split_gain=1.56176 3.72475 1.59985 5.78666 3.40341 4.12576 2.75881 2.39309 2.99223 2.22174 3.40227 2.2131 1.69955 1.65867
threshold=34.017419183778195 0.7488923238277857 93.112885635600975 95.039899770270907 90.414256570923769 -1.3918032258628157 634.72701477167823 693.29000000000019 1.6401945863701004 354.16500000000002 5164.0225 628.22764705882366 270.53000000000003 88.229070009057352
decision_type=2 8 2 2 2 8 8 8 8 10 2 10 8 2
left_child=1 -1 4 -4 5 11 9 -8 -9 -7 -11 -2 -5 -10
right_child=2 -3 3 12 -6 6 7 8 13 10 -12 -13 -14 -15
leaf_value=0.0018950486864415363 -0.0020832800198265777 -0.0034477829416149006 -0.055547916613367103 -0.023967577209629786 0.0061703654317088359 0.00086274353617942715 -0.0070305751595261898 0.0053481364719553358 0.0012861465132300021 0.055061246755477203 0.0019783373265471029 -0.00038886161912989883 0.00038126570587616594 -0.018889984332393746
leaf_weight=36 39 42 24 22 30 46 20 48 147 21 23 44 901 26
leaf_count=36 39 42 24 22 30 46 20 48 147 21 23 44 901 26
internal_value=0.000510204 -0.00632911 0.000897989 -0.000263713 0.00337079 0.00216867 0.00466867 0.0018595 0.00337838 0.0120879 0.02 -0.0077381 0.000378788 0.000287356
internal_weight=1469 78 1391 947 444 414 331 241 221 90 44 83 923 173
internal_count=1469 78 1391 947 444 414 331 241 221 90 44 83 923 173
is_linear=0
shrinkage=0.05


Tree=276
num_leaves=15
num_cat=0
split_feature=2 3 0 3 0 3 3 3 2 4 4 0 0 0
split_gain=1.38416 1.88398 1.71092 2.71425 2.4217 2.72615 2.62439 4.55225 2.54883 1.71351 3.46763 2.00473 1.48749 1.48523
threshold=670.49300000000005 46.728116154335751 52.030013044333622 39.589046728069242 63.267889326145998 60.658776244652024 65.066463251201881 75.943759111434233 3471.1050000000009 930.94999999999993 898.46500000000015 138.86339996212826 32.924709631785383 88.311357823461364
decision_type=2 2 2 2 2 2 2 2 2 10 10 2 2 2
left_child=1 -1 12 -4 -5 -6 -7 8 -8 10 13 -11 -2 -9
right_child=2 -3 3 4 5 6 7 9 -10 11 -12 -13 -14 -15
leaf_value=-0.0037374388447669188 0.00036302843918949168 0.00019772340932349837 -0.0038683285716695302 -0.0018307919113810245 0.018982509837852015 -0.025554249401483937 0.036068421632626795 -0.05142717781507098 0.00039095452733410309 0.002073815636050838 -0.033348779667861365 -0.0011061085390559279 0.0080295379567849236 0.00040353848573439178
leaf_weight=20 22 34 40 39 44 35 26 26 36 31 23 23 28 1042
leaf_count=20 22 34 40 39 44 35 26 26 36 31 23 23 28 1042
internal_value=0.000510204 -0.00727273 0.000812147 0.000475842 0.00086727 0.0012432 0.000804505 0.00120033 0.0142857 0.00047993 4.57875e-05 0.00909091 0.00980392 0.000467727
internal_weight=1469 54 1415 1365 1325 1286 1242 1207 62 1145 1091 54 50 1068
internal_count=1469 54 1415 1365 1325 1286 1242 1207 62 1145 1091 54 50 1068
is_linear=0
shrinkage=0.05


Tree=277
num_leaves=15
num_cat=0
split_feature=4 2 3 6 4 6 6 3 7 3 6 6 6 7
split_gain=1.13185 4.49093 1.13575 2.32323 2.81853 2.21748 4.57064 2.37056 3.64553 1.9162 1.64773 3.96698 3.43388 3.53977
threshold=943.9000000000002 6220.4350000000004 159.44784486528474 175.18687291304266 687.44833333333349 200.98563697741199 213.71465235211417 133.20463420664996 0.97881630262333996 162.47041142054533 157.5300908413852 174.6484752966019 149.72814206909558 14.949060170352071
decision_type=10 2 2 2 8 2 2 2 10 2 2 2 2 8
left_child=2 -2 3 -1 5 7 -7 8 -5 -4 12 -12 13 -11
right_child=1 -3 9 4 -6 6 -8 -9 -10 10 11 -13 -14 -15
leaf_value=0.00012233712703268798 -0.0021158346253548456 0.036942521675443721 0.069541208353029682 0.032244734496551616 -0.02948872225184869 0.013659339567146107 -0.00071007775877073714 -0.047537826498887471 -0.030324570038782552 -0.025243551401615383 -0.038816560535775313 0.0044235500795295037 0.063455592505271594 0.069046491681267752
leaf_weight=814 30 31 24 24 45 20 52 27 21 26 42 271 21 21
leaf_count=814 30 31 24 24 45 20 52 27 21 26 42 271 21 21
internal_value=0.000646259 0.00725806 0.000354862 -0.000547809 -0.00552632 -0.00206897 0.00410959 -0.00821918 -0.00108696 0.00258621 0.00170157 0.000159236 0.00869565 0.00104167
internal_weight=1469 61 1408 1003 189 144 72 72 45 405 381 313 68 47
internal_count=1469 61 1408 1003 189 144 72 72 45 405 381 313 68 47
is_linear=0
shrinkage=0.05


Tree=278
num_leaves=15
num_cat=0
split_feature=4 1 4 2 7 3 7 7 4 7 1 4 3 7
split_gain=0.955728 3.19997 1.84152 1.90909 1.7687 6.0515 1.76828 6.65038 4.99318 1.49295 3.98431 1.87846 1.73874 3.9603
threshold=295.13000000000005 11725.6 207.86500000000004 3300.1465000000003 12.240576446122811 106.98322971928978 23.674412234929012 18.751694502129244 626.58264705882368 7.4887558159252317 3653.9080000000004 1024.7650000000003 231.73748795749927 -9.0727731832168441
decision_type=8 2 10 2 10 2 10 10 10 10 2 10 2 10
left_child=1 2 -1 -4 9 -6 7 -7 -8 11 -11 12 -2 -14
right_child=4 -3 3 -5 5 6 8 -9 -10 10 -12 -13 13 -15
leaf_value=-0.00038345835747118431 -0.00029120094266386068 -0.0036321129189168522 0.0010171290688293366 0.079532503510029384 -0.0099312669613692631 -0.0026490664745446369 0.0053013628045903488 0.11384951610829647 -0.064046473283956212 0.028518637519272763 -0.00054840973744863734 0.013733449346377503 -0.010339539258485469 0.034806982671748546
leaf_weight=22 1000 35 21 20 37 37 57 23 31 34 50 25 41 36
leaf_count=22 1000 35 21 20 37 37 57 23 31 34 50 25 41 36
internal_value=0.000306122 0.00505051 0.0117188 0.0178571 -3.64431e-05 -0.00456989 0 0.00655738 -0.00449438 0.000673968 0.00705882 0.000181324 -0.000139147 0.00705128
internal_weight=1469 98 63 41 1371 185 148 60 88 1186 84 1102 1077 77
internal_count=1469 98 63 41 1371 185 148 60 88 1186 84 1102 1077 77
is_linear=0
shrinkage=0.05


Tree=279
num_leaves=15
num_cat=0
split_feature=0 4 3 1 1 1 4 7 7 4 7 0 4 3
split_gain=1.46575 2.29061 2.18434 1.60922 1.67037 1.75961 1.79164 1.51905 4.04227 4.40112 3.39929 3.05381 3.75856 3.02979
threshold=328.28209607042521 307 265.54264759889128 16881.710000000003 14140.460000000003 13361.175000000001 253.85425055935312 2.278513062942999 1.0516792073037247 864.0200000000001 1.6401945863701004 268.76775071743106 456.07029411764717 85.184256311791515
decision_type=2 10 2 2 2 2 8 10 10 10 10 2 8 2
left_child=2 -2 3 4 5 6 -1 8 11 10 -10 12 -8 -14
right_child=1 -3 -4 -5 -6 -7 7 -9 9 -11 -12 -13 13 -15
leaf_value=0.005858708563791901 -0.12207520562564303 0.0033647334936806497 0.023144747909583999 0.0033109949723874907 -0.026608003255123705 0.0069791056565296217 -0.010408339503402437 -0.0011314383953704656 0.014506239657748145 -0.0016610258124925615 0.0038818926551229234 0.21283623527272857 -0.0024947667486128035 0.0018616129203143041
leaf_weight=38 26 29 28 22 20 20 87 463 31 29 27 22 152 475
leaf_count=38 26 29 28 22 20 20 87 463 31 29 27 22 152 475
internal_value=-0.000102041 -0.00803571 0.000212014 -7.20981e-05 -0.00029304 -7.43494e-05 -0.000301887 -0.000621601 0.000667476 0.0107955 0.0186441 -0.000542741 -0.00111888 0.000238854
internal_weight=1469 55 1414 1386 1364 1344 1324 1286 823 87 58 736 714 627
internal_count=1469 55 1414 1386 1364 1344 1324 1286 823 87 58 736 714 627
is_linear=0
shrinkage=0.05


Tree=280
num_leaves=15
num_cat=0
split_feature=6 1 6 7 3 4 7 1 4 3 3 4 3 3
split_gain=1.69254 3.21942 2.94983 1.56761 2.56616 2.70679 5.18568 3.10148 2.91481 5.42025 3.35479 2.69532 2.33938 3.88975
threshold=241.26640339305658 4167.2600000000011 298.28141587658195 2.278513062942999 227.7599242703179 320.90500000000003 0.47995341720636736 11512.360000000002 456.07029411764717 138.77205244179981 188.79303835825175 729.3850000000001 44.000401473719585 81.747441542060329
decision_type=2 2 2 10 2 8 8 2 8 2 2 8 2 2
left_child=3 2 -2 4 5 6 7 -1 9 -7 -10 -12 -5 -14
right_child=1 -3 -4 12 -6 8 -8 -9 10 -11 11 -13 13 -15
leaf_value=0.064596993321431026 -0.0032469357725889215 0.055407227564937538 0.060759227205549854 -0.001558760930273473 -0.011049140883354937 -0.00064399964294054556 -0.0049067374553309539 0.00064028553202049037 3.7903505145729655e-05 -0.020118221471577175 0.070429406807995906 0.23174829616295833 0.003838443836083269 -0.002288073710386862
leaf_weight=21 45 30 25 35 44 56 20 21 633 24 25 25 62 403
leaf_count=21 45 30 25 35 44 56 20 21 633 24 25 25 62 403
internal_value=-0.000306122 0.00594059 0 -0.000766423 0.000517241 0.00115012 0.0111111 0.0209302 0.000327225 -0.00864198 0.00138889 0.0137255 -0.00299401 -0.00203863
internal_weight=1469 100 70 1369 869 825 62 42 763 80 683 50 500 465
internal_count=1469 100 70 1369 869 825 62 42 763 80 683 50 500 465
is_linear=0
shrinkage=0.05


Tree=281
num_leaves=15
num_cat=0
split_feature=6 1 6 6 7 7 6 7 0 1 1 3 0 1
split_gain=1.35839 3.7114 2.09658 1.99922 1.31089 3.48242 1.80447 1.9098 4.19128 2.14483 1.33063 1.30716 5.79432 5.27719
threshold=241.26640339305658 4167.2600000000011 227.48708431902847 287.35750078183622 38.689719545555143 29.101130993991273 221.73572678780906 11.591788690390233 129.11879254932379 5099.0060000000012 4566.5250000000005 114.91069762576599 112.96446153822005 3653.9080000000004
decision_type=2 2 2 2 10 10 2 10 2 2 2 2 2 2
left_child=2 3 4 -2 5 6 7 11 10 -10 -9 12 -1 -14
right_child=1 -3 -4 -5 -6 -7 -8 8 9 -11 -12 -13 13 -15
leaf_value=-0.00019158226740972062 -0.040574439073268478 0.052636866186690667 -0.013733818335201466 0.023895396588309938 -0.10877354083759989 0.056192743900962343 0.1112430186274645 -0.029858418569573886 -0.0045252267140458505 0.041624710787404366 -0.011795999558117557 -0.0018220502915335891 -0.013936869453505274 0.025805870022277713
leaf_weight=520 35 30 40 35 42 30 22 23 41 22 20 502 28 79
leaf_count=520 35 30 40 35 42 30 22 23 41 22 20 502 28 79
internal_value=-0.000646259 0.0049505 -0.00105839 -0.00140845 -0.000714286 -0.000427019 -0.000834658 -0.00109223 -0.00747664 0.00078125 -0.0193182 -0.000486726 0.00103503 0.0115741
internal_weight=1469 100 1369 70 1329 1287 1257 1235 106 63 43 1129 627 107
internal_count=1469 100 1369 70 1329 1287 1257 1235 106 63 43 1129 627 107
is_linear=0
shrinkage=0.05


Tree=282
num_leaves=15
num_cat=0
split_feature=0 1 3 7 3 0 7 3 0 7 1 0 3 7
split_gain=1.55373 1.73636 1.82079 2.55164 2.44806 3.2604 2.67349 2.6092 4.15229 3.8658 2.5269 2.40968 1.99879 2.41123
threshold=374.63000000000005 16881.710000000003 31.140942381968749 -1.3285886049352695 77.686155523509157 78.546141861418633 1.1759964269444085 83.900588073738177 95.570734338592658 1.8174375383522803 5031.5000000000009 53.038725717791621 57.277597887571979 0.27950259011122119
decision_type=2 2 2 10 2 2 8 2 2 10 2 2 2 10
left_child=1 2 3 -1 5 11 -7 9 -9 -6 -8 -4 13 -13
right_child=-2 -3 4 -5 7 6 10 8 -10 -11 -12 12 -14 -15
leaf_value=0.0013648094707449266 -0.11918223612491326 0.003123010060537577 0.0098566171562280494 -0.0025469333655027907 -0.028534565745088461 0.00020375142761410727 0.044949118386399423 0.035521643534927295 -0.00055068036790083123 0.0036561007576495913 0.0036204266419776242 -0.09240370471667736 0.00055472426700531872 -0.00013657816317425923
leaf_weight=20 20 22 36 37 36 37 26 26 1042 24 26 23 72 22
leaf_count=20 20 22 36 37 36 37 26 26 1042 24 26 23 72 22
internal_value=-0.000782313 -0.000586207 -0.000805322 -0.00948276 -0.000437637 0.00411523 0.0116667 -0.00141718 -0.000841908 -0.0114754 0.0188679 -0.000324675 -0.00381356 -0.0119565
internal_weight=1469 1449 1427 57 1370 242 89 1128 1068 60 52 153 117 45
internal_count=1469 1449 1427 57 1370 242 89 1128 1068 60 52 153 117 45
is_linear=0
shrinkage=0.05


Tree=283
num_leaves=15
num_cat=0
split_feature=0 0 4 1 1 1 7 4 2 4 0 2 7 7
split_gain=0.971622 1.60404 3.72272 1.35769 4.54404 4.24766 3.15829 2.95531 2.47898 2.28039 2.68268 2.11561 3.4956 9.01383
threshold=32.924709631785383 53.038725717791621 712.54500000000007 5403.9865000000009 5563.0800000000008 5193.4940000000015 10.919498726729765 805.54280218538076 10412.955000000002 865.94000000000017 82.300223165269912 1282.6665000000003 4.5990944090746106 2.8849375678760585
decision_type=2 2 10 2 2 2 10 10 2 10 2 2 10 10
left_child=-1 2 -2 5 -5 7 -6 11 -8 -9 -11 -3 13 -13
right_child=1 3 -4 4 6 -7 8 9 -10 10 -12 12 -14 -15
leaf_value=-0.00072019089344393526 0.0094851370832130921 0.0013792722801234366 -0.00041867940838859479 -0.033846663845101412 -6.8772799782790273e-05 0.11952222950499164 -0.0038719826738330687 -0.027258868448310925 -0.0015294328188236693 0.0021388735623972146 -0.0014363901960598282 -0.00039084184587121488 0.0046820375802428598 -0.033071010998756013
leaf_weight=30 25 92 23 24 377 34 30 33 27 27 46 440 231 30
leaf_count=30 25 92 23 24 377 34 30 33 27 27 46 440 231 30
internal_value=-0.000918367 -0.000729167 0.00816327 -0.00104167 -0.00326797 5.35332e-05 -0.00206897 -0.000611111 -0.012931 -0.00841121 -0.00337838 0.000440806 -0.000498575 -0.0029724
internal_weight=1469 1439 48 1391 458 933 434 899 57 106 73 793 701 470
internal_count=1469 1439 48 1391 458 933 434 899 57 106 73 793 701 470
is_linear=0
shrinkage=0.05


Tree=284
num_leaves=15
num_cat=0
split_feature=4 7 1 0 7 2 8 2 2 4 4 7 7 2
split_gain=1.22513 2.55208 2.26832 3.81578 3.55592 2.53658 1.98641 3.3098 7.91277 3.04465 3.97368 5.14178 2.99934 2.98431
threshold=802.3517647058826 11.591788690390233 6214.5975000000008 234.37934151779493 10.361141132642745 13034.240000000003 1.5000000000000002 4468.5300000000016 5022.4300000000003 272.98000000000008 519.49000000000012 -4.1230101135873438 3.8964554129981868 3077.0840000000003
decision_type=10 10 2 2 10 2 2 2 2 10 10 10 8 2
left_child=2 -2 5 4 -4 6 7 9 -9 -1 12 -12 -11 -8
right_child=1 -3 3 -5 -6 -7 13 8 -10 10 11 -13 -14 -15
leaf_value=0.068378633960207005 -0.00070375539415981072 -0.0069346478145302821 -6.5334159793650759e-05 -0.010760550116745194 -0.055801395138638535 0.012204691048520101 -0.0021947068090678811 -0.059833505370948281 -0.0011200446428430767 -0.00098887518269082943 0.01172995879956798 0.00082132621454213692 -0.11377392802519225 0.015557921774726058
leaf_weight=21 185 21 245 31 24 22 147 24 257 56 20 144 23 249
leaf_count=21 185 21 245 31 24 22 147 24 257 56 20 144 23 249
internal_value=-0.000782313 -0.00434783 -0.000197785 -0.00398671 -0.00203704 0.000985477 0.000583864 -0.00137363 -0.00514184 0.00264151 0.00102459 0.00545455 -0.008125 0.00327456
internal_weight=1469 206 1263 300 269 963 941 545 281 264 243 164 79 396
internal_count=1469 206 1263 300 269 963 941 545 281 264 243 164 79 396
is_linear=0
shrinkage=0.05


Tree=285
num_leaves=15
num_cat=0
split_feature=6 7 7 0 7 7 0 2 7 0 6 0 1 2
split_gain=1.84301 3.03725 2.64628 1.46649 2.83327 2.92157 2.39871 4.67522 4.91542 4.4347 2.62805 3.30929 1.54007 1.87131
threshold=241.26640339305658 2.278513062942999 -0.92390765173782075 253.87031985272776 8.5652508453472453 -1.957320858455043 197.55163591670637 7127.670000000001 5.8000880815611717 188.44166282300532 168.97548581255293 237.50392414409788 955.52850000000012 1134.6900000000003
decision_type=2 10 8 2 8 10 2 2 10 2 2 2 2 2
left_child=3 2 -2 6 5 -5 9 8 -8 12 -9 -12 -1 -14
right_child=1 -3 -4 4 -6 -7 7 10 -10 -11 11 -13 13 -15
leaf_value=-0.0012618916086553772 0.010997967581728198 0.02764189793474521 -0.09435300266254687 -0.010002903360880186 -0.10567334626698276 0.050402112630144741 0.0034504216230193396 0.014078995658591831 0.071521278011080922 -0.0066279794411722714 -0.091003431932150436 0.041732166046264861 0.0010287359988998684 -0.00034597063519239415
leaf_weight=36 34 37 29 25 54 23 28 33 22 38 43 22 96 949
leaf_count=36 34 37 29 25 54 23 28 33 22 38 43 22 96 949
internal_value=-0.000578231 0.00594059 -0.00078125 -0.00105839 -0.00679612 0.00204082 -0.000591483 0.00536913 0.0176471 -0.00138393 -0.0010101 -0.00681818 -0.000785582 -0.00043021
internal_weight=1469 100 63 1369 102 48 1267 148 50 1119 98 65 1081 1045
internal_count=1469 100 63 1369 102 48 1267 148 50 1119 98 65 1081 1045
is_linear=0
shrinkage=0.05


Tree=286
num_leaves=15
num_cat=0
split_feature=4 7 4 7 7 7 1 0 1 1 1 1 1 1
split_gain=1.27234 2.55208 1.85367 3.54462 2.03938 2.1142 1.62158 4.13383 3.5164 2.85136 1.99364 1.95236 3.74925 2.35188
threshold=802.3517647058826 11.591788690390233 881.93000000000018 0.17992582467158871 1.0110782129046643 3.1889350930791562 6214.5975000000008 234.37934151779493 6436.7500000000009 7023.5550000000012 6016.4050000000007 7511.2680000000009 8435.7100000000009 9063.0450000000019
decision_type=10 10 10 10 10 10 2 2 2 2 2 2 2 2
left_child=6 2 3 -2 -4 -6 10 8 -8 -10 -1 -11 -13 -14
right_child=1 -3 4 -5 5 -7 7 -9 9 11 -12 12 13 -15
leaf_value=0.00013669342043192147 -0.0064507966794219969 -0.0065706168920441456 0.0072325566625371712 -0.00011999701770118998 -0.0014184507540890958 0.00042095456219864438 -0.12663495024469687 -0.010926472393837506 0.014281903731628964 -0.009103370068638145 0.042641432254352143 0.0027679386071399917 -0.0086443428387253749 -0.0001048529942128118
leaf_weight=935 24 21 49 40 33 39 21 31 38 35 28 39 20 116
leaf_count=935 24 21 49 40 33 39 21 31 38 35 28 39 20 116
internal_value=-0.000714286 -0.00434783 -0.00241935 -0.00923077 0.00122951 -0.00410959 -0.000118671 -0.00332226 -0.0012963 0.000401606 0.000881743 -0.00189573 0.000284091 -0.00364964
internal_weight=1469 206 185 64 121 72 1263 300 269 248 963 210 175 136
internal_count=1469 206 185 64 121 72 1263 300 269 248 963 210 175 136
is_linear=0
shrinkage=0.05


Tree=287
num_leaves=15
num_cat=0
split_feature=4 4 0 1 0 2 2 2 1 4 0 0 4 0
split_gain=1.52167 2.01716 1.60731 2.90441 1.91458 1.80854 1.34623 3.85397 2.28288 4.86621 3.90539 2.3244 2.06177 3.20534
threshold=802.3517647058826 823.01500000000021 82.300223165269912 5803.6450000000013 148.70015989502181 10412.955000000002 626.48000000000013 1317.7275000000002 1986.5300000000002 663.32500000000016 352.50032196500371 183.31931015185378 341.00500000000005 52.030013044333622
decision_type=10 8 2 2 2 2 2 2 2 8 2 2 8 2
left_child=6 -2 -3 4 -4 -5 -1 -8 9 11 12 -9 13 -10
right_child=1 2 3 5 -6 -7 7 8 10 -11 -12 -13 -14 -15
leaf_value=-0.00038255183928509462 -0.0054784869429865607 0.00060713519527676456 -0.0035546360364676734 0.0032931978411074427 0.002922695693535943 -0.0043051710680424094 0.0027114978958442588 0.067898801262175429 0.0044837196255030493 -0.070758175914078236 0.016208528733426861 -0.029866739096353491 0.0003057424892881855 -0.0025003185341521935
leaf_weight=39 20 53 50 35 22 26 80 27 21 41 24 20 909 102
leaf_count=39 20 53 50 35 22 26 80 27 21 41 24 20 909 102
internal_value=-0.00037415 -0.00434783 -0.0026738 -0.00559701 -0.0123288 0.00241935 0.000276899 0.000571429 -0.000174672 -0.00786517 0.000473037 0.003125 0 -0.00604839
internal_weight=1469 206 186 133 72 61 1263 1224 1144 88 1056 47 1032 123
internal_count=1469 206 186 133 72 61 1263 1224 1144 88 1056 47 1032 123
is_linear=0
shrinkage=0.05


Tree=288
num_leaves=15
num_cat=0
split_feature=4 7 3 3 2 4 5 7 7 2 1 4 2 7
split_gain=1.68191 2.55208 2.01172 4.11276 3.53326 3.17212 4.06161 3.91421 6.44542 3.72787 2.90447 2.76354 2.46455 3.01578
threshold=802.3517647058826 11.591788690390233 93.112885635600975 95.039899770270907 626.48000000000013 346.46500000000009 2.5000000000000004 3.3322097064392335 0.88774649910937609 1134.6900000000003 5485.2500000000009 270.53000000000003 1614.8950000000002 1.1141055494729672
decision_type=10 10 2 2 2 10 2 10 10 2 2 8 2 8
left_child=2 -2 4 -4 -1 7 9 8 -6 -7 -8 -5 -11 -14
right_child=1 -3 3 11 5 6 10 -9 -10 12 -12 -13 13 -15
leaf_value=-0.0012279712834649737 -0.00043801655195641054 -0.0060268274940398214 -0.052514897590339338 -0.023620843452708786 0.0010389236234275567 0.0061985394376487092 0.044630355364614654 0.016927836020171977 -0.026088100395304317 -0.017623343103722527 0.0023458532019022486 5.754292823576535e-05 -0.00057328574116255471 0.0043109839108167016
leaf_weight=30 185 21 22 22 151 23 22 28 20 20 25 803 59 38
leaf_count=30 185 21 22 22 151 23 22 28 20 20 25 803 59 38
internal_value=-0.000170068 -0.00434783 0.000514241 -0.000884434 0.00335731 0.00465116 0.00930851 0.00025 -0.00261628 0.00496454 0.021875 -0.000302663 0.00127119 0.00459184
internal_weight=1469 206 1263 847 416 386 187 199 171 140 47 825 117 97
internal_count=1469 206 1263 847 416 386 187 199 171 140 47 825 117 97
is_linear=0
shrinkage=0.05


Tree=289
num_leaves=15
num_cat=0
split_feature=6 7 8 0 6 6 0 6 0 7 2 2 2 8
split_gain=1.51338 3.03725 2.60718 2.41683 3.47709 3.17109 3.71718 1.55946 3.39827 3.31843 3.76816 4.7231 3.16609 3.43247
threshold=241.26640339305658 2.278513062942999 1.5000000000000002 253.87031985272776 187.40229408148025 220.4574646365221 288.59990224324571 184.09976753558024 197.55163591670637 -17.959329216237979 9318.6000000000004 11748.565000000001 7323.0700000000006 1.5000000000000002
decision_type=2 10 2 2 2 2 2 2 2 8 2 2 2 2
left_child=3 2 -2 7 -5 6 -6 8 -1 -9 12 -12 13 -11
right_child=1 -3 -4 4 5 -7 -8 9 -10 10 11 -13 -14 -15
leaf_value=2.5636829475858547e-05 -0.033749987585544663 0.025439664783903221 0.16531073685830902 -0.574067562847416 -0.0059561432643503668 -0.11597720942509659 0.1223880946275 0.034071218053307817 0.013350046933764494 -0.010102045263375235 0.069698247563218949 -0.0058947586946322076 -0.10041956031805715 0.26529835596771389
leaf_weight=972 37 37 26 24 30 27 21 27 75 69 27 21 37 39
leaf_count=972 37 37 26 24 30 27 21 27 75 69 27 21 37 39
internal_value=3.40136e-05 0.00594059 -0.00078125 -0.00040146 -0.00776699 -0.00253165 0.00480769 0.000197161 0.00100191 -0.00361991 -0.00592784 0.00612245 -0.00993151 -0.00550459
internal_weight=1469 100 63 1369 102 78 51 1267 1047 220 193 48 145 108
internal_count=1469 100 63 1369 102 78 51 1267 1047 220 193 48 145 108
is_linear=0
shrinkage=0.05


Tree=290
num_leaves=15
num_cat=0
split_feature=3 1 7 7 0 7 2 7 7 0 0 3 3 7
split_gain=1.57236 4.41578 2.93151 2.84625 2.21543 2.16268 1.96843 1.92 1.78084 1.42831 2.53188 1.84426 2.54571 1.76935
threshold=217.90606465690232 1885.7 25.811925203047732 3.3322097064392335 229.16277826520826 10.040243407745601 8418.0250000000015 -7.073593792744858 -1.3285886049352695 197.55163591670637 191.66903412353869 193.08199300894043 183.10113946519905 -39.38958273499383
decision_type=2 2 10 8 2 8 2 10 10 2 2 2 2 8
left_child=4 -2 3 7 9 8 -5 -3 -6 10 13 12 -11 -1
right_child=1 2 -4 6 5 -7 -8 -9 -10 11 -12 -13 -14 -15
leaf_value=-0.0047222995497645751 -0.22801266357803321 0.0069460961042484837 0.02416768154470806 0.0085310091352098216 -0.016771080511010839 -0.027826803787163863 -0.018036452707431417 0.057030190324432843 0.0043834299875702438 0.062725043377825612 -0.17813730658794175 -0.0003942550584353999 0.091849395423154651 4.7858629734304214e-05
leaf_weight=20 21 24 21 33 23 32 37 24 20 27 24 49 24 1090
leaf_count=20 21 24 21 33 23 32 37 24 20 27 24 49 24 1090
internal_value=0.000306122 0.00496894 0.00821429 0.00504202 -0.000267176 -0.00855263 -0.00140845 0.0142857 -0.00113636 0.000242915 -0.000264317 0.00594059 0.0125 9.0009e-05
internal_weight=1469 160 139 118 1309 75 70 48 43 1234 1134 100 51 1110
internal_count=1469 160 139 118 1309 75 70 48 43 1234 1134 100 51 1110
is_linear=0
shrinkage=0.05


Tree=291
num_leaves=15
num_cat=0
split_feature=4 4 4 7 1 4 4 1 0 0 7 2 0 1
split_gain=1.35901 1.89825 5.2366 4.93617 4.37202 2.12144 2.38361 3.69818 2.08067 2.6547 2.30761 2.88622 2.68028 2.63541
threshold=802.3517647058826 683.65382352941185 692.66500000000019 3.8964554129981868 5421.4150000000009 706.70000000000016 718.2803333333336 2033.6950000000004 52.327893302926931 30.074703209716684 32.933758037515219 1282.6665000000003 63.267889326145998 1359.1350000000004
decision_type=10 10 10 10 2 10 10 2 2 2 10 2 2 2
left_child=1 8 -3 5 -5 -4 -7 -8 9 -1 11 13 -13 -10
right_child=-2 2 3 4 -6 6 7 -9 10 -11 -12 12 -14 -15
leaf_value=-0.00072012801727842641 -0.00051300402061315307 0.070201300665791583 -0.0020347945283963665 0.0039217095512393612 -0.043508189886660165 0.0031055379435399933 -0.0070882324074090786 0.0052188551096848728 0.0013591312456931294 0.0087568811831053427 0.013575358680829465 -0.003178526809297966 -0.00082775734397337326 0.083442787592013887
leaf_weight=23 206 26 23 27 20 21 23 62 44 25 59 30 860 20
leaf_count=23 206 26 23 27 20 21 23 62 44 25 59 30 860 20
internal_value=0.00037415 0.000988924 0.00541872 0.00225989 -0.0114583 0.00730769 0.0102804 0.00639535 0.000141243 0.0102041 -0.000345168 -0.000942408 -0.0016835 0.00923077
internal_weight=1469 1263 202 176 47 129 106 85 1061 48 1013 954 890 64
internal_count=1469 1263 202 176 47 129 106 85 1061 48 1013 954 890 64
is_linear=0
shrinkage=0.05


Tree=292
num_leaves=15
num_cat=0
split_feature=3 4 1 0 3 1 1 1 0 3 4 4 0 0
split_gain=1.55173 3.86504 2.35858 1.93872 3.88879 1.46192 5.2944 3.14184 1.45455 1.33608 1.18861 3.34186 2.36548 2.49742
threshold=204.61026134758544 229.47088235294123 3580.2800000000002 222.72964531768312 133.20463420664996 3388.1150000000002 2946.4250000000006 5916.5749999999998 268.76775071743106 293.2257724892998 307 341.00500000000005 179.04781704563112 133.20707679739235
decision_type=2 10 2 2 2 2 2 2 2 2 10 10 2 2
left_child=3 2 -2 10 -5 6 9 8 -7 -3 12 -12 13 -1
right_child=1 5 -4 4 -6 7 -8 -9 -10 -11 11 -13 -14 -15
leaf_value=0.0025609768831787701 0.20002031003439324 0.0073585232143117095 -1.0178191414915889 0.001342410836171637 -0.07072953765080317 0.046802785654422648 -0.016884379380804584 -0.0034517329662303812 0.04268081382793501 0.0025057628570481108 -0.0019691787608586532 -0.00011136503670063914 0.51994946617770965 -0.041718919764695377
leaf_weight=226 25 34 21 23 34 32 22 25 21 25 38 845 32 66
leaf_count=226 25 34 21 23 34 32 22 25 21 25 38 845 32 66
internal_value=0.000102041 0.00412621 -0.00851064 -0.00055336 -0.00948276 0.0078125 0.00304878 0.0126582 0.0194444 0.0108333 -0.000124172 -0.00107466 0.00246154 0.00102389
internal_weight=1469 205 46 1264 57 159 81 78 53 59 1207 883 324 292
internal_count=1469 205 46 1264 57 159 81 78 53 59 1207 883 324 292
is_linear=0
shrinkage=0.05


Tree=293
num_leaves=15
num_cat=0
split_feature=3 3 2 2 3 3 2 6 1 6 4 3 1 6
split_gain=1.49974 2.08019 1.938 4.83379 3.32089 3.79788 2.92071 1.50303 2.84392 2.77057 1.99478 2.28815 2.10638 1.72797
threshold=204.61026134758544 209.53018395226374 8418.0250000000015 9667.0050000000028 293.2257724892998 233.21832234627394 13544.000000000002 184.09976753558024 2888.4650000000006 190.08105851215348 656.62500000000011 173.9531096459489 4089.9100000000003 166.24936973569427
decision_type=2 2 2 2 2 2 2 2 2 2 10 2 2 2
left_child=7 -2 4 -4 5 -3 -5 13 -9 -10 11 12 -11 -1
right_child=1 2 3 6 -6 -7 -8 8 9 10 -12 -13 -14 -15
leaf_value=-0.00014539541316630264 0.04395467071761907 -0.00032125110069989308 -0.16767656308980683 0.044206213539462948 -0.073772293968291686 0.086674297429565436 -0.0034337865936801661 -0.045413930639853106 -0.026648616790584757 -0.00016049399746554394 -0.044949234738404252 -0.031125757024415092 0.052441711013442617 0.005637112327531702
leaf_weight=904 20 25 20 38 26 41 35 39 34 44 26 37 49 131
leaf_count=904 20 25 20 38 26 41 35 39 34 44 26 37 49 131
internal_value=0.000170068 0.00412621 0.00241935 -0.00265957 0.00752688 0.0134328 0.00337838 -0.000474308 -0.00413043 -0.00157068 0.00127389 0.00381679 0.00797872 0.000337838
internal_weight=1469 205 185 93 92 66 73 1264 229 190 156 130 93 1035
internal_count=1469 205 185 93 92 66 73 1264 229 190 156 130 93 1035
is_linear=0
shrinkage=0.05


Tree=294
num_leaves=15
num_cat=0
split_feature=4 3 7 7 2 3 1 2 7 6 0 6 4 7
split_gain=1.21142 1.4261 2.19337 3.23753 3.05857 4.95623 4.02309 3.84848 2.28083 2.0183 2.09558 1.58047 3.23227 3.89578
threshold=207.86500000000004 204.61026134758544 -0.92390765173782075 4.7988754140517118 8418.0250000000015 258.00505110561028 4300.7045000000007 13689.225000000002 -9.0727731832168441 250.98244478577615 248.12072054089606 184.09976753558024 469.80000000000007 -17.397939896647987
decision_type=8 2 8 8 2 2 2 2 10 2 2 2 10 8
left_child=-1 9 8 -4 5 -5 -6 -8 -3 10 11 -2 -13 -14
right_child=1 2 3 4 6 -7 7 -9 -10 -11 -12 12 13 -15
leaf_value=-0.0040770023336726855 6.7737391060178345e-05 0.0052061701224026986 -0.037522084628148177 0.13215351832284711 -0.26452380068102949 -0.008364095981970637 0.05050895527380897 -0.0066635924108785719 0.030577803562743457 0.021804733592245523 -0.079639358101167623 -0.035495129860705625 0.04515479670791156 -0.0020890051056900341
leaf_weight=30 1007 23 28 36 21 28 21 20 24 25 21 75 23 87
leaf_count=30 1007 23 28 36 21 28 21 20 24 25 21 75 23 87
internal_value=0.000102041 0.0003125 0.00420792 0.00129032 0.00472441 0.0123077 -0.0031746 0.00595238 0.0135417 -0.000322841 -0.000617792 -0.000335289 -0.00456989 0.000900901
internal_weight=1469 1439 201 154 126 64 62 41 47 1238 1213 1192 185 110
internal_count=1469 1439 201 154 126 64 62 41 47 1238 1213 1192 185 110
is_linear=0
shrinkage=0.05


Tree=295
num_leaves=15
num_cat=0
split_feature=4 4 4 2 6 4 8 4 4 4 4 2 7 4
split_gain=1.19464 1.27021 3.097 2.56568 4.1375 2.30589 2.26932 4.59856 7.43406 4.4092 3.3289 5.99534 5.94785 2.70137
threshold=207.86500000000004 802.3517647058826 735.48666666666679 3919.5550000000003 150.16117084437383 825.95000000000016 1.5000000000000002 611.0250000000002 579.06264705882359 709.35833333333346 400.15500000000003 4250.8400000000011 12.240576446122811 693.29000000000019
decision_type=8 10 10 2 2 10 2 8 10 10 10 2 10 10
left_child=-1 2 6 -4 -5 -3 9 8 10 -2 11 -8 -12 -9
right_child=1 5 3 4 -6 -7 7 13 -10 -11 12 -13 -14 -15
leaf_value=-0.0038731522169890573 -0.00084838447566148523 -0.0052222006466380311 0.0060485491291065244 -0.031285631104482604 0.0066753572592958502 -0.0003585752056823599 -0.00023408612303167376 0.00088480338968912611 0.31393267031834654 0.0029597121993033323 0.014465987928491204 0.020734764253816707 -0.11437606369726493 -0.0084463655475609366
leaf_weight=30 624 25 37 24 22 181 22 339 20 35 30 27 29 24
leaf_count=30 624 25 37 24 22 181 22 339 20 35 30 27 29 24
internal_value=3.40136e-05 0.000243056 0.000850891 0.010119 0.00212766 -0.00338164 0.000173762 0.0027439 0.0108527 -0.00174242 0.00550459 0.015 -0.0025 -0.000137363
internal_weight=1469 1439 1233 83 46 206 1150 491 128 659 108 49 59 363
internal_count=1469 1439 1233 83 46 206 1150 491 128 659 108 49 59 363
is_linear=0
shrinkage=0.05


Tree=296
num_leaves=15
num_cat=0
split_feature=2 2 2 7 4 4 3 0 7 4 4 0 4 7
split_gain=1.84392 5.84834 3.11453 2.95151 2.51308 2.16993 1.83892 5.9663 2.68503 4.60868 2.38245 3.89631 3.83452 4.43676
threshold=6444.8065000000006 5994.7500000000009 6794.9040000000014 22.603641251471021 699.40500000000009 456.07029411764717 148.39286526408287 159.34985184486382 4.7200169613198719 452.27941176470591 930.94999999999993 153.38675540774361 573.69000000000005 0.88774649910937609
decision_type=2 2 2 10 8 10 2 2 8 10 10 2 10 10
left_child=1 3 -2 -1 -3 -5 7 10 9 -8 11 12 -4 -14
right_child=2 4 6 5 -6 -7 8 -9 -10 -11 -12 -13 13 -15
leaf_value=-0.00027180369392354464 0.015197624636034829 -0.038531147288382583 0.0019521003784593082 0.054899792007013476 -0.00033253363840543006 0.0007569521769095755 -0.0033613860623335602 -0.02696521087223739 -0.00040069032722602762 0.014556521092079855 0.033548882601688958 0.026161595572398194 -0.063558100207473933 0.00011780361155186957
leaf_weight=793 36 39 78 20 21 25 40 30 177 90 26 20 36 38
leaf_count=793 36 39 78 20 21 25 40 30 177 90 26 20 36 38
internal_value=-3.40136e-05 -0.00144605 0.00218531 -0.000357569 -0.0163934 0.0119565 0.00121269 -0.00218341 0.00373377 0.00916031 0.00100503 -0.00115607 -0.00392157 -0.012
internal_weight=1469 898 571 838 60 45 535 228 307 130 198 172 152 74
internal_count=1469 898 571 838 60 45 535 228 307 130 198 172 152 74
is_linear=0
shrinkage=0.05


Tree=297
num_leaves=15
num_cat=0
split_feature=2 2 2 2 6 2 1 2 2 2 7 2 7 1
split_gain=1.1775 2.72244 2.68165 3.21349 4.98808 1.93672 1.37076 3.37846 1.31632 3.35014 4.14443 3.16512 3.14262 3.77627
threshold=13381.010000000002 14778.825000000001 10023.938500000002 10412.955000000002 151.06589688792548 9667.0050000000028 7023.5550000000012 11813.235000000002 6444.8065000000006 5745.4540000000006 24.522727247225948 5509.005000000001 15.23717487669022 4675.5300000000007
decision_type=2 2 2 2 2 2 2 2 2 2 10 2 8 2
left_child=2 -2 5 -4 -5 8 7 -6 9 10 11 -1 13 -11
right_child=1 -3 3 4 6 -7 -8 -9 -10 12 -12 -13 -14 -15
leaf_value=-0.00039380277768586992 -0.005656096261681909 0.0055103974894084922 0.052203306250340475 -0.011436209375179885 0.0022520268541035451 -0.025000126651135709 0.0013481235597005981 0.056567651896762938 0.0014982779081336634 -0.0048557811334780437 0.028439707286556582 0.0093645302207193866 -0.28850991411940774 0.0045381994777090274
leaf_weight=731 45 39 26 35 25 30 31 24 316 27 36 29 41 34
leaf_count=731 45 39 26 35 25 30 31 24 316 27 36 29 41 34
internal_value=-0.000170068 -0.00588235 0.000180375 0.00669014 0.00301724 -0.000562249 0.00987654 0.015 -0.000246914 -0.00122358 -0.000125471 -0.000919842 -0.00970874 -0.00241935
internal_weight=1469 84 1385 141 115 1244 80 49 1214 898 796 760 102 61
internal_count=1469 84 1385 141 115 1244 80 49 1214 898 796 760 102 61
is_linear=0
shrinkage=0.05


Tree=298
num_leaves=15
num_cat=0
split_feature=7 6 4 4 4 4 8 4 7 4 4 4 7 3
split_gain=1.54321 3.73174 4.54332 5.04961 4.14358 3.9214 4.67056 6.37453 3.70652 2.23064 6.48025 4.44636 4.4831 6.41693
threshold=-0.84305986674137745 160.70179291149779 436.29500000000002 379.03382352941179 322.78000000000003 492.19000000000011 1.5000000000000002 636.5100000000001 -14.648695436381898 448.45500000000004 424.42235294117654 593.36500000000012 12.802152586572463 157.99212445944744
decision_type=8 2 10 10 10 10 2 10 10 10 10 10 8 2
left_child=1 4 3 -3 -1 -4 7 -7 -6 10 -2 12 13 -11
right_child=9 2 5 -5 8 6 -8 -9 -10 11 -12 -13 -14 -15
leaf_value=0.002838388364704153 9.466017653113058e-05 0.021997688454114706 0.087156336714319951 -0.05528731288387434 -0.042041702978425334 -0.024355298455946077 0.56770927873483934 0.035266019558461197 -0.00020135337178714963 0.001585821950450407 0.098372317715246349 -0.00021098481567217165 -0.10862398018882119 -0.013543962257230736
leaf_weight=20 488 36 20 22 43 44 21 31 137 46 20 453 49 39
leaf_count=20 488 36 20 22 43 44 21 31 137 46 20 453 49 39
internal_value=-0.000102041 0.00266667 0.008 -0.00338983 -0.00199005 0.0136752 0.00927835 0.00328947 -0.00441989 -0.00104927 0.00137525 -0.00314626 -0.0111111 -0.00406977
internal_weight=1469 374 174 58 200 116 96 75 180 1095 508 587 134 85
internal_count=1469 374 174 58 200 116 96 75 180 1095 508 587 134 85
is_linear=0
shrinkage=0.05


Tree=299
num_leaves=15
num_cat=0
split_feature=4 4 4 8 1 7 7 2 2 2 1 1 1 6
split_gain=1.46467 3.02818 3.72875 3.982 2.47056 3.68765 7.13752 4.59064 9.50866 4.09517 7.52612 3.3855 3.29997 6.19929
threshold=802.3517647058826 709.35833333333346 718.2803333333336 1.5000000000000002 3168.9250000000006 16.151523392498103 1.9303602429088047 1317.7275000000002 670.49300000000005 5370.197000000001 2012.8250000000003 1939.8400000000004 3428.8870000000002 209.15608088523123
decision_type=10 10 10 2 2 10 10 2 2 2 2 2 2 2
left_child=1 4 -3 -4 5 6 7 8 -1 10 -8 -9 13 -6
right_child=-2 2 3 -5 12 -7 9 11 -10 -11 -12 -13 -14 -15
leaf_value=-0.002620972629025645 -0.00094834431200488129 0.0031061597237460516 0.0038360183061216541 -0.0097022136192814867 0.064117569752266831 0.014998398196305685 -0.0025368042133031565 -0.050943473150009889 0.11248871446771842 0.00023639735016309227 -0.056807554060422441 -3.0710897154673235e-06 0.00049302452508690614 -0.060591272088369036
leaf_weight=32 206 22 86 27 29 47 33 50 23 24 30 125 714 21
leaf_count=32 206 22 86 27 29 47 33 50 23 24 30 125 714 21
internal_value=3.40136e-05 0.000672468 0.00772059 0.00394737 -0.000177148 -0.00356164 -0.00550314 -0.000865801 0.0116071 -0.0176136 -0.0242188 -0.00482955 0.00143791 0.0137255
internal_weight=1469 1263 135 113 1128 364 317 230 55 87 63 175 764 50
internal_count=1469 1263 135 113 1128 364 317 230 55 87 63 175 764 50
is_linear=0
shrinkage=0.05


Tree=300
num_leaves=15
num_cat=0
split_feature=4 7 7 7 7 1 1 4 7 7 1 6 7 3
split_gain=1.51619 2.27062 2.98575 3.64021 2.09487 3.62683 2.65776 1.68578 3.82666 4.62113 4.27093 4.96082 3.41619 3.39263
threshold=802.3517647058826 -8.801203531763802 -0.17627563574640701 1.5397259707193387 3.1889350930791562 2982.5300000000002 5964.1000000000013 683.65382352941185 -0.07587153189114558 0.80434149419877532 3021.4000000000001 143.80377173538946 2.478210483745912 101.60173398192426
decision_type=10 10 10 10 10 2 2 10 8 8 2 2 8 2
left_child=7 -2 -3 -4 -5 -6 -7 -1 10 -10 -9 -12 -11 -14
right_child=1 2 3 4 5 6 -8 8 9 12 11 -13 13 -15
leaf_value=-2.9175352296961779e-06 0.032080038942446001 -0.0059017397242960351 0.012199817238965103 -0.0041056635782718348 0.0024673044667376299 -0.058091465690346067 0.00048890265465798553 0.0059635960874904696 -0.020952558675632418 0.0092183287986540071 -0.00724087577845638 0.12307723356696521 -0.0089810357606985719 0.0027004123697030036
leaf_weight=1061 21 38 30 36 23 27 31 20 26 27 23 25 24 57
leaf_count=1061 21 38 30 36 23 27 31 20 26 27 23 25 24 57
internal_value=0.000102041 -0.00386473 -0.00564516 -0.00236486 -0.00635593 -0.00182927 -0.00847458 0.000751582 0.00492611 0 0.0144928 0.00612245 0.00458716 -0.000609756
internal_weight=1469 206 185 147 117 81 58 1263 202 134 68 48 108 81
internal_count=1469 206 185 147 117 81 58 1263 202 134 68 48 108 81
is_linear=0
shrinkage=0.05


Tree=301
num_leaves=15
num_cat=0
split_feature=0 0 0 6 7 7 7 1 1 0 2 6 1 1
split_gain=1.30918 3.89993 2.78171 2.22388 5.45801 3.06812 2.84856 3.33554 2.1625 2.83389 5.15454 2.85957 2.14092 3.68701
threshold=148.70015989502181 155.90488753881877 162.37585100299827 191.44833333333335 1.7751644574621326 2.6231319251495653 3.1020485737129886 1939.8400000000004 3168.9250000000006 104.43486920806252 4108.7650000000003 130.50164285714288 6214.5975000000008 4039.0150000000003
decision_type=2 2 2 2 10 10 10 2 2 2 2 2 2 2
left_child=3 -2 -3 5 -5 -1 -7 -8 -9 -10 -11 -12 13 -4
right_child=1 2 12 4 -6 6 7 8 9 10 11 -13 -14 -15
leaf_value=0.00049028987241935072 0.011078891382361301 -0.027483123144304591 -6.3940728886402462e-05 -0.040484578439258789 0.022449559731119482 -0.006177486580605707 0.01275781003633243 -0.039589232956886038 -0.0022289223954101989 0.21195707145829862 0.0016328038672740409 -0.0090157301899398412 -0.0023845624697717005 0.013438246620396511
leaf_weight=574 54 42 267 34 20 25 27 29 51 20 26 34 98 168
leaf_count=574 54 42 267 34 20 25 27 29 51 20 26 34 98 168
internal_value=0.000102041 0.0018254 0.000607639 -0.00118906 -0.0109091 -0.000508259 -0.0056338 -0.00345745 -0.00621118 -0.00340909 0.00246914 -0.00491803 0.00159176 0.00309633
internal_weight=1469 629 575 840 54 786 212 187 160 131 80 60 533 435
internal_count=1469 629 575 840 54 786 212 187 160 131 80 60 533 435
is_linear=0
shrinkage=0.05


Tree=302
num_leaves=15
num_cat=0
split_feature=3 7 3 2 7 2 1 6 6 7 1 7 6 1
split_gain=1.09992 2.49816 2.41559 3.06134 1.80202 1.75325 1.46214 4.36031 6.59926 3.70037 2.5254 3.58934 2.23832 2.52964
threshold=233.21832234627394 16.151523392498103 293.2257724892998 8562.1150000000016 37.615644771913338 6382.295000000001 3168.9250000000006 180.2192145738899 207.06743041494892 1.7072468449608664 3498.1300000000006 0.56246310572404934 152.32680065938064 2524.2450000000003
decision_type=2 10 2 2 10 2 2 2 2 8 2 8 2 2
left_child=4 2 3 -2 6 -6 7 12 -9 -10 11 -8 -1 -14
right_child=1 -3 -4 -5 5 -7 10 8 9 -11 -12 -13 13 -15
leaf_value=-0.0003346780694135715 0.039950931522419179 0.01887756195511291 -0.089358266485195847 -0.0014940673197052058 0.035915316325920217 -0.14226976097990907 -0.0028172283289736202 -0.22382713429316561 0.14712533369120609 -0.022641378124949197 0.00011267259278433528 0.04656635210594811 -0.00063083505120927689 0.074168406230508993
leaf_weight=285 31 28 33 33 20 21 21 29 20 30 817 47 32 22
leaf_count=285 31 28 33 33 20 21 21 29 20 30 817 47 32 22
internal_value=-0.000102041 0.00436508 0.000510204 0.00615385 -0.000520446 -0.0107143 -0.000191718 -0.0026253 -0.013125 -0.00196078 0.000959368 0.0101449 -0.000147059 0.00909091
internal_weight=1469 125 97 64 1344 41 1303 418 79 50 885 68 339 54
internal_count=1469 125 97 64 1344 41 1303 418 79 50 885 68 339 54
is_linear=0
shrinkage=0.05


Tree=303
num_leaves=15
num_cat=0
split_feature=4 7 4 3 2 4 7 2 4 7 2 0 7 4
split_gain=2.54261 2.71765 2.43567 2.24759 3.41342 2.04414 4.61195 3.32762 1.88531 1.74853 3.37667 3.08218 2.00963 3.34296
threshold=802.3517647058826 29.101130993991273 663.32500000000016 214.33853907676391 5745.4540000000006 626.58264705882368 3.1889350930791562 7441.2300000000005 823.01500000000021 -1.7716516201487946 3943.6200000000003 154.84033636831441 1.1141055494729672 709.35833333333346
decision_type=10 10 10 2 2 10 10 2 10 8 2 2 10 8
left_child=1 2 5 4 -3 -1 7 -7 -2 10 -4 -12 13 -11
right_child=8 3 9 -5 -6 6 -8 -9 -10 12 11 -13 -14 -15
leaf_value=5.576457179047312e-05 -0.0045790822017258096 0.13990938271746498 0.0041957853460763165 0.024554412629637902 -0.080215858835156778 0.020679927371724173 -0.057441323163604001 -0.019304398619115218 -0.00075956728525646835 -0.011754436174001712 -0.023535391789193307 0.058414048801532836 0.0023548345328234443 0.00087950129259764531
leaf_weight=874 20 23 20 23 32 29 28 20 186 28 24 22 108 32
leaf_count=874 20 23 20 23 32 29 28 20 186 28 24 22 108 32
internal_value=0.000306122 0.00114715 0.000548061 0.0101266 0.00446429 -0.000577731 -0.00833333 0.001 -0.00483092 0.00510638 0.0119403 0.00425532 0.00236686 -0.00491803
internal_weight=1469 1263 1185 78 55 951 77 49 206 234 66 46 168 60
internal_count=1469 1263 1185 78 55 951 77 49 206 234 66 46 168 60
is_linear=0
shrinkage=0.05


Tree=304
num_leaves=15
num_cat=0
split_feature=0 0 6 7 0 7 1 2 2 7 2 0 6 8
split_gain=2.30216 2.25406 3.67957 4.73861 2.79745 3.55382 3.84091 2.99493 2.77489 2.37762 3.4926 2.65793 2.31691 1.74352
threshold=142.72869666639579 131.8698843988814 126.01850728199803 -5.6623056342042455 129.11879254932379 12.585515333991745 4870.3100000000013 5572.6300000000001 4947.2850000000008 -4.6811170157939577 7985.6630000000014 101.42295973349566 98.505629590393951 1.5000000000000002
decision_type=2 2 2 10 2 10 2 2 2 10 2 2 2 2
left_child=1 4 -3 -4 5 7 -7 13 -5 11 -11 -9 -12 -1
right_child=-2 2 3 8 -6 6 -8 9 -10 10 12 -13 -14 -15
leaf_value=-0.0010988905022338482 0.0014872478155381287 0.019086834735316652 -0.14517678606576229 0.0051311201992975926 0.02554685543728398 0.0022062808534537627 -0.0095609296839897391 -0.079395047756546544 -0.02038615794601242 0.010324313774247624 0.0039156706595247781 0.057751130587436222 -0.0012577356004689845 0.00092719406387332677
leaf_weight=304 677 22 27 20 24 22 21 27 21 35 20 38 22 189
leaf_count=304 677 22 27 20 24 22 21 27 21 35 20 38 22 189
internal_value=0.000442177 -0.00138714 -0.00879121 -0.0144928 -0.000426743 -0.00103093 -0.0147727 -7.86164e-05 -0.00357143 0.00629371 0.0121795 -0.000757576 0.00232558 -0.00192308
internal_weight=1469 792 90 68 702 678 43 635 41 142 77 65 42 493
internal_count=1469 792 90 68 702 678 43 635 41 142 77 65 42 493
is_linear=0
shrinkage=0.05


Tree=305
num_leaves=15
num_cat=0
split_feature=0 0 4 4 4 7 6 6 6 0 0 4 1 0
split_gain=2.7621 2.71404 2.76189 2.64793 3.1006 3.23533 3.00826 5.35216 2.47937 3.96764 2.40673 2.43525 2.23225 2.02224
threshold=142.72869666639579 131.8698843988814 829.45000000000016 319.38000000000005 341.00500000000005 12.240576446122811 159.56052912081546 175.66469361510443 126.01850728199803 98.093732484059231 102.55821665342593 245.22000000000006 7173.3250000000016 52.327893302926931
decision_type=2 2 8 10 10 8 2 2 2 2 2 10 2 2
left_child=1 3 -3 10 -5 6 8 -8 -6 -10 11 12 -1 -14
right_child=-2 2 -4 4 5 -7 7 -9 9 -11 -12 -13 13 -15
leaf_value=0.0052616252235966315 0.0014128854247612123 -0.00045358231179677829 -0.059949917156775404 -0.0018079099550954967 -7.8667256683567787e-06 -0.0038000870835661615 0.060816627829468686 -0.0043522725099621965 0.00050866062150207514 -0.037484448385426382 0.09650694713299135 0.0042262061647999564 -0.00023666168223577811 -0.19476563991404025
leaf_weight=100 677 50 40 24 242 43 34 43 36 49 61 28 20 22
leaf_count=100 677 50 40 24 242 43 34 43 36 49 61 28 20 22
internal_value=0.000238095 -0.00176545 -0.00989011 -0.000711238 -0.00286017 -0.00189732 -0.000493827 0.00833333 -0.00259146 -0.00988372 0.00366379 0.000584795 -0.0020979 -0.0116279
internal_weight=1469 792 90 702 471 447 404 77 327 85 231 170 142 42
internal_count=1469 792 90 702 471 447 404 77 327 85 231 170 142 42
is_linear=0
shrinkage=0.05


Tree=306
num_leaves=15
num_cat=0
split_feature=0 0 4 6 1 6 4 4 4 1 6 0 0 6
split_gain=3.10245 2.90574 2.09727 1.85862 3.17229 2.3733 1.73021 3.09145 3.27113 2.07088 2.22762 5.98654 4.6019 2.86678
threshold=148.70015989502181 153.73075490806181 270.53000000000003 191.44833333333335 4089.9100000000003 182.70934744396683 794.40166666666676 592.06000000000017 525.67500000000007 5803.6450000000013 157.5300908413852 215.32636209361542 174.33168601586257 211.59180660902788
decision_type=2 2 8 2 2 2 10 10 10 2 2 2 2 2
left_child=3 -2 -3 5 -5 -1 7 8 -4 10 -9 12 -12 -13
right_child=1 2 6 4 -6 -7 -8 9 -10 -11 11 13 -14 -15
leaf_value=-0.00038022435151276597 0.010423468652406821 -0.043762957819572339 0.0031543258340676148 -0.039079798726609077 0.0067807171203596896 0.1154000504509427 -0.016393357458796321 0.019500924341122997 -0.0054731936858898617 -0.0024958974834942585 0.0060087876159465705 0.18577844891531958 -0.24913327930056783 0.0098447294517208586
leaf_weight=761 36 22 294 34 20 25 36 39 54 45 24 26 20 33
leaf_count=761 36 22 294 34 20 25 36 39 54 45 24 26 20 33
internal_value=-3.40136e-05 0.00261905 0.00176768 -0.0020214 -0.0109091 -0.00139771 0.00236014 0.00307836 0.000286533 0.00824468 0.0111888 0.00721154 -0.00666667 0.0175
internal_weight=1469 629 593 840 54 786 571 535 348 187 142 103 44 59
internal_count=1469 629 593 840 54 786 571 535 348 187 142 103 44 59
is_linear=0
shrinkage=0.05


Tree=307
num_leaves=15
num_cat=0
split_feature=0 3 3 2 2 0 7 6 0 0 6 7 2 2
split_gain=2.1078 2.94759 3.02665 4.7067 3.55764 3.79828 4.27253 3.51576 2.75222 2.73351 2.93587 2.55849 3.44123 5.37198
threshold=142.72869666639579 138.34682775243172 146.97570957925805 2691.6020000000003 6444.8065000000006 184.09331087827584 8.5652508453472453 218.43771301612728 197.55163591670637 159.34985184486382 164.37484225428872 12.802152586572463 6631.7405000000008 3753.9800000000005
decision_type=2 2 2 2 2 2 8 2 2 2 2 10 2 2
left_child=-1 11 9 -4 7 6 -6 -5 -7 10 -3 12 13 -2
right_child=1 2 3 4 5 8 -8 -9 -10 -11 -12 -13 -14 -15
leaf_value=-0.00055792155587194587 0.082496430898743534 -0.045661252782891119 0.17379659949452778 -0.020243956828874241 0.034212537959499065 -0.0029777159402691214 -0.00081872730771882785 0.011891009283882021 0.003167782905479677 -0.090108889346026705 0.036391147960028514 -0.00099123653512026575 0.00081737952578181676 0.11116179352949884
leaf_weight=792 22 25 23 101 34 35 30 35 233 26 21 21 49 22
leaf_count=792 22 25 23 101 34 35 30 35 233 26 21 21 49 22
internal_value=-0.000646259 0.00140118 -8.86525e-05 0.00132114 0.00021322 0.003003 0.0138462 -0.00656934 0.000371747 -0.00958904 -0.00212766 0.00869565 0.012234 0.0222222
internal_weight=1469 677 563 491 468 332 64 136 268 72 46 114 93 44
internal_count=1469 677 563 491 468 332 64 136 268 72 46 114 93 44
is_linear=0
shrinkage=0.05


Tree=308
num_leaves=15
num_cat=0
split_feature=4 4 3 0 0 3 2 6 2 4 0 6 4 4
split_gain=1.20094 3.67232 3.54903 2.28371 2.02721 8.41067 4.57543 4.13022 3.61977 3.07754 2.71854 3.68717 2.37204 2.28363
threshold=598.51382352941187 605.50500000000022 265.54264759889128 52.327893302926931 148.70015989502181 138.34682775243172 3878.2615000000001 187.86660416666672 4947.2850000000008 623.58970588235309 131.8698843988814 152.61783064946061 663.32500000000016 718.2803333333336
decision_type=8 8 2 2 2 2 2 2 2 8 2 2 8 8
left_child=2 -2 3 -1 7 -6 -7 10 -8 -10 11 12 -3 -14
right_child=1 4 -4 -5 5 6 8 -9 9 -11 -12 -13 13 -15
leaf_value=0.00074970418790332519 0.0093898937249205176 -0.034113108951744964 0.015175620753719365 -0.001962044917003847 0.033917449912228691 0.12890462100740901 -0.052647490870519224 -0.05051444263857096 0.026058834071298578 -0.00082783979029536639 -0.014051075048410811 0.025768022201976673 0.0018060705449749583 -0.00049895787406470935
leaf_weight=36 21 38 48 478 26 39 24 20 22 216 84 40 48 329
leaf_count=36 21 38 48 478 26 39 24 20 22 216 84 40 48 329
internal_value=-0.00085034 0.00027533 -0.0026643 -0.0038835 -0.000225479 0.00289634 0.000496689 -0.00205357 -0.00190114 0 -0.0012037 0.000328947 -0.00108173 0.000132275
internal_weight=1469 907 562 514 886 327 301 559 262 238 539 455 415 377
internal_count=1469 907 562 514 886 327 301 559 262 238 539 455 415 377
is_linear=0
shrinkage=0.05


Tree=309
num_leaves=15
num_cat=0
split_feature=6 7 8 6 2 7 2 0 0 6 6 7 6 2
split_gain=1.67122 3.59789 3.32429 1.85594 2.32288 1.5537 3.71595 4.41887 4.34493 3.16034 3.74207 4.78973 4.64744 2.94183
threshold=241.26640339305658 2.278513062942999 1.5000000000000002 227.48708431902847 6729.0650000000014 1.7072468449608664 4712.5600000000004 60.878000000000007 86.108218339752128 214.57580423236851 191.44833333333335 -17.959329216237979 187.40229408148025 5418.7000000000016
decision_type=2 10 2 2 2 10 2 2 2 2 2 10 2 2
left_child=3 2 -2 5 -5 9 7 -7 -9 10 12 -12 -1 -8
right_child=1 -3 -4 4 -6 6 13 8 -10 -11 11 -13 -14 -15
leaf_value=-8.5296405741211453e-05 -0.012276726502927549 0.022106798861477706 0.14749621542252564 -0.00034196244463188254 -0.14525498649244536 0.0053622163313892914 0.011293460429024384 -0.0049838621404233955 -0.0031155290931424331 0.10947630329807111 -0.0015406769726511783 -0.1727292423010004 0.13549918715888429 -0.00039335429933812785
leaf_weight=672 37 37 26 20 20 28 36 38 175 32 44 22 30 252
leaf_count=672 37 37 26 20 20 28 36 38 175 32 44 22 30 252
internal_value=-0.0012585 0.0049505 -0.00234375 -0.00171533 -0.0121951 -0.00139098 -0.00349057 -0.00805785 -0.010514 0 -0.000650195 -0.0119403 0.000426743 0.000346021
internal_weight=1469 100 63 1369 40 1329 529 241 213 800 768 66 702 288
internal_count=1469 100 63 1369 40 1329 529 241 213 800 768 66 702 288
is_linear=0
shrinkage=0.05


Tree=310
num_leaves=15
num_cat=0
split_feature=3 1 1 4 7 1 3 6 6 7 1 6 6 7
split_gain=1.99078 2.86972 3.71676 3.53141 2.45243 2.54569 1.81685 1.63241 2.1014 4.59088 2.36643 4.59241 2.61162 2.52128
threshold=204.61026134758544 1885.7 2294.6950000000002 309.24500000000006 29.101130993991273 3388.1150000000002 225.2859932048697 250.98244478577615 183.43041353380798 -15.012067136824411 5164.0225 200.98563697741199 213.71465235211417 0.27950259011122119
decision_type=2 2 2 10 8 2 2 2 2 8 2 2 2 10
left_child=7 -2 -3 -4 5 -5 -7 8 -1 -10 11 -11 -13 -12
right_child=1 2 3 4 -6 6 -8 -9 9 10 13 12 -14 -15
leaf_value=-0.00029064785953158978 -0.18392574537929135 0.12205287613364157 -0.053184980673300367 -0.0099022886659574823 0.048550608929010419 0.022420553236977493 0.0053498352361286087 0.020266646958116155 0.032842119431014852 -0.22058957750585251 0.032792580473053848 0.001800848445711445 -0.035742902586244789 -0.0045895438961679842
leaf_weight=1029 22 21 44 31 25 24 38 30 37 35 29 25 45 34
leaf_count=1029 22 21 44 31 25 24 38 30 37 35 29 25 45 34
internal_value=-0.000918367 0.00364078 0.00570652 0.00306748 0.00756303 0.0037234 0.00952381 -0.00166008 -0.00194332 -0.0065534 -0.0100592 -0.0146226 -0.00704225 -0.00234375
internal_weight=1469 205 183 162 118 93 62 1264 1234 205 168 105 70 63
internal_count=1469 205 183 162 118 93 62 1264 1234 205 168 105 70 63
is_linear=0
shrinkage=0.05


Tree=311
num_leaves=15
num_cat=0
split_feature=6 7 1 4 4 7 2 4 0 4 7 4 6 7
split_gain=2.31449 2.63952 4.19387 1.57762 1.96401 1.84091 1.76888 3.03931 2.41723 1.86785 6.93248 3.21096 3.08564 3.01884
threshold=241.26640339305658 1.5397259707193387 3284.1650000000004 245.22000000000006 291.58676470588244 0.80434149419877532 670.49300000000005 829.45000000000016 48.66978492107264 448.45500000000004 -1.3918032258628157 424.42235294117654 147.99687029128944 1.7751644574621326
decision_type=2 8 2 8 8 10 2 8 2 8 10 10 2 10
left_child=3 -2 -3 5 -5 -1 7 -6 -8 10 12 13 -10 -12
right_child=1 2 -4 4 6 -7 8 -9 9 -11 11 -13 -14 -15
leaf_value=0.00028779014246473891 -0.0059801009683144619 0.00031258378949241552 0.09494846724226727 0.012445080617986538 -0.0077911240298360832 -0.0045972734938636703 0.01340804733687836 0.010633522501868132 -0.0044816231729587486 -0.00053546531344518468 0.013290886416993986 0.090657786329321755 -0.0047567787449150694 0.00017203478745841106
leaf_weight=22 44 31 25 27 23 21 21 25 21 1052 20 20 37 80
leaf_count=22 44 31 25 27 23 21 21 25 21 1052 20 20 37 80
internal_value=-0.00037415 0.00693069 0.0140351 -0.000912409 -0.000602864 -0.0102273 -0.000884615 -0.0102041 -0.000519169 -0.000812348 0.00391061 0.0107438 -0.0101695 0.00693069
internal_weight=1469 100 56 1369 1326 43 1299 48 1251 1230 178 120 58 100
internal_count=1469 100 56 1369 1326 43 1299 48 1251 1230 178 120 58 100
is_linear=0
shrinkage=0.05


Tree=312
num_leaves=15
num_cat=0
split_feature=7 7 7 2 8 2 7 1 1 1 0 0 0 4
split_gain=2.14918 5.07937 1.82893 2.23231 4.56866 8.09583 4.96236 3.54711 5.3531 3.26096 3.89389 4.99745 2.96054 2.87068
threshold=30.201806978352668 36.470820097827506 1.7072468449608664 4300.6800000000012 1.5000000000000002 5509.005000000001 -14.279632867178028 5623.8925000000008 4764.2660000000005 10865.700000000003 106.95460146899106 153.38675540774361 140.93782093604449 722.25000000000011
decision_type=10 10 10 2 2 2 10 2 2 2 2 2 2 8
left_child=2 -2 3 13 5 -5 7 8 -6 10 -7 12 -12 -1
right_child=1 -3 -4 4 6 9 -8 -9 -10 -11 11 -13 -14 -15
leaf_value=0.0016328962150213345 0.12296018894040875 -0.0004431400002926245 -0.00068708437295753738 -0.028839790465233252 -0.00042843950142557041 0.0034736644164951262 0.061740060137247248 -0.030466882954267582 0.41465692236357088 -0.0018575167099578454 -0.0014385397959621683 0.0011992311561749515 -0.12131437630002991 -0.00044312878169578963
leaf_weight=174 20 60 502 48 79 23 27 88 34 21 31 135 24 203
leaf_count=174 20 60 502 48 79 23 27 88 34 21 31 135 24 203
internal_value=-0.000510204 0.00740741 -0.000971223 0.000394144 -0.00176125 -0.00600707 0.00349345 0.000742574 0.00657895 -0.00212766 -0.000233645 -0.0026178 -0.0151786 0.00330688
internal_weight=1469 80 1389 887 510 282 228 201 113 234 213 190 55 377
internal_count=1469 80 1389 887 510 282 228 201 113 234 213 190 55 377
is_linear=0
shrinkage=0.05


Tree=313
num_leaves=15
num_cat=0
split_feature=3 6 3 2 2 7 7 6 6 0 7 2 2 7
split_gain=1.81382 1.68172 1.95117 2.28285 2.67885 1.54394 3.60622 2.00151 1.57839 3.91502 3.19898 3.60507 4.76023 2.71312
threshold=233.21832234627394 298.28141587658195 293.2257724892998 8485.1200000000008 13189.475 1.7072468449608664 1.0516792073037247 221.73572678780906 131.7512634858416 136.67818159399661 7.0165017145699915 3194.9150000000004 6024.1975000000011 12.585515333991745
decision_type=2 2 2 2 2 10 10 2 2 2 10 2 2 10
left_child=5 2 3 -2 -5 6 -1 8 9 -7 11 -10 -13 -12
right_child=1 -3 -4 4 -6 7 -8 -9 10 -11 13 12 -14 -15
leaf_value=-0.0004761069692646558 0.041612346166108427 0.058170410534351152 -0.13147482437621169 -0.071821846969170475 0.0069712786123234064 -0.00039400190164795898 0.0020896767084912123 0.0031837618510425743 -0.050503455455660665 0.0085143233450356553 0.012756848687025714 0.0019402727170020535 -0.012630402449982193 -0.0037799135401972331
leaf_weight=771 33 22 27 22 21 158 47 38 22 32 58 54 47 117
leaf_count=771 33 22 27 22 21 158 47 38 22 32 58 54 47 117
internal_value=-0.000578231 0.00515873 0.00240385 0.00649351 -0.00113636 -0.00111524 0.0002442 -0.00322581 -0.00408998 -0.00052356 -0.00635452 -0.0125 -0.00833333 -0.00198864
internal_weight=1469 125 103 76 43 1344 818 526 488 190 298 123 101 175
internal_count=1469 125 103 76 43 1344 818 526 488 190 298 123 101 175
is_linear=0
shrinkage=0.05


Tree=314
num_leaves=15
num_cat=0
split_feature=7 7 7 6 7 7 3 1 7 7 3 7 7 6
split_gain=1.04726 3.59804 2.86028 2.55097 1.68319 2.00479 2.14917 3.04762 2.93693 4.37087 3.52121 3.70497 2.70717 1.98738
threshold=-22.214310501880906 -16.788651926845358 -14.279632867178028 190.08105851215348 -7.3378224535427483 -5.6623056342042455 31.140942381968749 7685.4550000000008 -0.84305986674137745 -0.33734789276833149 120.11027812795173 -2.4631920914636818 0.17992582467158871 138.44905569048538
decision_type=8 8 8 2 8 8 2 2 8 8 2 10 8 2
left_child=3 -2 -3 -1 13 -6 7 -7 10 -10 -8 -12 -11 -4
right_child=1 2 4 -5 5 6 8 -9 9 12 11 -13 -14 -15
leaf_value=-0.023196890295209195 0.031168947262848537 -0.018545937954440317 0.056747415069445639 0.0066227146817072315 -0.0047078367896141067 -0.0027166343584313305 -6.6205879423186786e-05 -0.00022056975205101277 -0.086131597899959389 0.0023422552178124002 0.010201530474379189 0.10128058329677746 -0.00034590253696865778 0.0033237865441336058
leaf_weight=47 35 20 23 33 35 26 72 36 25 40 32 20 978 47
leaf_count=47 35 20 23 33 35 26 72 36 25 40 32 20 978 47
internal_value=-0.000646259 -0.000323741 -0.000738007 -0.00617284 -0.000449438 -0.000869565 -0.000528455 -0.00952381 -4.28082e-05 -0.000909962 0.0072 0.0169811 -0.000392542 0.00704225
internal_weight=1469 1389 1354 80 1334 1264 1229 62 1167 1043 124 52 1018 70
internal_count=1469 1389 1354 80 1334 1264 1229 62 1167 1043 124 52 1018 70
is_linear=0
shrinkage=0.05


Tree=315
num_leaves=15
num_cat=0
split_feature=4 8 4 4 4 6 4 6 1 4 1 6 6 6
split_gain=0.986815 1.21341 5.33155 1.95734 3.39374 2.22216 2.13017 3.19516 3.66656 2.58447 2.16333 1.91629 4.13638 3.39372
threshold=207.86500000000004 1.5000000000000002 333.25500000000005 427.14500000000004 611.0250000000002 171.96309772705803 891.35333333333335 132.24804635709663 5352.3400000000011 1075.5650000000003 2791.8700000000003 133.95485005864214 138.44905569048538 129.30283123427753
decision_type=8 2 8 8 8 2 8 2 2 8 2 2 2 2
left_child=-1 11 -3 -4 5 -5 7 10 -9 -8 -6 13 -13 -2
right_child=1 2 3 4 6 -7 9 8 -10 -11 -12 12 -14 -15
leaf_value=-0.0042954761243372205 -0.0002633496128529256 0.016874527124134352 -0.0040528178900500868 0.0022768804431557376 -0.00025855071168940925 0.41423425394704871 0.0089979952265111501 0.025067334415948231 -0.022964378292480728 0.00098578489363926325 -0.042955484911115296 -0.044783772498450211 -0.0012665779966255066 0.0042964143155849845
leaf_weight=30 293 29 34 31 25 34 22 38 23 300 23 29 525 33
leaf_count=30 293 29 34 31 25 34 22 38 23 300 23 29 525 33
internal_value=-0.00085034 -0.000659722 0.00116071 0 0.000804829 0.0113636 -0.000810185 -0.00681818 0.000806452 0.00123839 -0.0163265 -0.00181612 -0.0036036 0.00122324
internal_weight=1469 1439 559 530 496 65 431 109 61 322 48 880 554 326
internal_count=1469 1439 559 530 496 65 431 109 61 322 48 880 554 326
is_linear=0
shrinkage=0.05


Tree=316
num_leaves=15
num_cat=0
split_feature=2 7 0 6 7 2 2 0 0 7 7 0 2 2
split_gain=1.07418 3.81496 4.64069 4.00465 2.81217 2.5063 3.7701 2.34106 5.17128 3.94053 4.02921 3.70095 2.26427 1.91173
threshold=1709.3600000000004 1.2971907283884152 94.801058589234387 66.643298962090384 3.1020485737129886 2081.8200000000002 2262.2800000000002 88.311357823461364 92.700409656094152 0.27950259011122119 1.2363965132930945 63.857636496000559 5154.6450000000013 741.17000000000007
decision_type=2 8 2 2 10 2 2 2 2 8 10 2 2 2
left_child=1 2 -1 -3 13 -2 -7 9 -9 11 -11 -8 -12 -5
right_child=5 3 -4 4 -6 6 7 8 -10 10 12 -13 -14 -15
leaf_value=7.2921391091773646e-05 -0.0031951912279078289 0.06668751973774488 0.0093981973924352966 -0.072009122451242177 0.0014292169931820365 0.022784887264651943 0.0047156296896602029 0.047284452118615899 -0.0010021925212165383 -0.19009460228033387 -0.0039619576486018106 -0.0018447808062446933 0.0082261403783279018 -0.010629277935480914
leaf_weight=59 60 28 38 21 43 30 20 20 987 33 21 29 21 59
leaf_count=59 60 28 38 21 43 30 20 20 987 33 21 29 21 59
internal_value=-0.000986395 0.00200803 0.00969388 -0.00296053 -0.00685484 -0.00159574 -0.00107573 -0.00154594 -0.000744048 -0.008 -0.0151316 0.003 -0.00465116 -0.0123457
internal_weight=1469 248 97 151 123 1221 1161 1131 1007 124 75 49 42 80
internal_count=1469 248 97 151 123 1221 1161 1131 1007 124 75 49 42 80
is_linear=0
shrinkage=0.05


Tree=317
num_leaves=15
num_cat=0
split_feature=0 0 4 4 7 4 6 7 0 3 6 6 7 7
split_gain=2.23035 3.47176 1.34718 2.47844 3.03931 2.72132 4.52348 1.40137 3.7404 5.55093 3.23642 2.0606 2.90652 3.34342
threshold=53.038725717791621 30.074703209716684 207.86500000000004 295.13000000000005 3.2524522884765052 325.07068393896151 162.2050845512716 -14.279632867178028 170.22632816182804 168.20607557522325 160.70179291149779 157.5300908413852 -8.801203531763802 -4.6811170157939577
decision_type=2 2 8 8 8 8 2 8 2 2 2 2 8 8
left_child=1 -1 -2 4 -4 6 -5 8 10 -10 -7 -9 -13 -14
right_child=2 -3 3 5 -6 7 -8 11 9 -11 -12 12 13 -15
leaf_value=-0.001166829041386093 -0.0043636268964125091 0.0044603950219384266 -0.00067160533067063273 -0.0055395223261002881 0.044075895856785667 -0.21032736358024789 0.011601255380222298 0.00058802332092962317 0.10617081880176077 -0.019444908559672659 -0.00098656642204898444 0.022510988640668739 -0.044691416239688399 -0.0023752941956540711
leaf_weight=24 22 54 25 21 23 30 23 684 20 32 32 25 25 429
leaf_count=24 22 54 25 21 23 30 23 684 20 32 32 25 25 429
internal_value=-0.000578231 0.00759494 -0.00104167 -0.000839416 0.0102041 -0.00124811 -0.0133333 -0.000821596 -0.00608696 0.00377358 -0.0142857 -0.000300687 -0.0028125 -0.00373626
internal_weight=1469 78 1391 1369 48 1321 44 1277 114 52 62 1163 479 454
internal_count=1469 78 1391 1369 48 1321 44 1277 114 52 62 1163 479 454
is_linear=0
shrinkage=0.05


Tree=318
num_leaves=15
num_cat=0
split_feature=0 0 4 7 4 2 2 7 4 4 0 2 2 2
split_gain=1.56176 3.25031 1.50725 1.39394 3.43783 2.97976 4.19594 2.14071 2.02407 3.17814 4.32089 2.86573 4.59412 3.80808
threshold=53.038725717791621 32.924709631785383 713.05500000000018 5.2338214273377313 1024.7650000000003 15219.495000000001 13381.010000000002 4.6419054947910476 319.38000000000005 448.45500000000004 153.73075490806181 2607.9100000000003 6888.5650000000014 6220.4350000000004
decision_type=2 2 10 10 10 2 2 10 10 10 2 2 2 2
left_child=1 -1 -3 4 5 6 7 -2 -5 10 -10 -11 13 -13
right_child=3 2 -4 8 -6 -7 -8 -9 9 11 -12 12 -14 -15
leaf_value=-0.00051030091983464562 -0.00020157618343942115 0.0067496696518726355 0.00078527073955007582 -0.012654020142841916 0.010324261784525834 0.017932219587925815 -0.014943070802471549 0.0021129307771020345 -0.0010582275576807132 0.012660227632801774 0.055708918340615199 -0.0039118301173252995 -4.9266061965173863e-05 -0.31763054849523037
leaf_weight=30 920 26 22 37 23 22 37 23 30 32 36 89 122 20
leaf_count=30 920 26 22 37 23 22 37 23 30 32 36 89 122 20
internal_value=-0.000510204 0.00632911 0.0142857 -0.000897989 4.87329e-05 -0.000398804 -0.000815494 -0.000158898 -0.00354223 -0.00227273 0.00746269 -0.00473485 -0.00668103 -0.0140909
internal_weight=1469 78 48 1391 1025 1002 980 943 366 329 66 263 231 109
internal_count=1469 78 48 1391 1025 1002 980 943 366 329 66 263 231 109
is_linear=0
shrinkage=0.05


Tree=319
num_leaves=15
num_cat=0
split_feature=0 0 4 4 7 6 4 4 1 3 0 3 7 6
split_gain=1.50032 3.25031 1.56347 5.71868 4.57709 6.13232 3.70975 3.26844 2.7785 2.25393 6.66689 2.92536 4.37646 6.60811
threshold=53.038725717791621 32.924709631785383 592.06000000000017 579.06264705882359 -17.040586077334545 190.50377152995756 548.90500000000009 605.50500000000022 4463.2200000000012 188.79303835825175 286.06312190908818 172.58526632276241 6.371507140469185 193.51471523307157
decision_type=2 2 8 10 10 2 10 8 2 2 2 2 10 2
left_child=1 -1 3 4 5 -2 9 -4 -8 11 -11 12 -6 -14
right_child=2 -3 7 -5 6 -7 8 -9 -10 10 -12 -13 13 -15
leaf_value=-0.00048478587384291339 -0.037734943184052724 0.0045135134967613753 0.01294336866265617 -0.040649363321040466 0.0016256645538267585 0.0050478302546902443 0.052781928367135106 -0.00017505111412835506 0.00059785859095843892 -0.024922877121148924 0.0094608748410366823 0.057693034063212315 -0.019236756536875083 0.0076050562288419226
leaf_weight=30 39 48 42 31 158 32 22 847 25 46 49 20 58 22
leaf_count=30 39 48 42 31 158 32 22 847 25 46 49 20 58 22
internal_value=-0.00037415 0.00632911 -0.00075431 -0.00298211 -0.00158898 -0.0131944 0.000498753 0.000505618 0.0135417 -0.00127119 -0.0078125 0.0011583 -0.00041841 -0.00987654
internal_weight=1469 78 1391 502 471 71 400 889 47 353 95 258 238 80
internal_count=1469 78 1391 502 471 71 400 889 47 353 95 258 238 80
is_linear=0
shrinkage=0.05


Tree=320
num_leaves=15
num_cat=0
split_feature=6 6 4 0 4 1 4 4 6 2 4 6 2 4
split_gain=1.68097 3.44511 3.71753 1.92811 1.71031 3.05751 3.13403 2.19145 2.08177 2.06616 4.61674 2.93994 2.70074 5.63085
threshold=157.5300908413852 152.32680065938064 592.06000000000017 204.31947867024365 359.11000000000007 3388.1150000000002 309.24500000000006 389.46500000000003 250.98244478577615 10023.938500000002 500.00500000000011 215.28504985170073 8233.385000000002 630.7700000000001
decision_type=2 2 8 2 8 2 10 8 2 2 8 2 2 8
left_child=1 3 -3 -1 5 6 -2 -6 9 12 -11 -12 -9 -14
right_child=4 2 -4 -5 7 -7 -8 8 -10 10 11 -13 13 -15
leaf_value=6.7237716519064072e-05 -0.0097808649858129662 0.00049837398958114953 0.25518482773824602 0.018011830700988173 -0.0068618000218504619 0.023056823779681997 0.0060634896769439289 -0.0017408812758316185 0.039436545117079988 0.13484437859969364 -0.019976293676262993 0.014791113308228181 -0.12577555246688751 0.016010305792360714
leaf_weight=775 39 27 21 23 25 33 28 297 26 25 73 22 33 22
leaf_count=775 39 27 21 23 25 33 28 297 26 25 73 22 33 22
internal_value=-3.40136e-05 0.00141677 0.0142857 0.000625782 -0.00200321 0.0039604 -0.00220588 -0.00314885 -0.00240481 -0.00317125 0.00247934 -0.00260417 -0.00509915 -0.0151786
internal_weight=1469 846 48 798 623 100 67 523 498 472 120 95 352 55
internal_count=1469 846 48 798 623 100 67 523 498 472 120 95 352 55
is_linear=0
shrinkage=0.05


Tree=321
num_leaves=15
num_cat=0
split_feature=0 3 3 4 7 7 0 7 7 7 7 2 4 2
split_gain=1.42121 2.83374 4.69551 2.01366 2.89372 2.05148 1.61815 1.92405 3.50626 3.38649 1.88718 2.10976 1.46599 1.35281
threshold=222.72964531768312 202.09232806253314 133.20463420664996 641.70000000000016 25.811925203047732 8.5652508453472453 215.32636209361542 12.802152586572463 17.57798514788065 10.919498726729765 21.217470096449947 5370.197000000001 593.36500000000012 11813.235000000002
decision_type=2 2 2 10 10 10 2 10 10 10 10 2 10 2
left_child=6 2 -2 4 5 12 7 9 -9 -1 -10 -12 13 -3
right_child=1 3 -4 -5 -6 -7 -8 8 10 -11 11 -13 -14 -15
leaf_value=0.00017138367270627675 7.0534317345744002e-05 -0.026895895127908423 -0.093309473339344348 0.037147368208866417 0.0086846566151376533 -0.0036204419919610323 0.20017806385472819 -0.036114693297056792 0.013757666150239945 0.0046272166708095424 0.0091132939754809735 -0.049761738572148766 0.027406052012588878 0.0064353298535488939
leaf_weight=1033 23 78 25 22 29 23 27 38 26 21 31 33 22 38
leaf_count=1033 23 78 25 22 29 23 27 38 26 21 31 33 22 38
internal_value=-0.000102041 -0.00344828 -0.0142857 -0.000938967 -0.0026178 -0.00524691 0.000619835 0.000338123 -0.00542636 0.00104265 0 -0.00461538 -0.0028777 -0.00512821
internal_weight=1469 260 48 212 190 161 1209 1182 128 1054 90 64 138 116
internal_count=1469 260 48 212 190 161 1209 1182 128 1054 90 64 138 116
is_linear=0
shrinkage=0.05


Tree=322
num_leaves=15
num_cat=0
split_feature=3 3 5 7 7 1 6 1 1 1 1 7 3 6
split_gain=1.18621 2.95011 2.38658 2.89466 2.8704 3.32209 2.69951 4.12576 1.31986 6.08718 4.98796 3.41404 4.6506 6.10339
threshold=60.658776244652024 57.277597887571979 2.5000000000000004 2.7023245455265656 0.1500464045024579 4855.4300000000012 66.643298962090384 3891.1085000000003 3168.9250000000006 3021.4000000000001 3335.1750000000006 -0.07587153189114558 152.58349205656336 170.44456831331431
decision_type=2 2 2 10 10 2 2 2 2 2 2 8 2 2
left_child=1 2 3 4 6 -6 -1 -8 9 11 -10 -2 13 -13
right_child=8 -3 -4 -5 5 -7 7 -9 10 -11 -12 12 -14 -15
leaf_value=0.0023500630917058229 0.0075397793616880406 0.020818838684404945 0.013628424554554564 -0.0038976563416322388 0.0047737040453254059 0.00051523511154172037 -0.044611175236663601 0.0025556729745423281 0.019418965391116361 -0.026347209503346514 6.700760147845819e-05 -0.0011513128306818276 0.00056878971061807566 -0.19178494298395965
leaf_weight=35 88 24 24 31 22 26 22 20 31 31 809 177 109 20
leaf_count=35 88 24 24 31 22 26 22 20 31 31 809 177 109 20
internal_value=0.00037415 0.00390244 0.00165746 -0.000636943 0.00277778 0.0122449 -0.00320513 -0.0116279 -0.000197472 -0.00246479 0.000951249 -0.000759494 -0.00325733 -0.00782828
internal_weight=1469 204 180 156 125 48 77 42 1265 425 840 394 306 197
internal_count=1469 204 180 156 125 48 77 42 1265 425 840 394 306 197
is_linear=0
shrinkage=0.05


Tree=323
num_leaves=15
num_cat=0
split_feature=0 0 4 4 4 1 4 1 1 1 3 3 4 7
split_gain=1.21144 3.25031 1.58275 2.04148 3.03562 2.30701 1.31363 1.12975 5.56282 4.64036 3.83723 2.86993 3.86037 3.3774
threshold=53.038725717791621 32.924709631785383 207.86500000000004 295.13000000000005 309.24500000000006 3021.4000000000001 291.58676470588244 3168.9250000000006 3428.8870000000002 3021.4000000000001 157.99212445944744 152.58349205656336 502.55000000000001 -0.48681300393325694
decision_type=2 2 8 8 8 2 10 2 2 2 2 2 8 8
left_child=1 -1 -2 5 -5 -4 -3 9 10 11 -9 12 -6 -14
right_child=2 6 3 4 7 -7 -8 8 -10 -11 -12 -13 13 -15
leaf_value=-0.00054411010469322403 -0.0033331360112719647 0.026328632959254153 0.074390614099813873 -0.0086459072632294135 -0.11112947992438951 -8.5355444756485274e-05 0.00057766981061289642 0.038810126992233039 8.5770352350467149e-06 -0.035176341587915119 0.0028190617576886903 0.007609420225421726 0.0094252477718206312 -0.00123738030258381
leaf_weight=30 22 20 22 20 20 26 28 32 819 31 27 110 46 216
leaf_count=30 22 20 22 20 20 26 28 32 819 31 27 110 46 216
internal_value=0.000306122 0.00632911 -3.59195e-05 0.000182482 -0.000189107 0.0102041 0.0142857 0.000115207 0.00113766 -0.00200472 0.0158333 -0.000508906 -0.00318021 -0.00152091
internal_weight=1469 78 1391 1369 1321 48 48 1301 878 423 59 392 282 262
internal_count=1469 78 1391 1369 1321 48 48 1301 878 423 59 392 282 262
is_linear=0
shrinkage=0.05


Tree=324
num_leaves=15
num_cat=0
split_feature=0 0 4 4 6 4 4 1 1 3 1 1 5 3
split_gain=1.23896 3.25031 1.56532 1.31363 1.08261 2.08483 2.06888 1.13677 4.8231 3.43993 1.90054 2.28051 2.07798 4.42459
threshold=53.038725717791621 32.924709631785383 207.86500000000004 291.58676470588244 55.321472938507412 295.13000000000005 314.77441176470592 3197.9945000000002 3428.8870000000002 140.81887640343473 1098.5250000000003 1164.9750000000001 1.5000000000000002 57.277597887571979
decision_type=2 2 8 10 2 8 8 2 2 2 2 2 2 2
left_child=1 -1 -2 -3 -4 -6 -7 10 9 -9 -8 -12 13 -13
right_child=2 3 4 -5 5 6 7 8 -10 -11 11 12 -14 -15
leaf_value=-0.000516904599458562 -0.003166479210708362 0.025012201311291438 -0.0037012579397548875 0.00054878632008224792 0.040645446132739529 -0.0078917205850497218 0.0020353703568389949 0.047384407234987935 6.9934894341661111e-05 0.0035440325059243553 -0.06821895332623204 -0.0069911916385818592 -0.0033206269128833068 0.0085842389888908972
leaf_weight=30 22 20 23 28 37 23 43 25 811 28 20 20 285 54
leaf_count=30 22 20 23 28 37 23 43 25 811 28 20 20 285 54
internal_value=0.000238095 0.00632911 -0.000107759 0.0142857 0.000109489 0.000296956 -3.81679e-05 0.0002331 0.00127168 0.0157407 -0.00189125 -0.00302632 -0.00208333 0.00533333
internal_weight=1469 78 1391 48 1369 1346 1309 1286 864 53 422 379 359 74
internal_count=1469 78 1391 48 1369 1346 1309 1286 864 53 422 379 359 74
is_linear=0
shrinkage=0.05


Tree=325
num_leaves=15
num_cat=0
split_feature=0 0 4 4 4 4 4 2 2 2 0 4 4 1
split_gain=1.21144 3.25031 1.31363 1.209 6.81668 3.19181 2.36209 1.9691 4.87181 1.81187 3.41298 1.37753 5.24086 1.3991
threshold=53.038725717791621 32.924709631785383 291.58676470588244 718.2803333333336 706.70000000000016 735.48666666666679 766.78000000000009 10277.170000000002 8306.5750000000025 6631.7405000000008 121.41602653718699 692.66500000000019 683.65382352941185 2869.5600000000004
decision_type=2 2 10 10 10 10 10 2 2 2 2 10 10 2
left_child=1 -1 -3 4 11 -5 -7 8 9 10 -8 12 13 -2
right_child=3 2 -4 5 -6 6 7 -9 -10 -11 -12 -13 -14 -15
leaf_value=-0.00049105936948563443 -0.0041545127783536367 0.023761591245726868 0.00052134700407813759 -0.0053078683977995063 0.0032682904627792777 0.0068460463711755605 -0.0014610901234630826 -0.0058614539348026753 0.014733670105762873 -0.019118320724127544 0.0050277681863396652 -0.015839397106584441 0.061914723860830502 0.00054875861539649135
leaf_weight=30 261 20 28 29 23 38 117 29 26 22 34 37 26 749
leaf_count=30 261 20 28 29 23 38 117 29 26 22 34 37 26 749
internal_value=0.000306122 0.00632911 0.0142857 -3.59195e-05 0.000729262 -0.00287162 -0.0011236 -0.00305677 -0.00125 -0.00431034 -0.00230263 0.000139665 0.00048216 -9.8912e-05
internal_weight=1469 78 48 1391 1096 295 266 228 199 173 151 1073 1036 1010
internal_count=1469 78 48 1391 1096 295 266 228 199 173 151 1073 1036 1010
is_linear=0
shrinkage=0.05


Tree=326
num_leaves=15
num_cat=0
split_feature=0 0 4 4 4 4 0 0 0 7 0 4 4 0
split_gain=1.13072 3.25031 1.39959 4.71313 1.96335 2.26811 1.46689 2.35655 4.07384 2.35992 1.96796 1.81555 5.06959 2.30126
threshold=53.038725717791621 32.924709631785383 718.2803333333336 706.70000000000016 735.48666666666679 749.09500000000014 182.29050119562183 103.29842089621228 90.645993439737865 1.8641025480890969 74.003284916761814 918.81500000000017 860.84970588235308 121.41602653718699
decision_type=2 2 10 10 10 10 2 2 2 10 2 10 10 2
left_child=1 -1 3 -2 -4 -6 7 8 9 10 -7 12 13 -9
right_child=2 -3 4 -5 5 6 -8 11 -10 -11 -12 -13 -14 -15
leaf_value=-0.00046650640101135178 0.00016193273074052163 0.0019772930944295356 -0.005042474977909531 0.0031048759396403169 0.011872038649010081 -0.00020092836909121339 -0.02335638901245625 -9.9676121987113403e-05 -0.016496945289753429 -0.0013720421430670345 0.0094898007587087118 0.0057614450750826385 -0.010024442251803925 0.080688026286402204
leaf_weight=30 1073 48 29 23 20 22 23 23 27 38 24 42 26 21
leaf_count=30 1073 48 29 23 20 22 23 23 27 38 24 42 26 21
internal_value=0.000510204 0.00632911 0.000179598 0.00100273 -0.00287162 -0.00149813 -0.00283401 -0.0015625 -0.00669643 -0.00117647 0.00638298 0.00353982 -0.00140845 0.00888889
internal_weight=1469 78 1391 1096 295 266 246 223 111 84 46 112 70 44
internal_count=1469 78 1391 1096 295 266 246 223 111 84 46 112 70 44
is_linear=0
shrinkage=0.05


Tree=327
num_leaves=15
num_cat=0
split_feature=2 4 6 2 2 6 2 2 4 4 6 7 4 6
split_gain=1.41234 2.27181 2.68726 1.41505 3.9396 2.91311 2.80973 2.14455 4.08164 1.84821 1.51955 4.33308 4.53699 3.12781
threshold=13381.010000000002 898.46500000000015 160.70179291149779 10183.880000000001 10505.270000000002 197.88535234178269 11255.893500000002 9549.8750000000018 659.09833333333347 634.72701477167823 191.44833333333335 -16.788651926845358 619.60333333333347 200.98563697741199
decision_type=2 8 2 2 2 2 2 2 10 10 2 8 10 2
left_child=3 2 -2 7 -5 6 -6 10 -9 -8 -1 -12 13 -13
right_child=1 -3 -4 4 5 -7 9 8 -10 -11 11 12 -14 -15
leaf_value=0.00050468290362955389 0.042894444856069996 -0.038295584133151497 -0.0018983413850973631 0.045568005670327996 -0.03803746001927593 0.011598992471563119 0.054700718168892215 -0.066965028255369138 0.0048321397047228522 -0.0073339176040597039 0.024293219375070653 -0.089448561729683629 -0.092958743431030333 0.00093902247554457092
leaf_weight=958 20 28 36 21 25 38 20 29 21 27 29 28 33 156
leaf_count=958 20 28 36 21 25 38 20 29 21 27 29 28 33 156
internal_value=0.00037415 -0.00588235 0 0.000757576 0.00568182 0.0018018 -0.00410959 0.000239044 -0.00980392 0.003125 0.0006639 -0.00283401 -0.00527523 -0.00216216
internal_weight=1469 84 56 1385 131 110 72 1254 50 47 1204 246 217 184
internal_count=1469 84 56 1385 131 110 72 1254 50 47 1204 246 217 184
is_linear=0
shrinkage=0.05


Tree=328
num_leaves=15
num_cat=0
split_feature=4 7 7 7 6 6 4 7 1 7 1 4 4 3
split_gain=1.31027 2.13036 3.2537 5.05621 1.67556 2.5139 4.71881 3.22716 2.51727 2.68955 4.66139 2.50194 3.74292 2.25853
threshold=802.3517647058826 -8.801203531763802 -0.17627563574640701 1.1759964269444085 157.5300908413852 171.96309772705803 667.20500000000015 14.949060170352071 1244.0715000000002 -6.8610711818261469 5875.1250000000009 389.46500000000003 558.19500000000005 122.78561800169915
decision_type=10 10 10 10 2 2 10 8 2 8 2 10 10 2
left_child=4 -2 -3 -4 -1 6 7 13 -7 10 11 -10 -13 -6
right_child=1 2 3 -5 5 8 -8 -9 9 -11 -12 12 -14 -15
leaf_value=0.00090206281990711239 0.02441206291414573 -0.0036103452695129927 0.009919666763899937 -0.0011108677969168591 0.0052357776229594033 -0.16480379338863668 0.04419225852060104 -0.32933538791686323 -0.0023969876301915163 -0.00041286108765721253 -0.030346064593024691 0.074773312808099957 0.015204650541404297 -0.0190955955330184
leaf_weight=659 21 38 21 126 25 21 26 33 20 368 23 23 29 36
leaf_count=659 21 38 21 126 25 21 26 33 20 368 23 23 29 36
internal_value=0.000306122 -0.00338164 -0.00510753 -0.00168919 0.00090981 -0.000991736 -0.00743802 -0.0126316 0.000618557 0.00140086 0.00885417 0.0150685 0.0207547 -0.00564516
internal_weight=1469 206 185 147 1263 604 120 94 484 463 95 72 52 61
internal_count=1469 206 185 147 1263 604 120 94 484 463 95 72 52 61
is_linear=0
shrinkage=0.05


Tree=329
num_leaves=15
num_cat=0
split_feature=2 4 4 4 2 1 1 1 1 2 1 1 1 4
split_gain=1.50585 2.27181 1.31632 4.76783 4.34571 3.91133 2.35774 2.09929 2.42981 1.42984 3.1483 4.55811 3.00607 5.21406
threshold=13381.010000000002 898.46500000000015 903.90166666666653 802.3517647058826 8306.5750000000025 2982.5300000000002 2184.8165000000004 4598.9650000000011 3284.1650000000004 5084.5950000000003 4122.755000000001 4497.2605000000012 3005.0035000000003 582.58000000000015
decision_type=2 8 10 10 2 2 2 2 2 2 2 2 2 8
left_child=2 -2 3 9 7 6 -5 8 -4 -1 12 -12 -11 -14
right_child=1 -3 4 5 -6 -7 -8 -9 -10 10 11 -13 13 -15
leaf_value=0.0011859101847942366 0.00033727498934771338 -0.036342711704379548 -0.00018753261714017367 -0.0076553304631948767 0.010151300123017185 -0.014183842373351331 0.0050607650029568354 -0.024309517212579203 0.0041698712537628635 0.0019277843790612371 0.13004368194339522 2.8139852389585941e-06 -0.11849030890817654 -0.00021548680852685466
leaf_weight=591 56 28 26 28 27 40 21 26 20 69 48 383 49 57
leaf_count=591 56 28 26 28 27 40 21 26 20 69 48 383 49 57
internal_value=0.000578231 -0.00588235 0.000974026 0.000543901 0.0065 -0.0105556 -0.001 0 0.00638298 0.0013773 -0.000329489 0.00196759 -0.00596591 -0.011215
internal_weight=1469 84 1385 1286 99 89 49 72 46 1197 606 431 175 106
internal_count=1469 84 1385 1286 99 89 49 72 46 1197 606 431 175 106
is_linear=0
shrinkage=0.05


Tree=330
num_leaves=15
num_cat=0
split_feature=7 7 7 4 4 4 1 6 7 1 7 6 7 7
split_gain=1.77584 2.37614 4.56132 1.87262 1.25922 4.46475 3.55688 4.875 2.68546 1.69554 6.1432 2.80366 1.94567 2.5033
threshold=-47.10775147469618 -22.214310501880906 -17.959329216237979 525.67500000000007 916.15000000000009 802.3517647058826 5006.0650000000005 125.56074557183193 0.17992582467158871 1298.5735000000002 39.903483196536932 100.85169159316563 29.101130993991273 36.470820097827506
decision_type=8 8 8 10 10 10 2 2 10 2 8 2 10 10
left_child=-1 3 -3 -2 5 9 -6 -8 -7 10 11 -4 -11 -14
right_child=1 2 4 -5 6 8 7 -9 -10 12 -12 -13 13 -15
leaf_value=0.0053706618961379743 0.0028341380010303064 0.066829480565807772 0.0033112212501974388 -0.16411097944737388 -0.00021331003473139544 -0.0030531553375676814 0.039258439040578866 -0.00024636653985806497 -0.0013780130464048079 -0.0002047124681005097 -0.14646688463371837 0.0026177034427335545 0.11613976424864014 0.0026061007996364982
leaf_weight=25 26 20 28 29 42 27 23 26 78 1001 33 37 22 52
leaf_count=25 26 20 28 29 42 27 23 26 78 1001 33 37 22 52
internal_value=0.000510204 0.000276817 0.000683453 -0.00982143 0.000328467 -7.81861e-05 0.00597826 0.015 -0.00990566 0.000809199 0.00707071 0.0159091 0.000232342 0.008
internal_weight=1469 1444 1389 55 1369 1278 91 49 105 1173 98 65 1075 74
internal_count=1469 1444 1389 55 1369 1278 91 49 105 1173 98 65 1075 74
is_linear=0
shrinkage=0.05


Tree=331
num_leaves=15
num_cat=0
split_feature=7 7 8 7 2 2 6 2 7 6 2 6 6 2
split_gain=2.01011 2.04714 1.74292 1.64548 1.77154 2.18914 2.17803 1.81806 3.70942 3.19202 1.92745 1.8627 4.0659 4.99
threshold=-41.860271339975981 -22.214310501880906 1.5000000000000002 -17.959329216237979 13381.010000000002 14288.570000000002 185.6565087622412 10023.938500000002 -0.84305986674137745 191.16478670949269 9779.7400000000034 191.44833333333335 200.98563697741199 5759.5250000000005
decision_type=8 8 2 8 2 2 2 2 8 2 2 2 2 2
left_child=-1 2 -2 -3 7 -6 -7 10 -9 -10 11 -5 -13 -14
right_child=1 3 -4 4 5 6 -8 8 9 -11 -12 12 13 -15
leaf_value=0.0041350785099878223 -0.22393202582579796 0.063488006537517391 -0.002142683657196076 0.00030395464026002907 -0.011424155328093533 0.014550208619540506 -0.0015312043192875935 0.043883813407295968 -0.019985651292592624 0.023462004939645023 -0.024334583326697041 -0.091280595713251048 0.021411946664627115 -0.01215230764499884
leaf_weight=30 26 20 24 918 31 23 21 29 57 40 25 36 82 107
leaf_count=30 26 20 24 918 31 23 21 29 57 40 25 36 82 107
internal_value=0.000306122 3.47222e-05 -0.00980392 0.000395683 0.000182482 -0.00723684 0 0.000617761 0.00629921 0.00153061 0 0.000305944 -0.00376106 -0.000789474
internal_weight=1469 1439 50 1389 1369 75 44 1294 126 97 1168 1143 225 189
internal_count=1469 1439 50 1389 1369 75 44 1294 126 97 1168 1143 225 189
is_linear=0
shrinkage=0.05


Tree=332
num_leaves=15
num_cat=0
split_feature=4 4 4 2 2 8 2 2 2 2 4 4 1 2
split_gain=1.68211 3.98726 2.37699 2.28788 3.096 3.73678 2.96598 2.04122 4.21729 3.58814 2.31419 4.36464 3.76709 2.01205
threshold=718.2803333333336 709.35833333333346 735.48666666666679 8306.5750000000025 8592.5550000000021 1.5000000000000002 10023.938500000002 6444.8065000000006 6024.1975000000011 6794.9040000000014 667.20500000000015 431.9550000000001 4242.527000000001 10576.320000000002
decision_type=10 10 8 2 2 2 2 2 2 2 10 10 2 2
left_child=1 3 -2 7 -5 6 -6 8 -1 -9 11 -11 -13 -8
right_child=2 -3 -4 4 5 -7 13 9 -10 10 -12 12 -14 -15
leaf_value=0.00114041937885528 -0.006829980039871248 0.002276237644091122 -0.00024392548973619645 -0.11860121203693162 -0.016220142642175805 0.0091777895456825638 0.041126152694972752 0.023206434119725696 -0.035677001694249671 -0.011544692262748901 -0.041631416937775972 0.083109807118956283 0.0015001102176950055 -0.0013064208003652725
leaf_weight=625 30 22 289 24 41 104 21 27 47 71 21 20 37 90
leaf_count=625 30 22 289 24 41 104 21 27 47 71 21 20 37 90
internal_value=0.000238095 0.00112945 -0.00296875 0.000708592 -0.00320285 -0.00155642 -0.00653595 0.00200236 0.000742942 0.00677966 0.00366667 0.00620155 0.0163793 -0.00223214
internal_weight=1469 1150 319 1128 280 256 152 848 672 176 149 128 57 111
internal_count=1469 1150 319 1128 280 256 152 848 672 176 149 128 57 111
is_linear=0
shrinkage=0.05


Tree=333
num_leaves=15
num_cat=0
split_feature=6 3 4 4 4 4 4 1 4 1 4 0 1 6
split_gain=1.98845 2.33703 2.53968 1.95785 3.8558 2.37699 1.57019 2.75954 2.59701 3.39062 2.5515 3.2537 1.7096 2.76354
threshold=298.28141587658195 273.96939548992634 307 718.2803333333336 709.35833333333346 735.48666666666679 787.48333333333346 3679.565000000001 916.15000000000009 2982.5300000000002 881.93000000000018 63.267889326145998 5403.9865000000009 125.56074557183193
decision_type=2 2 10 10 10 8 10 2 10 2 10 2 2 2
left_child=1 3 -3 4 -1 -5 7 -7 9 10 11 -8 -10 -14
right_child=-2 2 -4 5 -6 6 8 -9 12 -11 -12 -13 13 -15
leaf_value=0.00061676174108458992 0.0091318383474428642 -0.46020280554196846 -9.4118585185631881e-05 -0.0064884810378776862 0.0021624257618865681 0.0057412548481482811 -0.00058872054654885992 -0.00075001632625756529 -0.00020564599052101952 -0.0058248317845465865 0.0040407390886365918 0.0077868618830705507 0.033946161820117185 -0.0008579049246917104
leaf_weight=1054 30 20 24 30 22 30 21 41 44 63 20 21 22 27
leaf_count=1054 30 20 24 30 22 30 21 41 44 63 20 21 22 27
internal_value=0.00037415 0.000104167 -0.0111111 0.000465616 0.00148561 -0.00296875 -0.00155172 0.00486111 -0.00365297 -0.00833333 0 -0.00697674 0.00265957 0.009
internal_weight=1469 1439 44 1395 1076 319 289 71 218 125 62 42 93 49
internal_count=1469 1439 44 1395 1076 319 289 71 218 125 62 42 93 49
is_linear=0
shrinkage=0.05


Tree=334
num_leaves=15
num_cat=0
split_feature=4 4 2 2 2 2 6 6 6 2 6 3 4 6
split_gain=2.40172 3.92019 2.25146 3.85447 3.81486 2.9741 5.93878 5.20286 2.4286 2.08716 1.84125 1.73824 1.44798 2.69865
threshold=718.2803333333336 709.35833333333346 1332.2450000000001 3753.9800000000005 953.34500000000014 4760.7600000000011 135.72925000000001 107.63162908541793 75.776044228556557 9318.6000000000004 298.28141587658195 289.37158658898687 338.42529411764713 187.86660416666672
decision_type=10 10 2 2 2 2 2 2 2 2 2 2 8 2
left_child=1 10 4 8 -2 -5 7 -7 -4 -8 11 12 13 -1
right_child=2 -3 3 5 -6 6 9 -9 -10 -11 -12 -13 -14 -15
leaf_value=-0.00075855289001237067 -8.9116298690555828e-05 0.0020543044737922384 -7.2791599442306734e-05 -0.055168872928765267 -0.024667395555541378 -0.0013705812228760328 -0.00081101067780056007 0.028902499918204767 0.0052688243431955996 -0.039605493506314093 0.0086752464300707214 -0.10942400431446063 0.0014104427191863112 0.011811052309532258
leaf_weight=109 39 22 24 35 29 27 44 45 44 32 30 31 918 40
leaf_count=109 39 22 24 35 29 27 44 45 44 32 30 31 918 40
internal_value=0.000238095 0.00130321 -0.00359375 -0.00138889 -0.0115942 -0.00516304 -0.00201342 0.00821918 0.00869565 -0.0116883 0.00088574 0.000545951 0.000889513 -0.00366667
internal_weight=1469 1150 319 251 68 183 148 72 68 76 1128 1098 1067 149
internal_count=1469 1150 319 251 68 183 148 72 68 76 1128 1098 1067 149
is_linear=0
shrinkage=0.05


Tree=335
num_leaves=15
num_cat=0
split_feature=6 4 6 7 7 1 1 3 6 4 1 4 4 6
split_gain=1.5732 2.41141 2.39856 1.74301 3.79098 3.62423 6.33425 3.14349 2.91088 3.15579 2.92122 2.86822 5.86282 2.37907
threshold=53.518592474592801 224.19238999389799 63.941665933779468 -0.77638911800533339 0.45198123071839907 3054.8350000000005 3364.2740000000003 110.13159224308035 115.84684796592823 452.27941176470591 4945.6855000000005 334.89153655666598 637.9433333333335 137.52148431180527
decision_type=2 10 2 8 8 2 2 2 2 10 2 10 10 2
left_child=1 -1 -2 5 7 11 -7 -5 -8 10 -10 -4 -13 -11
right_child=2 -3 3 4 -6 6 8 -9 9 13 -12 12 -14 -15
leaf_value=0.00044289914675481567 0.0032108361935785524 -0.0042518029459737592 0.11507302126234237 -0.00040198719308532916 0.00010996393199230807 -0.021702314912658505 -0.0046570626218537031 -0.24983135754796759 0.035819598322272439 0.025965774561329563 -0.014740840203256715 -0.007013116472742182 0.013681281310414885 0.0058598051095472671
leaf_weight=27 36 21 20 47 950 21 29 28 22 34 34 35 33 132
leaf_count=27 36 21 20 47 950 21 29 28 22 34 34 35 33 132
internal_value=0.000646259 -0.00816327 0.000949367 0.000613276 -0.000438596 0.00360111 0.000732601 -0.0111842 0.00297619 0.00493274 -0.00526316 0.0123596 0.00724638 0.00838323
internal_weight=1469 48 1421 1385 1025 360 272 75 251 222 56 88 68 166
internal_count=1469 48 1421 1385 1025 360 272 75 251 222 56 88 68 166
is_linear=0
shrinkage=0.05


Tree=336
num_leaves=15
num_cat=0
split_feature=7 6 4 3 3 3 4 4 4 4 2 1 3 7
split_gain=1.8609 1.5299 2.41141 1.55772 5.20597 2.97526 4.37844 2.61413 1.74466 6.12208 4.89902 3.11788 2.86199 4.49062
threshold=-41.860271339975981 53.518592474592801 224.19238999389799 141.56504271133056 137.19736867910871 146.97570957925805 687.44833333333349 659.09833333333347 592.06000000000017 525.67500000000007 3345.6450000000004 5646.2450000000017 265.54264759889128 5.4042200364240651
decision_type=8 2 10 2 2 2 8 8 8 10 2 2 2 8
left_child=-1 2 -2 4 -3 6 -5 -6 9 11 -10 12 13 -7
right_child=1 3 -4 5 7 8 -8 -9 10 -11 -12 -13 -14 -15
leaf_value=0.0044521281314587107 0.00042075418941707503 0.00027056782881674097 -0.0040392127986750735 -0.14346843696729947 0.13774186827189114 -0.021130382756363277 0.0026281927434410601 0.0015893807346507916 0.28049115604038494 -0.022759056535099687 0.0012687684254551982 0.013816704825282057 0.010710504844608761 0.0022048414354878753
leaf_weight=30 27 834 21 21 22 47 21 23 21 44 252 27 39 40
leaf_count=30 27 834 21 21 22 47 21 23 21 44 252 27 39 40
internal_value=0.000782313 0.000520833 -0.00816327 0.000826149 0.00210227 -0.00136452 -0.0139535 0.0184783 -0.000212314 -0.00378788 0.00237226 0.000974026 -0.0023622 -0.00738636
internal_weight=1469 1439 48 1391 879 512 42 45 470 197 273 153 126 87
internal_count=1469 1439 48 1391 879 512 42 45 470 197 273 153 126 87
is_linear=0
shrinkage=0.05


Tree=337
num_leaves=15
num_cat=0
split_feature=1 4 0 0 4 4 2 2 1 1 1 1 4 2
split_gain=1.14564 2.41141 1.59546 3.9848 2.08674 2.49904 2.27041 3.16233 3.0314 3.42213 3.01994 2.52515 2.46303 4.4915
threshold=1022.6465000000001 561.61000000000001 53.038725717791621 32.924709631785383 270.53000000000003 295.13000000000005 908.75500000000011 1134.6900000000003 2327.3075000000003 2397.7350000000001 2512.3050000000007 1435.0365000000002 740.45000000000016 4712.5600000000004
decision_type=2 10 2 2 8 8 2 2 2 2 2 2 10 2
left_child=1 -1 3 -2 -4 -6 -7 -8 11 -10 -11 -9 13 -13
right_child=2 -3 4 -5 5 6 7 8 9 10 -12 12 -14 -15
leaf_value=-0.0029284739735919944 -0.00073633383044585947 0.00170434026602464 -0.0058214539270843753 0.0027532230141605416 0.027559496553161977 -0.0062703305112025683 0.0027260362000868761 0.00303108980725796 0.035548963708865511 -0.025265398438395616 0.00033503186994106039 -0.026415659794971964 0.00010646579570277037 0.019416962521896335
leaf_weight=27 28 21 39 43 24 28 30 51 21 22 1021 61 31 22
leaf_count=27 28 21 39 43 24 28 30 51 21 22 1021 61 31 22
internal_value=0.000646259 0.00816327 0.000386779 0.00763889 0 0.000342988 3.88199e-05 0.000357143 -4.06504e-05 0.000938967 0.00052682 -0.0063253 -0.0104348 -0.014881
internal_weight=1469 48 1421 71 1350 1311 1287 1259 1229 1064 1043 165 114 83
internal_count=1469 48 1421 71 1350 1311 1287 1259 1229 1064 1043 165 114 83
is_linear=0
shrinkage=0.05


Tree=338
num_leaves=15
num_cat=0
split_feature=6 0 6 7 7 2 6 1 2 7 6 0 7 2
split_gain=1.62207 1.7415 1.43559 1.49967 3.40212 2.67936 4.73179 2.47235 2.50994 5.8102 2.81061 3.16198 3.09193 2.08622
threshold=53.518592474592801 52.030013044333622 63.941665933779468 -0.77638911800533339 -0.33734789276833149 1725.3350000000003 115.84684796592823 2068.4750000000004 1397.7450000000001 6.5585823949629338 109.58159555102887 97.70046178828332 1.7751644574621326 2800.9145000000003
decision_type=2 2 2 8 8 2 2 2 2 10 2 2 10 2
left_child=1 -1 -2 5 -5 -4 -7 8 10 -10 11 12 -6 -8
right_child=2 -3 3 4 7 6 13 -9 9 -11 -12 -13 -14 -15
leaf_value=7.6943380617184795e-05 0.0029595596203562491 -0.022468027805733797 0.019369273956542178 -0.077292128266863838 -0.024342115490516236 -0.012803086211741883 -0.0053273813127841189 0.00047016804507962474 -0.065289818314257758 0.092950677486899322 -0.07007220022432524 0.005745657920376868 0.0062755136170125738 0.00421277013138871
leaf_weight=28 36 20 41 23 30 28 25 824 50 24 21 21 32 266
leaf_count=28 36 20 41 23 30 28 25 824 50 24 21 21 32 266
internal_value=0.000782313 -0.00816327 0.00109001 0.000829726 -0.000146199 0.00360111 0.00203125 0.000299103 -0.00502793 -0.012 0 0.00416667 -0.0015873 0.00393836
internal_weight=1469 48 1421 1385 1025 360 319 1002 178 74 104 83 62 291
internal_count=1469 48 1421 1385 1025 360 319 1002 178 74 104 83 62 291
is_linear=0
shrinkage=0.05


Tree=339
num_leaves=15
num_cat=0
split_feature=4 4 0 1 6 6 4 1 1 1 7 7 7 6
split_gain=1.90849 2.32351 2.2479 2.80332 3.84796 3.84848 1.69844 2.86147 1.48951 2.24064 1.76138 4.33939 4.93746 3.70613
threshold=996.70000000000016 802.3517647058826 84.858316901346925 2982.5300000000002 134.6353821146275 118.8114707493779 912.98166666666668 1903.1350000000002 14140.460000000003 17664.240000000005 -0.77638911800533339 1.1141055494729672 1.7072468449608664 250.98244478577615
decision_type=10 10 2 2 2 2 10 2 2 2 8 8 8 2
left_child=1 8 6 -4 5 -5 7 -3 10 -10 -1 -12 -13 -14
right_child=-2 2 3 4 -6 -7 -8 -9 9 -11 11 12 13 -15
leaf_value=0.0025637722119815202 0.00061751183161249399 0.011186363716206894 0.0043318292120074096 -0.0020838967591758628 -0.023386721777142939 0.075177640276633206 -0.00048831829366834394 -0.0015980532214381034 -0.022981125563657515 0.0019787545366875005 -0.002234094204164322 0.0070646295803911355 7.8338609754524671e-05 0.039110603350918968
leaf_weight=312 37 21 23 20 41 21 23 20 25 20 116 29 713 48
leaf_count=312 37 21 23 20 41 21 23 20 25 20 116 29 713 48
internal_value=0.000782313 0.000488486 -0.005 -0.000471698 -0.00481928 0.00595238 -0.0123077 -0.00595238 0.00122627 -0.0076087 0.00155865 0.000441014 0.00176991 0.000984252
internal_weight=1469 1432 169 105 82 41 64 41 1263 45 1218 906 790 761
internal_count=1469 1432 169 105 82 41 64 41 1263 45 1218 906 790 761
is_linear=0
shrinkage=0.05


Tree=340
num_leaves=15
num_cat=0
split_feature=4 4 3 1 2 6 3 1 3 7 3 3 3 4
split_gain=2.07648 3.53028 2.1087 3.54076 3.09046 5.00055 2.89417 1.38501 2.45412 3.20975 4.67634 2.38242 3.12949 2.23422
threshold=996.70000000000016 802.3517647058826 76.392166586241885 2982.5300000000002 5084.5950000000003 134.6353821146275 58.034857255429529 14140.460000000003 60.658776244652024 -0.12437413544116536 28.197559061160558 70.756256934394997 75.669489569569421 419.12500000000006
decision_type=10 10 2 2 2 2 2 2 2 8 2 2 2 8
left_child=1 7 6 -4 -5 -6 -3 8 9 -1 -11 -10 -13 -14
right_child=-2 2 3 4 5 -7 -8 -9 11 10 -12 12 13 -15
leaf_value=0.0039182223607869384 0.00058663624003187922 -0.000368549063398671 0.0041152377514070415 -0.07669319834908217 0.044263644188650204 -0.014690182273979363 -0.001637852430042347 -0.00064394041860313953 -0.0037774119691923016 -0.0012738517940656961 0.0060726541090862039 0.049293614272663537 -0.0027501057120421948 0.00088110618231108809
leaf_weight=32 37 32 23 20 28 34 32 45 37 28 68 23 164 866
leaf_count=32 37 32 23 20 28 34 32 45 37 28 68 23 164 866
internal_value=0.000306122 0 -0.00676471 -0.00235849 -0.00722892 -0.0015873 -0.0138462 0.00090981 0.00123052 0.00775194 0.00309278 0.000458295 0.000901328 0.000484966
internal_weight=1469 1432 169 105 82 62 64 1263 1218 128 96 1090 1053 1030
internal_count=1469 1432 169 105 82 62 64 1263 1218 128 96 1090 1053 1030
is_linear=0
shrinkage=0.05


Tree=341
num_leaves=15
num_cat=0
split_feature=4 4 7 7 1 1 7 3 7 0 0 1 6 4
split_gain=2.02778 2.64806 2.7202 2.11851 1.30358 2.02086 0.965934 1.06069 3.84374 3.53244 3.29043 5.9555 2.52366 5.50815
threshold=996.70000000000016 898.46500000000015 1.7072468449608664 5.2929110865203066 14140.460000000003 16881.710000000003 -41.860271339975981 89.318253163012102 -25.585347657355893 100.45989810793745 88.311357823461364 4362.0400000000009 106.95412042283547 613.44416666666677
decision_type=10 10 10 10 2 2 8 2 8 2 2 2 2 10
left_child=1 4 -3 -4 6 -6 -1 10 -9 -10 -8 12 13 -12
right_child=-2 2 3 -5 5 -7 7 8 9 -11 11 -13 -14 -15
leaf_value=0.003829887705104651 0.00055730442803028082 0.0019951231991393258 -0.0037583374562911291 -0.0035155411127462013 -0.02577207172138481 0.00051560052991250771 -0.00020671063569208115 -0.20629000173590104 -0.018772962991455269 0.00032721144481654422 -0.02915417358894247 0.022073424136838965 -0.00027473937654064196 0.0038494279458777649
leaf_weight=30 37 37 20 23 20 25 201 31 30 854 22 59 55 25
leaf_count=30 37 37 20 23 20 25 201 31 30 854 22 59 55 25
internal_value=0.000442177 0.000139567 -0.00864198 -0.0170455 0.000665188 -0.0076087 0.000955657 0.000743349 -0.000163755 0.000451977 0.0030303 0.00833333 0.000970874 0.009375
internal_weight=1469 1432 80 43 1352 45 1307 1277 915 884 362 161 102 47
internal_count=1469 1432 80 43 1352 45 1307 1277 915 884 362 161 102 47
is_linear=0
shrinkage=0.05


Tree=342
num_leaves=15
num_cat=0
split_feature=4 7 2 2 7 7 7 4 0 2 3 0 3 7
split_gain=1.84829 1.53816 4.03545 3.32042 2.93945 3.26994 2.81535 2.32304 1.86187 2.50779 1.80827 3.00752 1.57696 1.37139
threshold=194.67555615416498 -7.3378224535427483 4581.2600000000011 5784.9800000000005 -5.6623056342042455 -3.5013760323940057 -15.710182950741332 436.29500000000002 170.22632816182804 9792.0000000000018 28.197559061160558 61.676444896657515 41.230116381975385 1.1141055494729672
decision_type=8 8 2 2 8 8 10 10 2 2 2 2 2 8
left_child=-1 2 6 -4 -3 -6 -2 -5 -9 -10 11 -7 -12 -14
right_child=1 4 3 7 5 10 -8 8 9 -11 12 -13 13 -15
leaf_value=-0.005630001549825403 0.013261934471720017 -0.01322328920795196 -0.033314917879236287 -0.019971112389619707 0.0015973168440462761 0.00053481627541518623 0.022967485194086031 -0.0035676025544868484 0.027851492721900198 0.0028420729919476084 0.0022926327544613989 -0.033916450665415619 -0.00019301724364719777 0.00014057672321095006
leaf_weight=20 33 34 22 21 42 36 28 43 27 27 29 20 207 880
leaf_count=20 33 34 22 21 42 36 28 43 27 27 29 20 207 880
internal_value=0.000442177 0.000655172 0.00470297 0 0 0.000411523 0.0153226 0.00336134 0.00663265 0.0127273 -8.52515e-05 -0.00877193 0.000358102 4.59559e-05
internal_weight=1469 1449 201 140 1248 1214 61 118 97 54 1172 56 1116 1087
internal_count=1469 1449 201 140 1248 1214 61 118 97 54 1172 56 1116 1087
is_linear=0
shrinkage=0.05


Tree=343
num_leaves=15
num_cat=0
split_feature=2 4 4 2 1 2 2 2 1 4 0 1 4 0
split_gain=1.28 1.32523 1.90172 2.34022 3.38551 2.82609 1.52469 7.37223 2.20618 3.58372 5.97136 3.05569 1.94312 1.85127
threshold=456.00500000000005 1049.6500000000003 802.3517647058826 1332.2450000000001 2982.5300000000002 785.12450000000013 1679.7750000000003 2081.8200000000002 5193.4940000000015 693.29000000000019 84.858316901346925 1105.7350000000004 402.60000000000008 61.676444896657515
decision_type=2 10 10 2 2 2 2 2 2 8 2 2 10 2
left_child=-1 2 6 5 -5 -4 8 12 9 11 -11 -2 -8 -9
right_child=1 -3 3 4 -6 -7 7 13 -10 10 -12 -13 -14 -15
leaf_value=0.0034355015661242244 0.00019655054379147385 0.00045889425669286559 0.0042266121752471434 0.0051882144435429715 -0.00095786409436269268 -0.0098499178766848893 -0.011304429194540068 0.0027013242316188488 -0.0010774534258694319 0.054703887318735059 -0.008312029166083269 0.046756202925052427 -0.00043792583553093175 0.00035979673865932371
leaf_weight=24 21 24 20 26 111 25 27 35 20 36 46 35 26 993
leaf_count=24 21 24 20 26 111 25 27 35 20 36 46 35 26 993
internal_value=0.000782313 0.000587828 0.000386779 -0.00437158 -0.00108696 -0.0141304 0.00108871 0.000415896 0.00566038 0.00791367 0.00120482 0.0175439 -0.0175926 0.00136054
internal_weight=1469 1445 1421 182 137 45 1239 1081 158 138 82 56 53 1028
internal_count=1469 1445 1421 182 137 45 1239 1081 158 138 82 56 53 1028
is_linear=0
shrinkage=0.05


Tree=344
num_leaves=15
num_cat=0
split_feature=4 7 4 1 4 2 1 7 3 7 2 7 1 4
split_gain=1.86176 1.90969 1.82811 1.53907 3.11012 1.12263 1.97314 3.28646 4.05138 3.31405 2.84999 3.92127 3.14843 3.84307
threshold=996.70000000000016 -41.860271339975981 946.95500000000004 1022.6465000000001 582.58000000000015 8306.5750000000025 4167.2600000000011 11.951296791185181 202.75101179422288 5.2929110865203066 15219.495000000001 -15.710182950741332 6909.415 682.74500000000023
decision_type=10 8 10 2 10 2 2 10 2 10 2 8 2 8
left_child=1 -1 3 4 -3 -5 -7 9 -9 10 11 -8 -13 -14
right_child=-2 2 -4 5 -6 6 7 8 -10 -11 -12 12 13 -15
leaf_value=0.003798783610640788 0.00048377964150174706 -0.0070406838160821167 -0.0048031132853452001 0.0003638044188549638 0.0023593648604470054 -0.087113801084884701 -0.14665574892684763 -0.0035663667786088316 0.13491468304242546 -0.0041948845483336999 0.024020826866461089 0.019871639924897912 -0.002430451134256903 0.0027560429803469735
leaf_weight=30 37 27 20 1004 20 31 25 31 22 32 21 69 43 57
leaf_count=30 37 27 20 1004 20 31 25 31 22 32 21 69 43 57
internal_value=0.000918367 0.000628053 0.000356379 0.000578453 0.009375 0.000261976 -0.00225904 -0.000996678 0.0101852 -0.00342742 -0.00115741 -0.00307692 -0.000294118 -0.00594059
internal_weight=1469 1432 1402 1382 47 1335 331 300 53 247 215 194 169 100
internal_count=1469 1432 1402 1382 47 1335 331 300 53 247 215 194 169 100
is_linear=0
shrinkage=0.05


Tree=345
num_leaves=15
num_cat=0
split_feature=4 1 4 4 4 8 1 0 6 4 4 2 1 6
split_gain=1.76998 1.75392 3.4949 1.55365 4.10936 2.5605 2.27148 1.96121 2.84113 1.93988 2.5074 2.27679 1.97809 3.32907
threshold=996.70000000000016 1022.6465000000001 561.61000000000001 692.66500000000019 683.65382352941185 1.5000000000000002 2831.0150000000003 63.267889326145998 76.843044044200369 706.70000000000016 749.09500000000014 7165.893500000001 3005.0035000000003 124.9346218173588
decision_type=10 2 10 10 10 2 2 2 2 10 10 2 2 2
left_child=1 2 -1 4 -3 7 -7 -5 -9 -10 11 -11 -12 -14
right_child=-2 3 -4 5 -6 6 -8 8 9 10 12 -13 13 -15
leaf_value=-0.0066886496252780208 0.00045959065942665636 0.00035897160035077964 0.00238203462817318 -0.0015750190568635692 0.069746969986129545 0.0012583067306824571 -0.041984333767574447 0.0023810238276852609 -0.040231519482992244 0.00036171170458306758 0.0021652874867132015 0.14669216081222666 0.0073220575060966913 -0.0062438093198925824
leaf_weight=27 37 1025 21 27 25 25 51 20 27 27 36 20 35 66
leaf_count=27 37 1025 21 27 25 25 51 20 27 27 36 20 35 66
internal_value=0.00119048 0.000907188 0.0102041 0.000577617 0.00152236 -0.00238806 -0.0103896 0 0.00150862 -0.000235849 0.00162162 0.0114583 -0.00181159 -0.00539216
internal_weight=1469 1432 48 1384 1050 334 76 258 231 211 184 47 137 101
internal_count=1469 1432 48 1384 1050 334 76 258 231 211 184 47 137 101
is_linear=0
shrinkage=0.05


Tree=346
num_leaves=15
num_cat=0
split_feature=7 3 4 4 4 2 6 2 4 2 4 4 6 7
split_gain=2.64574 2.34399 2.91104 4.83396 4.41198 4.1475 3.40372 4.26708 3.7619 2.48529 2.14672 1.833 1.52025 2.11904
threshold=-2.4631920914636818 47.11698921775568 636.5100000000001 714.37000000000012 602.67500000000007 8127.737000000001 212.90410128780627 4984.5550000000012 456.07029411764717 7680.9695000000002 900.58500000000015 772.93000000000018 254.70829248876939 -1.635026143424241
decision_type=8 2 10 10 10 2 2 2 10 2 10 10 2 8
left_child=1 -1 4 5 6 -4 7 8 -3 -9 11 -5 13 -2
right_child=12 2 3 10 -6 -7 -8 9 -10 -11 -12 -13 -14 -15
leaf_value=0.0025752796971073911 -0.0093752732337780264 -0.0010692309700468527 0.049592215705871773 0.0037656612089384646 -0.045512970920831231 0.0037051131559915798 0.011406379684881805 -0.10045859159156299 0.013178747371364886 -0.00019756358136566732 0.0083349177796007371 -0.003047328976992514 0.010441871898286749 -5.0346957829111587e-05
leaf_weight=29 21 20 24 22 24 23 38 33 21 34 29 21 57 1073
leaf_count=29 21 20 24 22 24 23 38 33 21 34 29 21 57 1073
internal_value=0.000986395 0.00501567 0.00362069 0.00958333 -0.000584795 0.021875 0.00272109 -0.00183486 0.0107143 -0.00955882 0.00136986 -0.00568182 -0.000130208 -0.000547945
internal_weight=1469 318 289 119 170 47 146 108 41 67 72 43 1151 1094
internal_count=1469 318 289 119 170 47 146 108 41 67 72 43 1151 1094
is_linear=0
shrinkage=0.05


Tree=347
num_leaves=15
num_cat=0
split_feature=7 7 7 2 6 4 2 7 7 7 7 7 1 4
split_gain=2.33503 2.88147 2.51141 3.33921 3.48123 6.82603 2.58116 2.25768 2.3263 1.6941 1.75611 1.67249 1.63646 2.78704
threshold=-7.3378224535427483 -9.4124993918065183 -11.847711156869272 4581.2600000000011 195.64775519085896 592.06000000000017 2800.9145000000003 -5.6623056342042455 -3.5013760323940057 61.13915789669975 -2.9643020947149092 -2.3914945808779033 8502.7950000000001 301.63500000000005
decision_type=8 10 10 2 2 10 2 8 8 10 8 8 2 8
left_child=1 2 3 6 5 -5 -1 -2 -9 10 -10 -12 -13 -14
right_child=7 -3 -4 4 -6 -7 -8 8 9 -11 11 12 13 -15
leaf_value=0.0021341689119091511 -0.0073837589621148676 0.01991401141581264 -0.023748052710666111 -0.094985674097104636 0.0072766796873102724 0.025134229882814087 0.014888653491049975 0.00089471323890551462 -0.00048535683288266631 -0.072709942304010622 0.0062673021578097321 0.00022650976902943709 0.0022847420224124228 -0.0025203985267542753
leaf_weight=25 35 25 30 35 38 31 21 42 20 20 20 989 37 101
leaf_count=25 35 25 30 35 38 31 21 42 20 20 20 989 37 101
internal_value=0.000646259 0.00558252 0.00331492 0.00596026 0.000952381 -0.00597015 0.0170213 -0.000158103 0.000203252 -0.000210438 4.28082e-05 0.000304878 4.43262e-05 -0.00503597
internal_weight=1469 205 180 150 104 66 46 1264 1229 1187 1167 1147 1127 138
internal_count=1469 205 180 150 104 66 46 1264 1229 1187 1167 1147 1127 138
is_linear=0
shrinkage=0.05


Tree=348
num_leaves=15
num_cat=0
split_feature=7 7 7 1 3 6 4 7 7 7 7 1 4 7
split_gain=1.55899 3.25501 2.10571 1.69588 2.00066 3.79526 4.65222 1.37827 2.3263 1.6941 1.73521 1.2488 3.25515 2.94959
threshold=-7.3378224535427483 -9.4124993918065183 -11.847711156869272 3054.8350000000005 93.664701325955903 190.08105851215348 592.06000000000017 -5.6623056342042455 -3.5013760323940057 -2.9643020947149092 -2.3914945808779033 8502.7950000000001 301.63500000000005 2.7023245455265656
decision_type=8 10 10 2 2 2 10 8 8 8 8 2 8 10
left_child=1 2 3 -1 -5 6 -6 -2 -9 -10 -11 -12 -13 -14
right_child=7 -3 -4 4 5 -7 -8 8 9 10 11 12 13 -15
leaf_value=0.0056003314673453101 -0.0070145710140091244 0.018918310845022025 -0.022560650075132804 0.003957612248453435 -0.094698418609909088 0.012381117794804455 0.0045174460280252406 0.0008499775769602397 -0.00046108899123853408 0.0059539370499192452 9.7612626016971293e-05 0.0022944521935701263 -0.0003912158641284733 -0.0045392245318987973
leaf_weight=34 35 25 30 23 30 32 31 42 20 20 1008 38 66 35
leaf_count=34 35 25 30 23 30 32 31 42 20 20 1008 38 66 35
internal_value=0.000578231 0.00461165 0.00220994 0.00463576 0.0017094 -0.00159574 -0.00887097 -7.90514e-05 0.000203252 -0.000210438 4.28082e-05 -0.00021777 -0.00464286 -0.00931373
internal_weight=1469 205 180 150 116 93 61 1264 1229 1187 1167 1147 139 101
internal_count=1469 205 180 150 116 93 61 1264 1229 1187 1167 1147 139 101
is_linear=0
shrinkage=0.05


Tree=349
num_leaves=15
num_cat=0
split_feature=2 6 7 7 2 1 7 2 6 6 7 2 7 7
split_gain=2.06703 2.41399 2.3012 4.8339 3.78382 6.06061 5.61245 2.83341 2.9309 1.82143 0.999648 4.00661 3.57979 1.61969
threshold=13381.010000000002 155.12878327231371 -7.3378224535427483 -9.4124993918065183 4581.2600000000011 3364.2740000000003 -41.860271339975981 5877.4955000000009 177.49604607642067 199.77787642599534 -4.6811170157939577 4411.9400000000014 -3.5013760323940057 -2.7498678048392828
decision_type=2 2 8 10 2 2 10 2 2 2 8 2 8 8
left_child=2 -2 3 4 5 -1 -6 -8 -9 -3 11 -4 -12 -14
right_child=1 9 10 -5 6 -7 7 8 -10 -11 12 -13 13 -15
leaf_value=0.00014485406989839245 0.0021120186844100683 -0.0096517346763966283 0.00080747869811222399 0.03086722580398087 0.010796229410979841 0.018423726933880457 -0.14291580471568754 0.013176684519372685 -0.038384119154846269 -0.00085506677672904103 0.0045443738411767411 -0.039822710010223819 -0.00043803454167661298 5.9813952345914861e-05
leaf_weight=32 36 21 26 23 21 21 20 39 31 27 21 27 22 1102
leaf_count=32 36 21 26 23 21 21 20 39 31 27 21 27 22 1102
internal_value=0.000510204 -0.00705882 0.000974026 0.00611702 0.0030303 0.0138889 -0.00223214 -0.00769231 -0.0028169 -0.0142857 0.000166806 -0.00648148 0.00047993 8.88889e-05
internal_weight=1469 84 1385 187 164 53 111 90 70 48 1198 53 1145 1124
internal_count=1469 84 1385 187 164 53 111 90 70 48 1198 53 1145 1124
is_linear=0
shrinkage=0.05


Tree=350
num_leaves=15
num_cat=0
split_feature=0 2 7 7 7 2 7 1 1 7 6 0 7 7
split_gain=1.89974 1.75922 2.7916 4.45718 2.40097 2.09914 5.86081 4.55219 2.62648 3.71443 3.37202 1.69269 1.997 1.40807
threshold=374.63000000000005 13544.000000000002 -7.3378224535427483 -9.4124993918065183 -26.886101512009503 4581.2600000000011 -41.860271339975981 3364.2740000000003 5533.5700000000006 -17.397939896647987 171.96309772705803 298.51044828734331 -5.6623056342042455 1.5397259707193387
decision_type=2 2 8 10 10 2 10 2 2 10 2 2 8 10
left_child=1 2 3 5 -3 7 -7 -1 10 -10 -8 12 -4 -6
right_child=-2 4 11 -5 13 6 8 -9 9 -11 -12 -13 -14 -15
leaf_value=0.00013761136640346727 -0.10258634127808444 -0.029951352217253736 -0.014395885231999639 0.029323864513781817 0.0051115288131648321 0.012936054467010183 -0.17726661022824791 0.017502540587186432 -0.029864190332875542 0.021680340576879811 -0.0003812660947944871 0.013446841075743921 5.6823254728623212e-05 -0.0039270209985864451
leaf_weight=32 20 21 32 23 26 20 20 21 21 22 27 45 1110 29
leaf_count=32 20 21 32 23 26 20 20 21 21 22 27 45 1110 29
internal_value=0.000646259 0.000862069 0.00127365 0.00695187 -0.00649351 0.00396341 0 0.012037 -0.00549451 0.00340909 -0.0135417 0.000378788 0 -0.000892857
internal_weight=1469 1449 1373 186 76 163 110 53 90 43 47 1187 1142 55
internal_count=1469 1449 1373 186 76 163 110 53 90 43 47 1187 1142 55
is_linear=0
shrinkage=0.05


Tree=351
num_leaves=15
num_cat=0
split_feature=6 2 2 2 3 4 4 3 6 4 1 6 1 6
split_gain=1.8609 1.05059 1.27512 1.32895 0.987759 1.22758 2.45901 2.11013 4.45684 1.76136 2.22688 1.25722 4.12416 2.61156
threshold=298.28141587658195 456.00500000000005 670.49300000000005 785.12450000000013 293.2257724892998 245.22000000000006 291.58676470588244 241.89046138424996 217.88727910358242 338.42529411764713 3910.3400000000006 101.3738016393395 1689.8150000000003 95.593414466856999
decision_type=2 2 2 2 2 8 8 2 2 8 2 2 2 2
left_child=1 -1 -3 -4 5 -5 -7 9 -9 10 -8 12 -11 -14
right_child=-2 2 3 4 -6 6 7 8 -10 11 -12 -13 13 -15
leaf_value=0.0017333206211313291 0.0060649576517494506 -0.004382573811952911 0.0032422536749688482 -0.0020322318392935524 -0.12133891150838819 0.0019637350866916316 0.0096694052138613686 0.040989228380015889 -0.0063257814973721295 0.00090899304573934111 -0.00084446604955140539 0.00071675053824499517 -0.00017706425907061397 -0.0039867184300476253
leaf_weight=21 30 30 24 47 27 29 22 30 23 49 38 966 102 31
leaf_count=21 30 30 24 47 27 29 22 30 23 49 38 966 102 31
internal_value=0.000782313 0.000520833 0.000352361 0.000575954 0.0003663 0.000560538 0.000852053 0.000515055 0.0101852 8.2713e-05 -0.00819672 0.000522193 -0.00327869 -0.00783582
internal_weight=1469 1439 1418 1388 1364 1337 1290 1261 53 1208 60 1148 182 133
internal_count=1469 1439 1418 1388 1364 1337 1290 1261 53 1208 60 1148 182 133
is_linear=0
shrinkage=0.05


Tree=352
num_leaves=15
num_cat=0
split_feature=7 7 2 1 7 4 4 7 1 1 7 2 4 4
split_gain=2.34376 2.70274 2.05457 4.55219 3.02334 3.73059 2.29798 1.49345 1.45243 1.34669 2.2389 1.66891 1.37357 3.85175
threshold=-7.3378224535427483 -9.4124993918065183 4581.2600000000011 3364.2740000000003 -41.860271339975981 678.4502941176471 558.19500000000005 -5.6623056342042455 5352.3400000000011 1022.6465000000001 13.9357259578904 690.6450000000001 448.45500000000004 419.12500000000006
decision_type=8 10 2 2 10 10 10 8 2 2 8 2 8 10
left_child=1 2 3 -1 -4 6 8 -2 -6 10 -9 -11 13 -13
right_child=7 -3 4 -5 5 -7 -8 9 -10 11 -12 12 -14 -15
leaf_value=9.4893271171042626e-05 -0.0039887502281097447 0.014927003259970562 0.0051512719514385076 0.016591576030914903 -0.056649258121827951 0.04428131943819557 -0.12328201972909424 0.0018000235593044313 0.0015448196921220708 -0.02083021886041031 -0.006272126184264027 0.00010084361573691886 -7.9063838956161539e-05 0.093524244207477472
leaf_weight=32 35 25 24 21 21 33 28 21 21 22 21 220 922 23
leaf_count=32 35 25 24 21 21 33 28 21 21 22 21 220 922 23
internal_value=0.00112245 0.00606796 0.0038674 0.012037 0.000390625 -0.00336538 -0.00985915 0.000316206 -0.00232558 0.000609756 0.00930233 0.000294613 0.000557461 0.00389344
internal_weight=1469 205 180 53 127 103 70 1264 42 1229 42 1187 1165 243
internal_count=1469 205 180 53 127 103 70 1264 42 1229 42 1187 1165 243
is_linear=0
shrinkage=0.05


Tree=353
num_leaves=15
num_cat=0
split_feature=7 6 1 2 7 6 0 0 7 7 2 7 0 4
split_gain=2.68736 4.46647 3.71753 3.42141 2.64356 4.44562 2.99458 2.87886 5.1863 2.47538 2.08027 2.3653 2.46945 4.36129
threshold=1.7072468449608664 250.98244478577615 3284.1650000000004 626.48000000000013 4.0162827822260718 181.67025304080747 112.96446153822005 94.801058589234387 2.6231319251495653 1.1759964269444085 13544.000000000002 38.689719545555143 197.55163591670637 474.935
decision_type=8 2 2 2 8 2 2 2 10 10 2 10 2 8
left_child=3 4 -3 -1 5 6 7 8 -2 -5 11 12 -6 -14
right_child=1 2 -4 9 10 -7 -8 -9 -10 -11 -12 -13 13 -15
leaf_value=0.0015559728846897493 0.0039446281508408038 0.0044734552845237035 0.077218697345514731 0.00069756130538508882 -0.00014799322723476477 -0.011145346393729817 0.0041751054700799083 -0.056409134179855228 -0.0035158131657100191 0.0031645985828732321 -0.0060680149887287205 -0.039936522046374816 0.054878401218824327 0.0022884378052542092
leaf_weight=20 38 27 21 518 494 20 48 21 25 38 41 41 23 94
leaf_count=20 38 27 21 518 494 20 48 21 25 38 41 41 23 94
internal_value=0.00132653 -0.000391499 0.0142857 0.00398614 -0.00124113 -0.00718954 -0.0037594 -0.00941176 -0.00390625 0.0032316 7.20461e-05 0.000765697 0.00155229 0.00805085
internal_weight=1469 893 48 576 845 152 132 84 63 556 693 652 611 117
internal_count=1469 893 48 576 845 152 132 84 63 556 693 652 611 117
is_linear=0
shrinkage=0.05


Tree=354
num_leaves=15
num_cat=0
split_feature=4 1 6 1 1 6 4 8 4 4 1 1 1 0
split_gain=1.89974 1.87018 2.21567 2.73461 2.43229 3.35478 2.16071 2.01974 2.34396 2.80957 2.66359 1.94757 3.61719 3.94312
threshold=194.67555615416498 1098.5250000000003 101.3738016393395 1826.8735000000004 1790.7445000000002 67.611196727959864 561.61000000000001 1.5000000000000002 725.73000000000013 934.59500000000014 4395.6195000000007 5623.8925000000008 6289.5300000000016 133.20707679739235
decision_type=8 2 2 2 2 2 10 2 8 8 2 2 2 2
left_child=-1 6 4 -4 5 -3 -2 -5 -9 -10 -11 -12 -13 -14
right_child=1 2 3 7 -6 -7 -8 8 9 10 11 12 13 -15
leaf_value=-0.0049348265160932383 -0.034759606885239124 0.018466454798509991 -0.0066269293249675235 0.00010361683062942163 -0.00036007858739774969 -0.00112689527643004 0.0015127909737971624 0.0057311826042184466 -0.052523181214414273 -0.0062973474428395628 0.25739637136715454 -0.097230586633303515 0.42534789031288994 -0.019670964755156853
leaf_weight=20 28 21 63 673 187 49 27 163 34 83 48 20 27 26
leaf_count=20 28 21 63 673 187 49 27 163 34 83 48 20 27 26
internal_value=0.000646259 0.000862069 0.000501792 0.00144991 -0.00368217 0.00422535 0.00982143 0.00204651 0.00485075 0.00167364 0.00390244 0.00860656 0.00337838 0.0101852
internal_weight=1469 1449 1394 1137 257 70 55 1074 401 238 204 121 73 53
internal_count=1469 1449 1394 1137 257 70 55 1074 401 238 204 121 73 53
is_linear=0
shrinkage=0.05


Tree=355
num_leaves=15
num_cat=0
split_feature=7 7 7 4 7 7 7 4 7 2 2 7 7 1
split_gain=3.16137 4.09367 1.9568 2.06747 1.67926 2.34606 6.72652 4.30962 2.27153 1.57477 1.81651 2.31908 3.05748 2.95393
threshold=-17.959329216237979 -22.214310501880906 -30.576471356640706 555.58500000000015 61.13915789669975 29.101130993991273 24.522727247225948 507.21000000000004 19.405075113525971 13544.000000000002 11813.235000000002 12.802152586572463 9.8833748428697685 4068.2050000000004
decision_type=8 10 10 10 10 10 10 10 10 2 2 10 10 2
left_child=1 2 3 -1 5 6 8 -7 9 10 11 12 -2 -13
right_child=4 -3 -4 -5 -6 7 -8 -9 -10 -11 -12 13 -14 -15
leaf_value=9.8435989097950261e-05 -2.6493498654411862e-05 0.054979970869373673 -0.14554912041252122 0.010963173304083274 -0.067798028066657454 0.022610198930648286 -0.13961016414310878 -0.0063052975752881379 0.015787584009216427 -0.002824916626871322 0.039934701013337674 -0.025606664289529846 0.0044085738482728233 0.0021523836615501947
leaf_weight=39 1033 20 20 21 20 25 20 39 28 60 45 31 39 29
leaf_count=39 1033 20 20 21 20 25 20 39 28 60 45 31 39 29
internal_value=0.00037415 0.00891089 0.0037037 0.00819672 -0.000255474 -3.7037e-05 -0.000505443 0.00923077 -3.94945e-05 -0.000363489 4.24448e-05 -0.000353045 0.000186393 -0.00983607
internal_weight=1469 100 80 60 1369 1349 1285 64 1265 1237 1177 1132 1072 60
internal_count=1469 100 80 60 1369 1349 1285 64 1265 1237 1177 1132 1072 60
is_linear=0
shrinkage=0.05


Tree=356
num_leaves=15
num_cat=0
split_feature=7 6 4 4 7 6 4 4 6 6 0 6 6 7
split_gain=2.59948 4.39174 3.51237 2.82262 2.78586 2.06191 2.04687 1.63375 3.2755 3.81351 3.31102 2.06139 4.74895 4.87013
threshold=-7.3378224535427483 115.23147926326421 637.9433333333335 579.80000000000007 -22.214310501880906 298.28141587658195 489.4500000000001 898.46500000000015 93.307000000000016 74.806188540036771 136.67818159399661 157.5300908413852 152.32680065938064 4.5201709807455765
decision_type=8 2 10 10 10 2 10 10 2 2 2 2 2 8
left_child=1 -1 3 6 -4 7 -3 11 9 -9 -10 12 -2 -14
right_child=5 2 4 -5 -6 -7 -8 8 10 -11 -12 -13 13 -15
leaf_value=-0.0071202948090089537 0.0001048297124439726 0.00025556742248736833 0.0004687347336976622 -0.022335660733027798 0.09714636976468416 0.011423731004860561 0.0080996955421420488 -0.00013368370132277319 -0.026110110900172824 0.0073361516067928512 -0.0028248264675560632 -0.0019057928947622538 -0.0020947487031119164 0.2477359605171035
leaf_weight=23 620 62 21 24 44 25 31 25 30 20 27 476 20 21
leaf_count=23 620 62 21 24 44 25 31 25 30 20 27 476 20 21
internal_value=0.00037415 0.00558252 0.00819672 0.0029661 0.0174242 -0.000474308 0.00691489 -0.000766129 -0.00679612 0.00326087 -0.0146552 -0.000219684 0.0015861 0.0178571
internal_weight=1469 205 182 117 65 1264 93 1239 102 45 57 1137 661 41
internal_count=1469 205 182 117 65 1264 93 1239 102 45 57 1137 661 41
is_linear=0
shrinkage=0.05


Tree=357
num_leaves=15
num_cat=0
split_feature=7 6 7 1 6 2 4 4 7 1 4 6 2 7
split_gain=2.16503 3.66655 2.95658 2.56862 2.72529 2.9469 2.98296 5.26542 4.33894 3.79905 3.26831 2.51417 2.48687 2.40429
threshold=1.7072468449608664 250.98244478577615 1.1759964269444085 1265.3900000000001 215.97440379665412 2103.3345000000004 448.45500000000004 558.19500000000005 6.5585823949629338 8502.7950000000001 419.12500000000006 226.69809874243089 3300.1465000000003 2.8290593895734308
decision_type=10 2 10 2 2 2 10 10 10 2 10 2 2 10
left_child=2 3 -1 -2 5 13 10 8 -8 -9 12 -6 -7 -5
right_child=1 -3 -4 4 11 6 7 9 -10 -11 -12 -13 -14 -15
leaf_value=0.00047300017255607067 0.001799718378446058 0.025825741628737887 0.0025074534045309185 -0.0021647959584953579 -0.26717590346549475 0.014354824121374822 -0.00051502583615218309 0.00073554660550156361 -0.048451545336408455 -0.003166640033051735 0.076260798999631993 -0.0078704819561705285 -0.0020299244991052292 -0.0010048070619140315
leaf_weight=847 37 31 40 33 23 23 20 226 31 26 20 24 49 39
leaf_count=847 37 31 40 33 23 23 20 226 31 26 20 24 49 39
internal_value=-3.40136e-05 -0.00240137 0.00152027 -0.00335145 -0.00427184 -0.00309829 -0.00138889 -0.00378289 -0.0182692 -0.000790514 0.00645161 -0.015625 0.00136986 -0.0123288
internal_weight=1469 582 887 551 514 467 395 303 51 252 92 47 72 72
internal_count=1469 582 887 551 514 467 395 303 51 252 92 47 72 72
is_linear=0
shrinkage=0.05


Tree=358
num_leaves=15
num_cat=0
split_feature=6 6 6 4 2 6 0 3 3 3 3 3 3 2
split_gain=2.03188 1.08577 3.65206 1.76522 1.15635 1.07752 4.39447 1.21154 2.79705 1.5996 2.41427 2.18248 1.63423 4.76561
threshold=298.28141587658195 74.806188540036771 68.307237856786685 833.70000000000016 2765.5915000000005 86.178778216373317 72.87610376590014 60.658776244652024 44.000401473719585 70.756256934394997 75.943759111434233 79.872734540474923 87.857053749925385 5043.8560000000007
decision_type=2 2 2 8 2 2 2 2 2 2 2 2 2 2
left_child=1 2 3 4 -1 6 -3 8 -7 -9 -11 -12 13 -13
right_child=-2 5 -4 -5 -6 7 -8 9 -10 10 11 12 -14 -15
leaf_value=-0.001710202151526047 0.0058417720420231856 -0.001744963278862241 -0.00082257776380584855 0.010137560828323301 0.0018160651963535558 -0.00067444378595379331 0.022457161538187116 -0.0070497804447730685 0.028938698756739819 0.021115554559056223 -0.069362707449024799 -0.00015685657858803827 -0.0001730251742992961 0.017428883284434742
leaf_weight=34 30 26 30 45 35 48 28 38 36 26 21 57 993 22
leaf_count=34 30 26 30 45 35 48 28 38 36 26 21 57 993 22
internal_value=0.000238095 -3.47222e-05 -0.00413793 0 -0.005 0.000424383 0.00727273 0.000120773 0.00588235 -0.000302245 4.46429e-05 -0.000319927 0 0.006875
internal_weight=1469 1439 144 114 69 1295 54 1241 84 1157 1119 1093 1072 79
internal_count=1469 1439 144 114 69 1295 54 1241 84 1157 1119 1093 1072 79
is_linear=0
shrinkage=0.05


Tree=359
num_leaves=15
num_cat=0
split_feature=6 7 6 0 0 7 4 4 4 7 7 0 6 4
split_gain=2.05376 1.29249 0.977737 0.997676 5.27392 1.55318 4.09619 5.45627 4.09556 2.17758 1.47826 1.90031 2.30227 3.51365
threshold=298.28141587658195 -41.860271339975981 264.38156449252426 197.55163591670637 191.66903412353869 12.585515333991745 598.51382352941187 416.56500000000011 667.20500000000015 10.764638936639061 8.4519213936836355 180.36014052193801 194.47006602093958 492.19000000000011
decision_type=2 8 2 2 2 10 10 10 10 10 10 2 2 10
left_child=1 -1 3 4 5 9 7 -7 -8 10 11 12 -3 -14
right_child=-2 2 -4 -5 -6 6 8 -9 -10 -11 -12 -13 13 -15
leaf_value=0.0042125397463680164 0.0055496834399220603 0.00012876552569131839 -0.0060099804076714893 0.0023728616629807107 -0.36050799772515602 0.0034898232095503302 0.13951386993473389 -0.12461022767346491 -0.0029844495847406896 0.050627045366846327 -0.0029446926126954266 0.041440600407683187 -0.030992225555455877 0.0003953392622716795
leaf_weight=28 30 835 34 262 21 20 21 33 35 21 24 41 34 30
leaf_count=28 30 835 34 262 21 20 21 33 35 21 24 41 34 30
internal_value=0.000170068 -0.000104167 -0.000318697 -0.000108853 -0.000761649 -0.000273973 -0.00590909 -0.0157407 0.00350877 0.00035497 0 0.00031881 -0.000166667 -0.00923077
internal_weight=1469 1439 1411 1377 1115 1094 109 53 56 985 964 940 899 64
internal_count=1469 1439 1411 1377 1115 1094 109 53 56 985 964 940 899 64
is_linear=0
shrinkage=0.05


Tree=360
num_leaves=15
num_cat=0
split_feature=7 6 7 6 6 7 0 1 2 0 0 0 7 4
split_gain=1.81436 2.08618 1.30567 4.32473 5.93194 3.57654 2.95953 5.18182 2.55058 2.3823 1.74745 2.08172 1.60342 1.29407
threshold=61.13915789669975 298.28141587658195 19.405075113525971 198.86474081608893 147.53484092538028 12.802152586572463 122.08416780095443 3910.3400000000006 5759.5250000000005 345.24292926887358 268.76775071743106 295.04554349476251 10.764638936639061 405.13000000000005
decision_type=10 2 10 2 2 10 2 2 2 2 2 2 10 8
left_child=1 2 5 4 -4 9 -7 -8 -6 10 12 -12 13 -1
right_child=-2 -3 3 -5 8 6 7 -9 -10 -11 11 -13 -14 -15
leaf_value=-0.00074343109612537569 -0.063647612698562422 0.0097428623954461009 0.013212670449012654 0.033120444680433299 -0.027243121422341456 -0.048911538183996489 -0.027737730737606905 0.03372899584682492 -0.005773646644108699 -0.24021433476996737 0.0079629178663679131 0.00046445496272427004 0.002916910195975109 0.00015634970132888393
leaf_weight=174 20 28 26 29 20 22 21 20 33 21 29 32 29 965
leaf_count=174 20 28 26 29 20 22 21 20 33 21 29 32 29 965
internal_value=0.000306122 0.000517241 0.000246132 0.00550459 -0.000625 -0.000190259 -0.0117188 -0.00357143 -0.0101852 0.00039968 0.000691057 0.00887097 0.00025663 -4.38596e-05
internal_weight=1469 1449 1421 108 79 1313 63 41 53 1250 1229 61 1168 1139
internal_count=1469 1449 1421 108 79 1313 63 41 53 1250 1229 61 1168 1139
is_linear=0
shrinkage=0.05


Tree=361
num_leaves=15
num_cat=0
split_feature=6 4 3 7 2 0 4 0 2 7 6 2 2 4
split_gain=2.87848 2.68372 1.38046 2.37908 2.53472 2.39941 2.36616 2.16543 1.45296 3.43345 2.612 3.74525 4.75529 4.24652
threshold=250.98244478577615 331.97029411764714 207.78396920750399 -9.0727731832168441 7636.6450000000013 260.20537238345815 494.65500000000003 248.12072054089606 3919.5550000000003 -15.710182950741332 191.44833333333335 2081.8200000000002 1709.3600000000004 626.58264705882368
decision_type=2 10 2 10 2 2 10 2 2 8 2 2 2 10
left_child=2 -2 7 5 -5 -4 -6 8 9 -1 11 12 -11 -14
right_child=1 -3 3 4 6 -7 -8 -9 -10 10 -12 -13 13 -15
leaf_value=0.013074492177674136 0.01442200586762322 -0.010142186771563533 0.010213926088362297 -0.012226413257019939 0.049386226839155146 -0.24606564614347337 0.0067716334754547528 -0.070996131382120839 -0.00056215252328588046 0.00014853221626244252 -0.03336848626708936 0.0036869190729265644 -0.017726662094009894 2.3392637148811347e-05
leaf_weight=24 56 24 20 26 20 32 48 21 702 221 39 184 31 21
leaf_count=24 56 24 20 26 20 32 48 21 702 221 39 184 31 21
internal_value=0.000714286 0.00987654 0.000179856 0.0047619 0.00947368 -0.00377358 0.0144928 -0.000361736 -8.17661e-05 0.00191939 0.00100604 0.00207424 -0.00164234 -0.0150943
internal_weight=1469 80 1389 146 94 52 68 1243 1222 520 496 457 273 52
internal_count=1469 80 1389 146 94 52 68 1243 1222 520 496 457 273 52
is_linear=0
shrinkage=0.05


Tree=362
num_leaves=15
num_cat=0
split_feature=3 3 6 7 0 3 6 7 6 0 0 7 7 7
split_gain=1.83738 2.14665 2.21009 2.13259 2.14922 1.96887 2.28092 2.04764 1.87895 1.96384 1.67113 1.18638 2.57541 3.73934
threshold=207.78396920750399 293.2257724892998 175.18687291304266 -16.788651926845358 286.06312190908818 200.16687481663931 250.98244478577615 -40.083085990570659 227.48708431902847 222.72964531768312 212.52063500248758 38.689719545555143 18.751694502129244 12.802152586572463
decision_type=2 2 2 10 2 2 2 8 2 2 2 10 10 10
left_child=5 2 -2 -4 -5 6 7 -1 9 10 11 12 13 -9
right_child=1 -3 3 4 -6 -7 -8 8 -10 -11 -12 -13 -14 -15
leaf_value=0.014020186066258766 -0.024244571435773743 -0.034569437319819485 0.012084352960831346 0.0012291027341645333 0.0084145673366328392 -0.0029437977856554111 0.028241057136320021 6.7645017339069966e-05 -0.050990717052898885 -0.067446324813014782 0.092944068081149842 -0.037842525504726332 0.0072062682849563381 -0.018497053524213526
leaf_weight=23 21 40 35 68 31 25 26 1003 25 25 27 21 54 45
leaf_count=23 21 40 35 68 31 25 26 1003 25 25 27 21 54 45
internal_value=0.00085034 0.00535714 0.00801282 0.0103704 0.0065 0.000156863 0.00044 0.000122549 -0.000166528 0.000127551 0.000434405 0.000133452 0.000362647 -0.000190658
internal_weight=1469 195 155 134 99 1274 1249 1223 1200 1175 1150 1123 1102 1048
internal_count=1469 195 155 134 99 1274 1249 1223 1200 1175 1150 1123 1102 1048
is_linear=0
shrinkage=0.05


Tree=363
num_leaves=15
num_cat=0
split_feature=6 4 7 6 1 6 6 6 1 1 6 2 7 7
split_gain=1.53605 1.82082 1.35922 4.14549 4.14625 3.61469 4.57894 3.92093 2.86782 2.4539 1.4466 2.45516 1.22476 3.17061
threshold=250.98244478577615 331.97029411764714 -6.3264700954845798 159.56052912081546 5875.1250000000009 133.95485005864214 115.23147926326421 145.90692866430473 2982.5300000000002 4395.6195000000007 225.18503248672494 6202.1500000000005 38.689719545555143 29.101130993991273
decision_type=2 10 8 2 2 2 2 2 2 2 2 2 10 10
left_child=2 -2 3 5 8 6 -1 -7 -5 -10 12 -12 13 -4
right_child=1 -3 10 4 -6 7 -8 -9 9 -11 11 -13 -14 -15
leaf_value=-0.0040725387646847527 0.014306321897168892 -0.0098635913123647397 -8.003493860142542e-06 -0.0070290241730019522 -0.0018590761593757388 -0.080749242055472861 0.038045401533888447 0.00079932446936625823 0.097121525245330506 0.010508294538411945 0.0021514596323694429 -0.10966658854492549 -0.035950399229490018 0.016031199403997921
leaf_weight=28 56 24 1054 20 33 26 20 23 33 28 22 31 41 30
leaf_count=28 56 24 1054 20 33 26 20 23 33 28 22 31 41 30
internal_value=0.000714286 0.00740741 0.000323741 0.00400943 0.0104348 -0.00357143 0.00612245 -0.013 0.0164634 0.0217742 -0.000339271 -0.00833333 4.4405e-05 0.000368664
internal_weight=1469 80 1389 211 114 97 48 49 81 61 1178 53 1125 1084
internal_count=1469 80 1389 211 114 97 48 49 81 61 1178 53 1125 1084
is_linear=0
shrinkage=0.05


Tree=364
num_leaves=15
num_cat=0
split_feature=0 6 0 1 7 7 4 6 0 7 0 4 7 0
split_gain=1.57443 3.30823 2.43028 2.1256 2.10503 3.94388 3.2292 3.47115 1.91813 1.92095 1.42025 3.27021 2.45098 1.51591
threshold=236.30459760105069 196.51672392057458 248.12072054089606 3619.5820000000008 16.151523392498103 6.2610348886181564 602.67500000000007 221.73572678780906 222.72964531768312 4.5201709807455765 197.55163591670637 628.22764705882366 5.4042200364240651 191.66903412353869
decision_type=2 2 2 2 10 10 8 2 2 8 2 10 8 2
left_child=8 2 -2 -4 5 6 7 -3 10 -10 13 12 -12 -1
right_child=1 4 3 -5 -6 -7 -8 -9 9 -11 11 -13 -14 -15
leaf_value=0.00019192185796038097 0.0053519100165296766 0.1222603200742149 -0.0061004904165240827 -0.11059224671621895 0.0075515860297096339 -0.02836660049943749 -0.015039764464739813 0.0072150852393925886 -0.024827875487949715 0.00011145059573680616 -0.0011812741693583374 -0.040145882534927041 0.2959351677296615 -0.1589974501240847
leaf_weight=1110 20 20 22 22 31 24 30 46 21 24 20 22 33 24
leaf_count=1110 20 20 22 22 31 24 30 46 21 24 20 22 33 24
internal_value=0.000918367 0.00486111 -0.00461538 -0.0111111 0.00888158 0.00578512 0.0103093 0.0164179 0.000239044 -0.00978261 0.000619835 0.00723684 0.0138889 0.000176211
internal_weight=1469 215 64 44 151 120 96 66 1254 45 1209 75 53 1134
internal_count=1469 215 64 44 151 120 96 66 1254 45 1209 75 53 1134
is_linear=0
shrinkage=0.05


Tree=365
num_leaves=15
num_cat=0
split_feature=4 0 0 2 2 2 3 4 1 4 8 0 4 3
split_gain=1.95187 1.90786 2.44133 2.41401 3.28707 3.00421 2.06638 4.21622 2.02922 1.50126 1.37302 2.24604 5.72067 3.8379
threshold=194.67555615416498 236.30459760105069 222.72964531768312 9496.6750000000011 13381.010000000002 8127.737000000001 293.2257724892998 295.13000000000005 2869.5600000000004 489.4500000000001 1.5000000000000002 169.32734950567814 637.9433333333335 144.37040879121128
decision_type=8 2 2 2 2 2 2 10 2 10 2 2 10 2
left_child=-1 2 10 5 -5 6 7 -3 -9 -4 -2 13 -13 -12
right_child=1 3 9 4 -6 -7 -8 8 -10 -11 11 12 -14 -15
leaf_value=-0.0038255159296513522 -5.4740326860480693e-05 0.17356824850889518 -0.19577091896038318 0.033064712176896174 0.0023250666302622848 -0.1041579854878802 -0.05421245490206103 -0.024382248474918902 0.0054131300169141866 -0.00067333125553512084 0.0016749310072366021 0.4157319132417378 -0.029136552323075372 -0.10419285521057722
leaf_weight=20 721 25 21 48 41 21 26 21 27 23 369 58 23 25
leaf_count=20 721 25 21 48 41 21 26 21 27 23 369 58 23 25
internal_value=0.00085034 0.00106897 0.000322321 0.00547619 0.0116667 0.000826446 0.0045 0.00878378 0 -0.0111111 0.00075188 0.00283613 0.0103659 0.00126582
internal_weight=1469 1449 1240 209 89 120 99 73 48 44 1196 475 81 394
internal_count=1469 1449 1240 209 89 120 99 73 48 44 1196 475 81 394
is_linear=0
shrinkage=0.05


Tree=366
num_leaves=15
num_cat=0
split_feature=8 4 4 4 4 1 1 3 4 3 3 3 2 4
split_gain=0.988743 3.02034 5.48602 3.04116 3.18977 1.88365 4.01793 1.70357 1.79501 2.17742 1.80398 3.6997 3.29132 2.15518
threshold=1.5000000000000002 272.98000000000008 611.0250000000002 568.12333333333345 333.25500000000005 4039.0150000000003 5240.0825000000013 14.879038210468522 224.19238999389799 44.000401473719585 60.658776244652024 70.756256934394997 1921.5550000000003 709.35833333333346
decision_type=2 8 8 10 10 2 2 2 10 2 2 2 2 10
left_child=7 -2 3 4 -3 -6 -7 -1 -9 -10 12 -12 -11 -13
right_child=1 2 -4 -5 5 6 -8 8 9 10 11 13 -14 -15
leaf_value=0.0010319521841840374 -0.010657606508241768 0.029559329167775952 0.00010280689182273761 0.18268960886614399 -0.018999860490230558 0.37234964007038446 -0.0065326949701911448 0.036991211045091954 -0.00068381986039446206 -7.0444781272582807e-05 -0.005702590322785351 -0.00059517457627200176 0.028296897286312392 0.0013976336782567989
leaf_weight=22 21 21 431 24 26 21 28 22 47 33 29 526 20 198
leaf_count=22 21 21 431 24 26 21 28 22 47 33 29 526 20 198
internal_value=0.000646259 0.00226876 0.00298913 0.0123967 0.00824742 0.00328947 0.009 -0.000389755 -0.000742009 -0.00111241 -0.000495663 -0.00112732 0.00833333 -0.000413793
internal_weight=1469 572 551 120 96 75 49 897 875 853 806 753 53 724
internal_count=1469 572 551 120 96 75 49 897 875 853 806 753 53 724
is_linear=0
shrinkage=0.05


Tree=367
num_leaves=15
num_cat=0
split_feature=4 2 2 6 4 6 2 6 0 2 2 0 4 2
split_gain=1.73085 0.947834 5.31777 3.28655 3.98178 3.68953 2.98421 2.75873 2.34937 2.30631 2.11811 2.08333 1.58667 1.57297
threshold=194.67555615416498 2081.8200000000002 1796.0100000000002 66.643298962090384 722.25000000000011 55.321472938507412 2262.2800000000002 96.816336438699054 129.11879254932379 1134.6900000000003 953.34500000000014 57.804865656243265 825.95000000000016 2420.3200000000006
decision_type=8 2 2 2 8 2 2 2 2 2 2 2 8 2
left_child=-1 2 3 5 8 -2 -3 -4 9 -5 11 -6 -12 -8
right_child=1 6 7 4 10 -7 13 -9 -10 -11 12 -13 -14 -15
leaf_value=-0.0042925802465900434 -0.00083711333000810191 0.01744552756220883 -0.00054342617338751578 0.00064368769036519328 -0.002385118659321628 0.015488284821304764 -0.015247937685033748 -0.027290827393012553 0.040355605684339206 -0.0030287949227040239 -0.021405500584364932 0.0094806213135262898 -0.0020323921784918264 0.00028757940415167219
leaf_weight=20 20 30 20 36 23 30 24 22 28 26 24 23 48 1095
leaf_count=20 20 30 20 36 23 30 24 22 28 26 24 23 48 1095
internal_value=-3.40136e-05 0.000172414 -0.00232558 0.0003861 -0.00239234 0.0117647 0.000826087 -0.0186047 0.00549451 0 -0.00840336 0 -0.0136986 0.000401786
internal_weight=1469 1449 300 258 208 50 1149 42 90 62 118 46 72 1119
internal_count=1469 1449 300 258 208 50 1149 42 90 62 118 46 72 1119
is_linear=0
shrinkage=0.05


Tree=368
num_leaves=15
num_cat=0
split_feature=4 0 0 4 1 1 1 1 1 1 6 3 3 4
split_gain=1.7975 0.847451 1.68495 2.55237 1.11749 1.98508 1.65154 8.91291 6.87851 2.74601 3.42262 2.42564 3.50462 2.64901
threshold=194.67555615416498 374.63000000000005 317.16464865243046 309.24500000000006 1098.5250000000003 830.71000000000015 2485.2500000000005 2368.6600000000003 2260.2710000000002 2791.8700000000003 184.09976753558024 87.857053749925385 124.58461215079174 770.21166666666682
decision_type=8 2 2 10 2 2 2 2 2 2 2 2 2 10
left_child=-1 2 4 -4 5 -2 7 8 11 10 -8 13 -13 -6
right_child=1 -3 3 -5 6 -7 9 -9 -10 -11 -12 12 -14 -15
leaf_value=-0.0040779512342605448 -9.4214428325140048e-05 -0.086299611963746387 -0.0054978959793421378 0.053269542768503667 0.049408399250663995 0.0013503604583059493 0.050437439145907328 -0.042952616816140231 0.060867158489801801 8.3287577023938305e-05 -0.018413976860066985 -0.016659735540071555 -0.00073750947943149745 -0.00039903837860884029
leaf_weight=20 29 20 21 22 33 25 35 21 24 1039 20 46 59 55
leaf_count=20 29 20 21 22 33 25 35 21 24 1039 20 46 59 55
internal_value=0.000238095 0.000448276 0.000594406 0.0102273 0.000288392 0.00727273 0 -0.00376569 -0.000688073 0.000821918 0.0116071 -0.00386598 -0.00896226 0.00224719
internal_weight=1469 1449 1429 43 1386 54 1332 238 217 1094 55 193 105 88
internal_count=1469 1449 1429 43 1386 54 1332 238 217 1094 55 193 105 88
is_linear=0
shrinkage=0.05


Tree=369
num_leaves=15
num_cat=0
split_feature=4 6 1 4 7 7 7 6 6 7 6 3 4 4
split_gain=1.73085 1.29965 2.14957 2.02922 1.19208 1.49011 4.4498 1.48591 3.29764 2.2442 1.90929 1.86438 2.16358 1.80288
threshold=194.67555615416498 250.98244478577615 3388.1150000000002 309.24500000000006 -47.10775147469618 -26.886101512009503 -17.959329216237979 191.44833333333335 198.86474081608893 18.348254548803684 187.86660416666672 195.55424554711433 651.17000000000007 535.12000000000012
decision_type=8 2 2 8 8 8 8 2 2 10 2 2 8 8
left_child=-1 4 3 -3 -2 -6 -7 10 -9 11 -8 13 -13 -10
right_child=1 2 -4 -5 5 6 7 8 9 -11 -12 12 -14 -15
leaf_value=-0.003874053672547523 0.0084712292242683958 -0.010143269531888445 0.026431050879723542 0.016124240500956823 -0.014426719868349182 0.011404107765567884 -1.8361465252886289e-05 -0.036065238339705451 -0.00011069802985206323 0.03113918208652566 0.0033466434416058958 -0.0039326228242098082 0.047423519283833482 -0.037694743337619664
leaf_weight=20 21 21 28 27 40 27 1026 35 30 35 32 53 27 47
leaf_count=20 21 21 28 27 40 27 1026 35 30 35 32 53 27 47
internal_value=-3.40136e-05 0.000172414 0.00649351 0 -0.000181951 -0.000369549 -7.61615e-05 -0.000505443 -0.00416667 -0.0015544 0.000283286 -0.00411392 0.00123457 -0.00961538
internal_weight=1469 1449 76 48 1373 1352 1312 1285 227 192 1058 157 80 77
internal_count=1469 1449 76 48 1373 1352 1312 1285 227 192 1058 157 80 77
is_linear=0
shrinkage=0.05


Tree=370
num_leaves=15
num_cat=0
split_feature=7 0 0 1 0 0 3 3 6 6 6 6 7 1
split_gain=1.7474 1.77205 5.20452 3.55376 1.95811 2.91417 3.71859 2.69956 2.43632 2.04348 4.24702 2.81716 2.29202 1.72461
threshold=61.13915789669975 114.44455308394727 119.30212331511321 5129.2750000000005 105.50178860863647 101.12592126646395 89.786343378074605 101.04582634087882 125.23444001911626 130.50164285714288 175.66469361510443 111.47383844212864 -2.9643020947149092 4089.9100000000003
decision_type=10 2 2 2 2 2 2 2 2 2 2 2 10 2
left_child=1 4 3 -3 5 6 9 13 -7 11 -11 -1 -13 -6
right_child=-2 2 -4 -5 7 8 -8 -9 -10 10 -12 12 -14 -15
leaf_value=-1.9471358568595721e-05 -0.094335187444812577 0.0050894189114264578 0.00046521046126022373 0.13061800666657994 -0.0010175323100790835 0.01563404930973784 -0.013247953703785821 0.017037303827450546 0.00046671988484238148 0.013762146319991331 -0.0019686760139760672 -0.00048371529324390264 -0.004507075395932536 -0.014672452719451995
leaf_weight=288 20 22 843 20 20 20 27 24 22 47 27 24 37 28
leaf_count=288 20 22 843 20 20 20 27 24 22 47 27 24 37 28
internal_value=3.40136e-05 0.000241379 0.00163657 0.0186047 -0.0019469 -0.000811359 -0.00199557 -0.00958904 0.0116279 -0.000825472 0.00666667 -0.00242857 -0.0120968 -0.0163265
internal_weight=1469 1449 885 42 564 492 450 72 42 423 74 349 61 48
internal_count=1469 1449 885 42 564 492 450 72 42 423 74 349 61 48
is_linear=0
shrinkage=0.05


Tree=371
num_leaves=15
num_cat=0
split_feature=6 7 7 7 4 4 3 4 4 3 0 4 4 6
split_gain=1.35003 2.56668 1.70709 4.80977 2.74209 2.35302 2.27117 4.52966 6.23353 2.66667 6.47629 2.27487 3.04875 4.4904
threshold=250.98244478577615 2.278513062942999 1.7072468449608664 1.1141055494729672 727.07000000000016 270.53000000000003 44.000401473719585 448.45500000000004 599.84083333333353 148.39286526408287 117.15007294198773 692.66500000000019 713.05500000000018 153.38890364537181
decision_type=2 10 10 10 10 10 2 10 10 2 2 10 10 2
left_child=2 -2 3 -1 -5 -4 -7 9 -9 10 -8 -10 -13 -14
right_child=1 -3 5 4 -6 6 7 8 11 -11 -12 12 13 -15
leaf_value=5.2796663126741809e-06 -0.0028070300520311011 0.028475888495986236 -0.0083947772668108416 0.029025685003927021 0.0010660688009378084 -0.0026789553405988766 0.044484395963128316 -0.012773874046267928 0.0020044504304606247 0.033893418484959838 -0.0071483348521964142 -0.052580493931281162 -0.0011834034105725423 0.019788823322642996
leaf_weight=795 49 31 20 21 22 34 22 112 118 34 28 21 134 28
leaf_count=795 49 31 20 21 22 34 22 112 118 34 28 21 134 28
internal_value=-0.000102041 0.00617284 -0.000467626 0.000953516 0.0170455 -0.00262681 -0.00197368 -0.00110442 -0.00326087 0.00941176 0.00196078 0.000496689 -0.00298913 -0.000613497
internal_weight=1469 80 1389 838 43 551 531 497 413 84 50 301 183 162
internal_count=1469 80 1389 838 43 551 531 497 413 84 50 301 183 162
is_linear=0
shrinkage=0.05


Tree=372
num_leaves=15
num_cat=0
split_feature=2 2 2 0 2 4 2 2 1 2 1 2 0 0
split_gain=1.34973 2.89502 2.80083 2.59196 1.97011 3.92232 3.80119 3.14359 1.88929 2.98593 1.78468 2.69259 2.48161 1.76707
threshold=6444.8065000000006 7985.6630000000014 7727.6250000000009 335.21522235552726 10023.938500000002 881.93000000000018 9779.7400000000034 10505.270000000002 4025.4000000000005 8485.1200000000008 6233.6330000000007 12006.116000000002 229.16277826520826 148.28202542506705
decision_type=2 2 2 2 2 10 2 2 2 2 2 2 2 2
left_child=-1 2 13 4 5 6 8 -6 -3 -10 11 -9 -12 -2
right_child=1 3 -4 -5 7 -7 -8 10 9 -11 12 -13 -14 -15
leaf_value=-0.00034857154644529764 -0.0041913487596891841 -0.12751628772058343 0.035044637586028181 0.0031478234503565794 0.043229586927059319 0.023980716886738834 -0.043310794915522949 -0.026026442828571573 -0.12267355245153277 0.0045755281716792998 -0.00060106999613246392 0.01430878398604587 -0.022100199306679259 0.0070349682770013246
leaf_weight=898 42 20 31 21 30 20 20 21 34 65 106 30 23 108
leaf_count=898 42 20 31 21 30 20 20 21 34 65 106 30 23 108
internal_value=-0.000238095 0.00166084 0.00686813 -0.000767263 -0.00175676 -0.0059375 -0.00892857 0.0014218 -0.00541667 -0.0025 -0.00110497 0.00673077 -0.00423077 0.00397351
internal_weight=1469 571 181 390 369 159 139 210 119 99 180 51 129 150
internal_count=1469 571 181 390 369 159 139 210 119 99 180 51 129 150
is_linear=0
shrinkage=0.05


Tree=373
num_leaves=15
num_cat=0
split_feature=3 4 3 6 6 4 3 6 4 1 4 4 4 2
split_gain=1.65057 3.12951 2.54934 2.02492 1.71118 2.31589 1.70493 2.13805 2.81237 1.44621 2.47977 2.27836 2.16228 2.205
threshold=202.09232806253314 270.53000000000003 209.53018395226374 250.98244478577615 215.97440379665412 538.7750000000002 279.41349074061424 219.26746586945595 593.36500000000012 16316.129000000003 464.92500000000007 448.45500000000004 500.00500000000011 9549.8750000000018
decision_type=2 10 2 2 2 8 2 2 10 2 8 10 8 2
left_child=3 -2 -3 4 9 -6 7 8 -4 10 11 -1 -12 -14
right_child=1 2 6 -5 5 -7 -8 -9 -10 -11 12 -13 13 -15
leaf_value=-0.00069010981310501653 -0.11700120606220057 0.0097106677955444542 -0.0022537929709210316 0.021485190218113976 0.0025896365620901919 -0.034879002873297919 0.0069820513905221983 -0.013536993566828094 0.014857835005389087 0.00073315539012698083 0.0015015128020444024 -0.028783818567082977 0.00024966505267524642 -0.00275251876279094
leaf_weight=191 57 20 30 27 25 32 39 40 29 28 37 24 770 120
leaf_count=191 57 20 30 27 25 32 39 40 29 28 37 24 770 120
internal_value=-0.000102041 0.00393519 0.00754717 -0.000796813 -0.00109935 -0.00948276 0.00503597 0.0015 0.0075 -0.000683177 -0.00096238 -0.00578704 0.000161638 -0.0003367
internal_weight=1469 215 158 1254 1227 57 138 99 59 1170 1142 215 927 890
internal_count=1469 215 158 1254 1227 57 138 99 59 1170 1142 215 927 890
is_linear=0
shrinkage=0.05


Tree=374
num_leaves=15
num_cat=0
split_feature=6 7 1 3 7 4 1 4 4 6 6 4 4 3
split_gain=1.89868 2.34343 3.71753 1.36042 2.12895 3.82304 4.5433 5.11613 2.85499 5.6415 3.74522 3.45021 3.07277 2.42524
threshold=250.98244478577615 1.5397259707193387 3284.1650000000004 207.78396920750399 6.2610348886181564 322.78000000000003 1635.8100000000002 400.15500000000003 649.3900000000001 137.52148431180527 161.13656410475406 500.00500000000011 718.2803333333336 128.08297025610585
decision_type=2 8 2 2 10 10 2 10 10 2 2 10 10 2
left_child=3 -2 -3 4 -1 -6 -7 -8 9 -9 -11 -12 -10 -14
right_child=1 2 -4 -5 5 6 7 8 12 10 11 -13 13 -15
leaf_value=2.7110439061228678e-06 -0.007145177069011033 0.0029351718312690348 0.065670004405165017 0.0035030956814155866 -0.0058081651642048707 0.10213062853883691 0.032250003973522651 0.0022655142189687352 0.023979469633824888 -0.026881287176051261 0.0057921981375933301 -0.17263881051677007 0.00038740556149988728 -0.029690434088056786
leaf_weight=987 32 27 21 146 21 20 24 20 31 20 23 37 31 29
leaf_count=987 32 27 21 146 21 20 24 20 31 20 23 37 31 29
internal_value=-3.40136e-05 0.00740741 0.0142857 -0.000467626 -0.00100482 -0.00505837 -0.00317797 -0.00532407 -0.00807292 -0.0138614 -0.0197531 -0.0131148 -0.00163043 -0.00819672
internal_weight=1469 80 48 1389 1243 256 235 215 191 100 80 60 91 60
internal_count=1469 80 48 1389 1243 256 235 215 191 100 80 60 91 60
is_linear=0
shrinkage=0.05


Tree=375
num_leaves=15
num_cat=0
split_feature=0 3 1 2 3 3 4 6 1 1 6 1 4 6
split_gain=2.08675 4.09436 3.12297 5.88794 3.96955 4.80021 3.6184 3.04803 2.95824 5.35602 5.34394 4.53436 3.12543 2.9569
threshold=142.72869666639579 127.12793205919647 5099.0060000000012 4300.6800000000012 101.60173398192426 107.8198830616431 592.06000000000017 110.76566694381623 2998.1200000000003 3822.8455000000004 146.71878109716189 4362.0400000000009 319.38000000000005 120.04364025908997
decision_type=2 2 2 2 2 2 8 2 2 2 2 2 10 2
left_child=1 2 3 8 7 -6 -5 -4 10 -10 12 -11 -1 -9
right_child=-2 -3 4 6 5 -7 -8 13 9 11 -12 -13 -14 -15
leaf_value=0.088735940156935672 0.0012231096465698422 -0.074176497160291469 0.00044472336194300303 -0.13768247436510925 0.24555353476486777 0.011674524163527003 -0.0038499670352570739 -0.06637153522022908 0.0061721298363430106 -0.068256621359417388 -0.031529261076108518 0.018967634552559322 -0.0010770825482312042 -0.0010381989875745429
leaf_weight=65 677 25 111 25 20 51 25 22 85 31 26 38 164 104
leaf_count=65 677 25 111 25 20 51 25 22 85 31 26 38 164 104
internal_value=0.000102041 -0.00163934 -0.000976562 -0.00358696 0.00291262 0.0131944 -0.0196078 -0.000210084 -0.00158537 0.00387097 -0.00488281 -0.00642857 -0.0023913 -0.00551181
internal_weight=1469 792 767 459 308 71 50 237 409 154 255 69 229 126
internal_count=1469 792 767 459 308 71 50 237 409 154 255 69 229 126
is_linear=0
shrinkage=0.05


Tree=376
num_leaves=15
num_cat=0
split_feature=4 0 3 2 2 3 2 4 3 3 3 3 2 3
split_gain=1.81436 1.8927 4.30558 2.37998 2.32548 3.14142 5.53273 3.48401 2.59069 2.36308 1.95727 4.88653 3.39903 2.76949
threshold=194.67555615416498 142.72869666639579 127.12793205919647 1679.7750000000003 3012.645 140.81887640343473 6631.7405000000008 852.995 134.05802887360144 131.83135305113726 73.992936819300354 70.756256934394997 2195.3900000000003 122.78561800169915
decision_type=8 2 2 2 2 2 2 10 2 2 2 2 2 2
left_child=-1 2 10 -3 -5 6 8 -7 -6 -8 11 -2 -12 -14
right_child=1 3 -4 4 5 7 9 -9 -10 -11 12 -13 13 -15
leaf_value=-0.0048673531243971918 0.00015422492738267901 0.10667944104185963 -0.070467672302276893 -0.0028711862325502993 0.11734024559613856 0.00078028532039322587 0.0034830641388067297 -0.010964601105997857 0.11698380293212396 -0.0034477790240533325 -0.0024235421713131979 0.017330577047280006 -0.00044347824729450429 0.0043318240012188928
leaf_weight=20 248 20 25 29 29 483 24 20 22 38 117 24 339 31
leaf_count=20 248 20 25 29 29 483 24 20 22 38 117 24 339 31
internal_value=0.000306122 0.000517241 -0.0011465 0.00247748 0.00193498 0.00259319 0.0100877 0.000892857 0.0221154 0 -0.000460526 0.0029304 -0.00235656 0
internal_weight=1469 1449 784 665 645 616 113 503 51 62 759 272 487 370
internal_count=1469 1449 784 665 645 616 113 503 51 62 759 272 487 370
is_linear=0
shrinkage=0.05


Tree=377
num_leaves=15
num_cat=0
split_feature=4 3 4 4 7 7 7 0 6 0 0 4 7 4
split_gain=1.64921 1.45246 3.90034 3.88476 3.1283 4.2584 4.74429 3.41988 1.96031 3.17069 1.76856 1.65343 2.36005 1.36223
threshold=194.67555615416498 195.55424554711433 593.36500000000012 502.55000000000001 61.13915789669975 16.541671951281021 0.7488923238277857 286.06312190908818 250.98244478577615 222.72964531768312 212.52063500248758 618.21000000000004 7.7032982754556736 224.19238999389799
decision_type=8 2 10 10 8 10 10 2 2 2 2 10 10 8
left_child=-1 8 3 4 5 6 -3 -6 9 10 13 -4 -13 -2
right_child=1 2 11 -5 7 -7 -8 -9 -10 -11 -12 12 -14 -15
leaf_value=-0.00462398546817733 0.00092167872847424977 0.0089640241556835035 0.047031079116497967 -0.026230346474333522 0.053510878831089528 0.038227715649854548 -0.0039986325869241224 -0.80510943466728213 0.022715544867056278 -0.023596790604941242 0.052101961491778905 -0.0094620707749024369 0.018396866513459998 -0.0002506572500638127
leaf_weight=20 21 28 24 28 33 20 33 24 20 33 22 20 20 1123
leaf_count=20 21 28 24 28 33 20 33 24 20 33 22 20 20 1123
internal_value=-0.00037415 -0.000172414 0.0034632 -0.000598802 0.0028777 0.00914634 0.00241935 -0.00603448 -0.000860656 -0.001125 -0.000685518 0.0138462 0.00731707 -0.000960699
internal_weight=1469 1449 230 166 138 81 61 57 1219 1199 1166 64 40 1144
internal_count=1469 1449 230 166 138 81 61 57 1219 1199 1166 64 40 1144
is_linear=0
shrinkage=0.05


Tree=378
num_leaves=15
num_cat=0
split_feature=0 7 7 4 0 1 1 4 7 7 7 2 0 7
split_gain=1.40647 2.77876 4.95868 2.43193 4.84713 2.38696 6.51088 3.04182 2.67033 2.40762 2.37972 3.50831 2.46455 2.36475
threshold=170.22632816182804 -0.84305986674137745 1.1141055494729672 452.27941176470591 251.93043118407545 2998.1200000000003 2524.2450000000003 402.60000000000008 15.23717487669022 72.819901538409326 25.125122342679223 9318.6000000000004 260.20537238345815 -10.591417294990093
decision_type=2 8 8 10 2 2 2 8 8 8 10 2 2 8
left_child=13 3 -3 4 -2 6 8 -7 -4 -10 12 -12 -9 -1
right_child=1 2 5 -5 -6 7 -8 10 9 -11 11 -13 -14 -15
leaf_value=-0.0026835093995919534 -0.016551681544959809 -0.22812530778121715 -0.021323856879640959 0.008784004268780855 0.034141519858115636 0.02480363274141964 0.050974322192913674 0.0011439653756913943 0.0049447930217302316 -0.19330713245373518 -0.26994699489686119 -0.011173361628275598 -0.019733749382995266 -3.1591148112417455e-05
leaf_weight=90 22 25 25 78 30 28 31 126 20 24 20 22 28 900
leaf_count=90 22 25 25 78 30 28 31 126 20 24 20 22 28 900
internal_value=-3.40136e-05 0.0021875 -0.000142857 0.00839695 0 0.00153846 0.00792079 -0.00133333 -0.000714286 0.00666667 -0.0035533 -0.0139535 -0.000645161 -0.00110999
internal_weight=1469 479 349 130 52 324 100 224 69 44 196 42 154 990
internal_count=1469 479 349 130 52 324 100 224 69 44 196 42 154 990
is_linear=0
shrinkage=0.05


Tree=379
num_leaves=15
num_cat=0
split_feature=4 4 1 0 0 7 7 1 1 4 1 2 6 7
split_gain=1.76403 2.09989 5.28579 1.81299 2.02574 3.14295 2.56666 2.0252 3.17682 7.89337 2.44968 2.7896 2.77091 2.61862
threshold=194.67555615416498 281.04000000000002 12021.025000000001 48.66978492107264 170.22632816182804 -32.937922409915224 -16.788651926845358 2998.1200000000003 3441.3600000000001 684.94352941176487 2745.8900000000008 3194.9150000000004 146.71878109716189 -1.23471314285387
decision_type=8 8 2 2 2 8 8 2 2 8 2 2 2 8
left_child=-1 2 -2 -3 5 -5 -6 10 9 -9 11 12 13 -7
right_child=1 3 -4 4 6 7 -8 8 -10 -11 -12 -13 -14 -15
leaf_value=-0.0045422093003027924 0.013962972827335707 0.0013313332070931938 -0.00018164356202403801 -0.12662080012442142 0.008487895705064764 -0.0020070867999082533 0.0007474175492910997 0.025301358700101046 -0.0002973225700546145 -0.00075672817808925409 -0.0052683269916637861 0.011100170153230095 -0.046243392625429786 -0.00012066856565874363
leaf_weight=20 36 36 30 21 49 25 404 30 530 34 29 20 32 173
leaf_count=20 36 36 30 21 49 25 404 30 530 34 29 20 32 173
internal_value=0.000102041 0.000310345 0.00895522 -0.000108382 -0.000408012 -0.00178771 0.00231278 -0.00131579 0.000336134 0.0107692 -0.00482143 -0.00318725 -0.0047619 -0.00251256
internal_weight=1469 1449 66 1383 1347 894 453 873 594 64 279 250 230 198
internal_count=1469 1449 66 1383 1347 894 453 873 594 64 279 250 230 198
is_linear=0
shrinkage=0.05


Tree=380
num_leaves=15
num_cat=0
split_feature=3 7 4 7 7 6 6 7 7 7 4 4 7 4
split_gain=1.94868 2.46993 1.80608 4.29261 4.28874 2.20136 3.23147 2.28104 2.33419 4.41998 1.96607 1.74161 1.73755 3.40625
threshold=204.61026134758544 37.615644771913338 456.07029411764717 -32.937922409915224 -30.576471356640706 221.73572678780906 213.71465235211417 27.307011563824208 18.751694502129244 15.23717487669022 487.30500000000001 636.5100000000001 2.7786511870306119 487.30500000000001
decision_type=2 10 8 10 8 2 2 10 10 10 8 10 10 10
left_child=2 11 3 -1 -4 6 7 8 9 10 -6 12 -2 -14
right_child=1 -3 4 -5 5 -7 -8 -9 -10 -11 -12 -13 13 -15
leaf_value=-0.14930846163423769 0.0070224571928732661 0.024702420289854678 0.012257826151878827 -7.9826163201301991e-05 0.0019367668380005977 0.091466615417159725 -0.2420363676888922 -0.034242617137470031 0.011325825659514458 -0.076591492871376621 4.1600019361259789e-05 0.0063866591054567937 0.0012634652041185745 -0.024183522252799624
leaf_weight=24 108 21 27 245 23 30 23 35 26 22 809 21 31 24
leaf_count=24 108 21 27 245 23 30 23 35 26 22 809 21 31 24
internal_value=0.000102041 0.00461165 -0.000632411 -0.00425926 0.000351406 -0.000206398 -0.000638978 -0.000163755 0.000340522 -0.000116959 0.000480192 0.0027027 0.000914634 -0.00625
internal_weight=1469 205 1264 269 995 968 938 915 880 854 832 184 163 55
internal_count=1469 205 1264 269 995 968 938 915 880 854 832 184 163 55
is_linear=0
shrinkage=0.05


Tree=381
num_leaves=15
num_cat=0
split_feature=7 6 4 6 2 2 2 4 4 6 2 7 7 7
split_gain=1.37754 2.91255 3.94626 1.59492 1.48928 3.12359 3.01292 7.21289 3.76924 3.08234 2.7755 2.12918 3.40628 2.7994
threshold=-16.788651926845358 190.08105851215348 599.84083333333353 221.73572678780906 2081.8200000000002 2295.1810000000005 1725.3350000000003 626.58264705882368 649.3900000000001 99.856448269911297 670.49300000000005 29.101130993991273 21.217470096449947 35.535525749673603
decision_type=8 2 10 2 2 2 2 10 10 2 2 10 10 10
left_child=1 2 -1 -3 6 -6 8 -8 10 -10 -2 12 -7 -13
right_child=4 3 -4 -5 5 11 7 -9 9 -11 -12 13 -14 -15
leaf_value=-0.021061024759837378 -0.053339007165723241 0.071556790158622513 0.020800863489761581 0.0032050218846889304 0.0075292018128540585 8.3122920253975163e-05 -0.015966707149773246 0.0017796600748252345 -0.00018419077264700823 -0.004228348075332589 0.0028094064408354935 0.060741412767496145 -0.10384616029708243 0.0029549031555479613
leaf_weight=37 33 24 34 20 35 917 33 20 87 26 96 20 28 59
leaf_count=37 33 24 34 20 35 917 33 20 87 26 96 20 28 59
internal_value=0.00037415 0.00560345 -0.000694444 0.0155556 -7.38007e-05 0.000801887 -0.00320946 -0.0138889 -0.000823045 -0.00745614 0.005 0.000292683 -0.000369979 0.008125
internal_weight=1469 115 71 44 1354 1059 295 53 242 113 129 1024 945 79
internal_count=1469 115 71 44 1354 1059 295 53 242 113 129 1024 945 79
is_linear=0
shrinkage=0.05


Tree=382
num_leaves=15
num_cat=0
split_feature=3 0 3 3 1 1 0 2 1 4 1 8 2 4
split_gain=2.19951 2.80079 2.72787 2.01453 1.54713 3.01469 4.48634 3.78008 2.81909 2.03533 2.62858 2.34462 2.17124 1.51452
threshold=204.61026134758544 222.72964531768312 133.20463420664996 293.2257724892998 2327.3075000000003 2094.8530000000005 163.09896139438251 1434.4600000000003 2397.7350000000001 766.78000000000009 1164.9750000000001 1.5000000000000002 953.34500000000014 341.00500000000005
decision_type=2 2 2 2 2 2 2 2 2 10 2 2 2 8
left_child=1 4 -3 -2 5 6 7 9 -6 10 11 -1 -11 -5
right_child=3 2 -4 13 8 -7 -8 -9 -10 12 -12 -13 -14 -15
leaf_value=0.0010088615249213867 0.004158825425210822 4.4752474756443178e-05 -0.035487559415387553 0.0041634963878389693 0.0361115571798633 -0.059790260654332163 0.12539440753905398 -0.011420551293127329 0.00038670456704592853 4.8729557025545271e-05 0.04139925450658808 -0.034203273617583865 -0.002013669558484327 -0.3565892308264218
leaf_weight=24 165 23 34 20 20 24 23 43 950 33 37 25 28 20
leaf_count=24 165 23 34 20 20 24 23 43 950 33 37 25 28 20
internal_value=0.000306122 -0.000474308 -0.0112069 0.00509709 4.13907e-05 -0.00357143 -0.00163551 -0.00418848 0.00092688 -0.000337838 0.0045977 -0.003 -0.00725806 -0.00487805
internal_weight=1469 1264 57 205 1207 237 213 190 970 147 86 49 61 40
internal_count=1469 1264 57 205 1207 237 213 190 970 147 86 49 61 40
is_linear=0
shrinkage=0.05


Tree=383
num_leaves=15
num_cat=0
split_feature=1 2 0 7 1 7 7 7 1 1 1 4 1 1
split_gain=1.89108 2.31439 2.12919 2.36358 2.10751 6.54514 2.80222 1.92641 1.72939 3.47533 4.79106 3.29198 3.16569 2.70896
threshold=2453.8380000000002 953.34500000000014 163.09896139438251 2.8849375678760585 1378.6230000000003 2.0354088182497212 -1.23471314285387 16.151523392498103 7023.5550000000012 6436.7500000000009 6233.6330000000007 494.65500000000003 7511.2680000000009 8435.7100000000009
decision_type=2 2 2 10 2 8 10 10 2 2 2 10 2 2
left_child=1 -1 4 -4 5 -3 -6 -5 9 10 -2 -11 -10 -14
right_child=8 2 3 7 6 -7 -8 -9 12 11 -12 -13 13 -15
leaf_value=0.0011866155110428268 0.0010308675662497381 0.013175641956902484 0.043846492444306252 -0.043906040740012552 -0.027090595339934166 -0.029598968948860188 -0.0016890885234524145 0.0025989831783786166 -0.020743378397154635 0.037737090326234207 -0.061668952411309923 0.00016000475116655368 0.0042030348453078459 -0.00023513734786168028
leaf_weight=83 781 25 52 20 33 28 68 21 45 21 24 33 55 180
leaf_count=83 781 25 52 20 33 28 68 21 45 21 24 33 55 180
internal_value=0.000306122 -0.00302115 -0.00544355 0.000531915 -0.00903226 -0.000925926 -0.0132353 -0.00833333 0.00127193 0.00238372 0.00155087 0.0145455 -0.00213523 0.000211864
internal_weight=1469 330 247 93 154 53 101 41 1139 859 805 54 280 235
internal_count=1469 330 247 93 154 53 101 41 1139 859 805 54 280 235
is_linear=0
shrinkage=0.05


Tree=384
num_leaves=15
num_cat=0
split_feature=4 3 0 3 2 3 3 2 2 4 2 0 0 2
split_gain=1.7975 1.6994 2.61948 1.92533 1.73896 1.47069 4.63848 3.35291 4.38316 3.35689 3.67945 3.16322 3.24079 2.66172
threshold=194.67555615416498 204.61026134758544 222.72964531768312 209.53018395226374 7127.670000000001 73.992936819300354 70.756256934394997 2210.5215000000003 1796.0100000000002 598.51382352941187 2576.0450000000005 204.31947867024365 193.47167751575279 4817.7150000000011
decision_type=8 2 2 2 2 2 2 2 2 8 2 2 2 2
left_child=-1 2 5 -3 -4 6 -2 8 -7 -9 -11 12 13 -12
right_child=1 3 4 -5 -6 7 -8 9 -10 10 11 -13 -14 -15
leaf_value=-0.0060203650668525848 0.00013676256209381178 0.01771252610040085 -9.0285272938667178e-06 0.0024690340194596875 -0.035698211250408375 -0.00048324356769656186 0.016422734158525316 -0.003489664920479241 -0.047347439289889867 0.0098858758779217359 -0.0014146170063881192 0.24038909739575387 -0.22523010447672789 0.0024777619613618298
leaf_weight=20 249 20 27 181 27 114 24 247 26 25 135 26 22 326
leaf_count=20 249 20 27 181 27 114 24 247 26 25 135 26 22 326
internal_value=0.000238095 0.000448276 -0.000240192 0.00470297 -0.0109091 0.000251046 0.00346715 -0.000704989 -0.00780142 0.000575448 0.00280374 0.00186275 0.000929752 0.00183983
internal_weight=1469 1449 1248 201 54 1194 273 921 140 781 534 509 483 461
internal_count=1469 1449 1248 201 54 1194 273 921 140 781 534 509 483 461
is_linear=0
shrinkage=0.05


Tree=385
num_leaves=15
num_cat=0
split_feature=4 6 3 4 4 2 6 3 4 3 3 4 3 1
split_gain=1.78073 1.78741 2.38119 1.25338 4.5593 4.87013 2.59182 3.76953 3.375 2.97102 2.59661 2.99881 2.5885 2.46859
threshold=194.67555615416498 250.98244478577615 248.54141250173765 592.06000000000017 573.69000000000005 4353.7200000000012 227.48708431902847 188.79303835825175 740.45000000000016 176.96917898242245 159.44784486528474 727.07000000000016 149.56452689015345 1532.7845000000002
decision_type=8 2 2 8 10 2 2 2 8 2 2 8 2 2
left_child=-1 3 -3 4 -2 -6 7 9 -9 10 12 -12 13 -5
right_child=1 2 -4 6 5 -7 -8 8 -10 -11 11 -13 -14 -15
leaf_value=-0.0057193468135099514 -3.298492688107134e-05 0.011802297289111186 -0.00069720212095967246 -0.0010412465981465724 0.00078921663339038693 -0.24890145998344765 -0.11190496156229877 0.047266129209622587 -0.023263356450728658 -0.21396859925289152 -0.025350060858517726 0.08298583527248489 -0.0014705066928403455 0.00051056577882593326
leaf_weight=20 425 39 37 99 20 21 21 55 42 22 20 39 40 569
leaf_count=20 425 39 37 99 20 21 21 55 42 22 20 39 40 569
internal_value=0.000170068 0.00037931 0.00779221 -3.63901e-05 -0.00214133 -0.0178571 0.00104626 0.00146561 0.0107143 0.000316456 0.000846354 0.0108333 0 0.000747384
internal_weight=1469 1449 76 1373 466 41 907 886 97 789 767 59 708 668
internal_count=1469 1449 76 1373 466 41 907 886 97 789 767 59 708 668
is_linear=0
shrinkage=0.05


Tree=386
num_leaves=15
num_cat=0
split_feature=4 4 4 3 2 0 4 4 8 0 4 0 4 1
split_gain=1.76403 1.04712 2.04762 1.90397 2.0127 1.5901 1.1272 3.52883 2.8791 4.83605 4.78448 2.39318 2.12677 1.67235
threshold=194.67555615416498 314.77441176470592 301.63500000000005 85.577003579349892 3776.8700000000003 48.66978492107264 598.51382352941187 605.50500000000022 1.5000000000000002 193.47167751575279 579.80000000000007 132.79571793677857 561.61000000000001 5533.5700000000006
decision_type=8 8 10 2 2 2 8 8 2 2 10 2 10 2
left_child=-1 2 3 4 -2 -3 8 -8 10 11 12 -10 13 -7
right_child=1 5 -4 -5 -6 6 7 -9 9 -11 -12 -13 -14 -15
leaf_value=-0.0054333794728344542 0.00013157368033317463 0.0014801430046946784 0.0041826765297767812 0.031564521270794919 -0.00012716378051133014 -0.0063500648933080758 0.0057858747328333659 8.6028938534410409e-05 0.0029788837816765779 0.026163255171425506 -0.10076962569785675 -0.016084767388084505 0.0086051642934452111 0.0012004497238854884
leaf_weight=20 39 31 20 27 23 178 21 859 36 34 36 28 28 89
leaf_count=20 39 31 20 27 23 178 21 859 36 34 36 28 28 89
internal_value=0.000102041 0.000310345 0.005 0.00166667 -0.0031746 -7.45712e-05 -0.000343511 0.000681044 -0.00244186 0.00505051 -0.00466867 -0.00307692 -0.00253378 -0.00391791
internal_weight=1469 1449 109 89 62 1340 1309 880 429 98 331 64 295 267
internal_count=1469 1449 109 89 62 1340 1309 880 429 98 331 64 295 267
is_linear=0
shrinkage=0.05


Tree=387
num_leaves=15
num_cat=0
split_feature=7 7 2 6 7 2 2 2 3 3 1 3 6 7
split_gain=1.1337 3.43344 4.23086 3.31455 4.87553 4.19622 4.16432 3.61221 5.68066 5.55778 3.34495 1.91447 4.19344 2.53611
threshold=2.6231319251495653 4.0162827822260718 5629.71 131.7512634858416 6.870447739901878 5186.1950000000006 13381.010000000002 3077.0840000000003 88.229070009057352 107.30782159831239 1939.8400000000004 49.201046209565966 97.558424839764953 0.97881630262333996
decision_type=10 10 2 2 8 2 2 2 2 2 2 2 2 8
left_child=11 2 -2 4 -3 -6 7 10 -9 -10 -5 12 13 -1
right_child=1 3 -4 6 5 -7 -8 8 9 -11 -12 -13 -14 -15
leaf_value=-0.0002676893008183412 -0.0067672249808617864 0.019400823448620232 0.00030610731274603454 0.03934023903483877 -0.0023736939243254986 0.0038391652691063486 -0.0046296778846568855 0.051261049164957884 -0.06478289949651915 0.00037583698248309097 -0.079698671210437944 0.00014131760071894872 0.0044980836593196075 0.0031179259899098144
leaf_weight=44 43 29 37 20 34 33 20 24 21 226 20 858 33 27
leaf_count=44 43 29 37 20 34 33 20 24 21 226 20 858 33 27
internal_value=0.000238095 -0.00167323 -0.0111111 0.000116822 0.00824742 0.000735294 -0.00225904 -0.000801282 0.00128676 -0.00100806 -0.0146341 0.00124611 0.00761905 0.000694444
internal_weight=1469 507 80 427 96 67 331 311 271 247 40 962 104 71
internal_count=1469 507 80 427 96 67 331 311 271 247 40 962 104 71
is_linear=0
shrinkage=0.05


Tree=388
num_leaves=15
num_cat=0
split_feature=6 3 6 6 7 7 6 6 6 1 1 7 4 7
split_gain=1.54905 3.11847 1.92828 1.61561 3.40699 2.22187 2.1473 3.48341 3.88891 2.12993 5.09647 3.97257 3.33645 2.6449
threshold=53.518592474592801 18.385610802557235 63.941665933779468 209.56557971800143 30.201806978352668 -0.26334732633136321 202.94220529335354 198.86474081608893 194.47006602093958 2575.0225000000005 2791.8700000000003 -0.48681300393325694 680.29913978494642 0.61064181310066357
decision_type=2 2 2 2 10 8 2 2 2 2 2 8 10 8
left_child=-1 -2 -3 6 5 -5 7 8 9 11 -11 12 -4 -13
right_child=1 2 3 4 -6 -7 -8 -9 -10 10 -12 13 -14 -15
leaf_value=-0.00057461361947832863 0.0028960195235492926 0.0027266751185608534 -0.00038331783917905371 0.0048323122772199415 0.021611312405687168 -0.0023220808879777623 -0.01633984261957493 0.27352186289252617 -0.019411004333521012 0.10955862810574013 0.00015900738289016393 -0.064722962787662638 0.014185593850326361 -0.0013426361591788853
leaf_weight=48 23 30 30 71 25 135 35 23 24 21 763 20 25 196
leaf_count=48 23 30 30 71 25 135 35 23 24 21 763 20 25 196
internal_value=0.000578231 0.000879044 0.000571837 0.000292184 0.00409483 0.00193237 -0.000483304 -9.06618e-05 -0.000509259 -4.73485e-05 0.00127389 -0.00386029 0.00803571 -0.00691244
internal_weight=1469 1421 1398 1368 231 206 1137 1102 1079 1055 784 271 55 216
internal_count=1469 1421 1398 1368 231 206 1137 1102 1079 1055 784 271 55 216
is_linear=0
shrinkage=0.05


Tree=389
num_leaves=15
num_cat=0
split_feature=4 3 2 0 3 8 0 3 7 4 4 4 4 0
split_gain=2.30195 2.35181 2.16698 3.52179 4.19957 4.84384 2.93953 2.93151 2.85686 2.29984 2.85734 4.18281 2.31284 3.64751
threshold=207.86500000000004 72.799335398664496 2351.2295000000008 88.311357823461364 89.786343378074605 1.5000000000000002 112.09915498260722 107.30782159831239 2.8849375678760585 322.78000000000003 592.06000000000017 525.67500000000007 618.21000000000004 198.94612124018667
decision_type=8 2 2 2 2 2 2 2 10 8 8 10 8 2
left_child=-1 -2 -3 -4 5 -5 -6 8 -8 -9 11 -11 13 -12
right_child=1 2 3 4 6 -7 7 9 -10 10 12 -13 -14 -15
leaf_value=-0.0012494741584720777 0.00078972651102905418 -0.00092437012783469497 -0.0037284894126049075 0.0011098179809708863 -0.0033403673755234954 0.047651720770250088 0.047033098674884408 0.0072831613429091176 -0.0039471499259059904 0.00042842018680979842 -6.2838530884512527e-06 -0.016418252730818751 0.00070242672093900893 0.064883361567168535
leaf_weight=30 261 168 39 44 80 29 35 33 21 170 34 78 419 28
leaf_count=30 261 168 39 44 80 29 35 33 21 170 34 78 419 28
internal_value=0.000578231 0.000868056 -8.48176e-05 0.000791296 0.00138889 0.0128378 0.000444939 0.0013431 0.0122807 0.000524246 -6.84932e-05 -0.00441767 0.00217842 0.0111111
internal_weight=1469 1439 1178 1010 971 73 898 818 56 762 729 248 481 62
internal_count=1469 1439 1178 1010 971 73 898 818 56 762 729 248 481 62
is_linear=0
shrinkage=0.05


Tree=390
num_leaves=15
num_cat=0
split_feature=4 4 6 6 4 1 2 7 7 4 6 1 6 2
split_gain=1.88251 1.69944 2.29777 2.43402 2.72499 2.46453 7.17743 3.97906 2.08496 2.05732 2.87178 4.31688 4.23548 3.06973
threshold=194.67555615416498 224.19238999389799 53.518592474592801 63.941665933779468 295.13000000000005 2998.1200000000003 3194.9150000000004 -0.48681300393325694 -40.083085990570659 891.35333333333335 133.66780167903241 1098.5250000000003 144.20377208719984 3194.9150000000004
decision_type=8 8 2 2 8 2 2 8 8 10 2 2 2 2
left_child=-1 -2 -3 -4 -5 9 7 -7 -8 10 11 -6 -12 -14
right_child=1 2 3 4 5 6 8 -9 -10 -11 12 -13 13 -15
leaf_value=-0.0060566849877508495 0.0017774542749225076 -0.011231819226366579 0.0025508550370813596 0.022127108166924828 0.0017856868292911111 0.00041606030937390019 0.0021547830569885961 0.0045841250884198327 -0.00012980294327608055 0.00043820108175814392 0.16175465315993304 -0.0064012182494112115 -0.012339848920300956 0.0015927053791723435
leaf_weight=20 25 30 36 34 25 32 23 64 808 36 21 137 65 113
leaf_count=20 25 30 36 34 25 32 23 64 808 36 21 137 65 113
internal_value=0.000578231 0.000793103 0.000561404 0.000860215 0.000515085 0.000150943 0.0015625 0.014433 6.00962e-05 -0.0031407 -0.00428177 -0.00920245 -0.00025 -0.0027933
internal_weight=1469 1449 1424 1394 1358 1324 927 96 831 397 361 162 199 178
internal_count=1469 1449 1424 1394 1358 1324 927 96 831 397 361 162 199 178
is_linear=0
shrinkage=0.05


Tree=391
num_leaves=15
num_cat=0
split_feature=7 7 3 6 6 3 3 3 3 6 7 7 7 3
split_gain=1.57987 4.84976 3.82151 7.00851 1.78709 2.71236 1.35505 1.47241 1.98836 1.83604 3.64312 1.7808 1.58686 3.5621
threshold=29.101130993991273 24.522727247225948 140.81887640343473 198.86474081608893 47.753311359009523 20.605876699785515 34.017419183778195 60.658776244652024 57.277597887571979 68.948557162028436 -0.33734789276833149 19.405075113525971 -0.67035190254998855 85.184256311791515
decision_type=10 10 2 2 2 2 2 2 2 2 10 10 10 2
left_child=1 4 -2 -4 -1 -6 -7 8 9 -8 -11 12 13 -9
right_child=2 -3 3 -5 5 6 7 11 -10 10 -12 -13 -14 -15
leaf_value=-0.0012910626613535925 0.015815904422870977 -0.13891924387393298 -0.068911824472969133 0.020515815923226134 0.0016885815611763833 -0.00070666135785169991 0.0043540830414098954 -0.0018232302237086607 0.013204102750594103 -0.004081544687074801 0.0026853867412973687 0.016670901175414077 -0.00055105568659707461 0.0025314034335730319
leaf_weight=29 21 20 36 27 27 28 23 92 23 31 41 27 530 514
leaf_count=29 21 20 36 27 27 28 23 92 23 31 41 27 530 514
internal_value=0.000442177 3.6075e-05 0.00705882 0.00078125 0.000402635 0.000673149 0.000343511 0.000585023 0.00588235 0.00260417 -0.00136986 4.29553e-05 -0.000263852 0.0014827
internal_weight=1469 1385 84 63 1365 1336 1309 1281 118 95 72 1163 1136 606
internal_count=1469 1385 84 63 1365 1336 1309 1281 118 95 72 1163 1136 606
is_linear=0
shrinkage=0.05


Tree=392
num_leaves=15
num_cat=0
split_feature=4 7 2 7 4 3 3 7 0 0 0 0 7 7
split_gain=1.86536 1.19579 1.97813 1.16549 3.49608 1.59129 1.75591 3.83807 1.41624 4.69806 2.77647 2.63529 2.87879 2.43355
threshold=194.67555615416498 -30.576471356640706 8040.5915000000014 30.201806978352668 405.13000000000005 293.2257724892998 241.89046138424996 1.4524443120779298 91.230947264087163 88.311357823461364 96.999755669072144 83.4378886972804 2.8290593895734308 -4.3185774248485904
decision_type=8 8 2 10 10 2 2 10 2 2 2 2 8 8
left_child=-1 2 -2 5 -5 6 8 -8 9 11 -10 13 -13 -3
right_child=1 3 -4 4 -6 -7 7 -9 10 -11 -12 12 -14 -15
leaf_value=-0.0031604626781394302 0.0047272594927747491 0.0009951841107073145 -0.0132511139893031 0.026629871818254061 0.00047789468466672428 -0.063467498777189144 0.01655185081212851 -0.0029978135017226792 -0.0023076649489084974 0.0073753724841206575 -0.00014501102855408315 6.8015646962571452e-05 -0.15507139521676724 1.8678118752818441e-05
leaf_weight=20 37 37 20 20 58 31 31 23 53 29 860 21 20 209
leaf_count=20 37 37 20 20 58 31 31 23 53 29 860 21 20 209
internal_value=0.000510204 0.000724138 0.00775862 0.000430725 0.00632911 7.60456e-05 0.000350467 0.00909091 -4.06504e-05 0.00283912 -0.00103939 0.000868056 -0.0107143 0.00283401
internal_weight=1469 1449 57 1392 78 1314 1283 54 1229 316 913 287 41 246
internal_count=1469 1449 57 1392 78 1314 1283 54 1229 316 913 287 41 246
is_linear=0
shrinkage=0.05


Tree=393
num_leaves=15
num_cat=0
split_feature=0 4 7 6 3 0 7 6 0 7 4 4 4 7
split_gain=1.83128 1.88491 1.50745 2.60038 1.24922 2.46167 3.02085 2.31877 2.0922 1.26005 4.96357 3.0622 3.53099 2.22127
threshold=374.63000000000005 194.67555615416498 -30.576471356640706 190.50377152995756 231.73748795749927 328.28209607042521 8.745587669447163 217.88727910358242 253.87031985272776 17.57798514788065 441.97882352941184 599.84083333333353 725.73000000000013 15.23717487669022
decision_type=2 8 8 2 2 2 10 2 2 10 10 10 10 10
left_child=1 -1 3 -3 8 6 7 -6 9 13 -11 -12 -13 -4
right_child=-2 2 4 -5 5 -7 -8 -9 -10 10 11 12 -14 -15
leaf_value=-0.0030024395442324534 -0.085243015687124335 -0.00036386712443743364 8.09198579586612e-06 0.0054966130837359461 0.064359968456327993 -0.0086311313768393412 -0.0060544861366055754 0.0034071038159592341 -0.04639764303985805 0.15141713184799946 -0.065474555340723467 0.096607635230555183 -0.0011332385066543994 -0.071970329884875492
leaf_weight=20 20 29 1115 27 30 26 26 22 23 22 32 36 20 21
leaf_count=20 20 29 1115 27 30 26 26 22 23 22 32 36 20 21
internal_value=0.00037415 0.000586207 0.000804196 0.00877193 0.000473071 0.00571429 0.0101266 0.0169811 3.93701e-05 0.00032077 0.00540541 0 0.00701754 -0.000175901
internal_weight=1469 1449 1429 56 1373 104 78 52 1269 1246 110 88 56 1136
internal_count=1469 1449 1429 56 1373 104 78 52 1269 1246 110 88 56 1136
is_linear=0
shrinkage=0.05


Tree=394
num_leaves=15
num_cat=0
split_feature=7 7 4 7 4 4 2 1 2 2 1 7 7 4
split_gain=1.07845 3.21973 2.78775 3.43134 2.83218 2.89115 2.53992 2.233 2.18674 2.1851 3.04487 1.82049 4.2532 1.81561
threshold=-0.84305986674137745 -0.33734789276833149 797.16764705882372 -1.3918032258628157 673.34166666666681 694.7700000000001 9779.7400000000034 5676.7000000000016 10277.170000000002 1317.7275000000002 1222.5250000000003 4.3691399081932589 11.42165950041292 599.84083333333353
decision_type=10 10 10 10 10 10 2 2 2 2 2 10 10 10
left_child=2 -2 3 4 9 -6 13 -7 -8 10 -1 -10 -13 -3
right_child=1 6 -4 -5 5 7 8 -9 11 -11 -12 12 -14 -15
leaf_value=-0.079314230327310581 -0.052950441975572984 -0.00031777259659187542 -0.0039326619775762626 0.031342133555022599 0.010074246657191222 -0.00014594078396634735 -0.016871727464288052 0.010490649514084051 0.0016069287208217932 -0.00021267091281280265 0.19126549325096384 -0.007722047784553621 0.017948948220237668 0.00073899805398998516
leaf_weight=25 28 285 56 22 22 25 24 21 38 488 26 27 36 346
leaf_count=25 28 285 56 22 22 25 24 21 38 488 26 27 36 346
internal_value=0.00037415 -0.00089172 0.00182216 0.00277778 0.00205592 0.0115942 -0.000264201 0.00425532 -0.00674603 0.000833333 0.0105769 -0.00343137 -0.00859375 0.00102848
internal_weight=1469 784 685 629 607 68 756 46 125 539 51 101 63 631
internal_count=1469 784 685 629 607 68 756 46 125 539 51 101 63 631
is_linear=0
shrinkage=0.05


Tree=395
num_leaves=15
num_cat=0
split_feature=0 0 1 6 2 2 4 4 2 6 1 2 6 2
split_gain=1.59192 3.29386 2.37576 1.37455 3.12067 4.42347 2.40573 4.18199 2.27521 3.8013 4.37844 3.32004 3.22363 5.3813
threshold=30.074703209716684 53.038725717791621 3388.1150000000002 200.98563697741199 5838.2700000000013 9318.6000000000004 325.07068393896151 389.46500000000003 9158.1150000000034 191.44833333333335 4025.4000000000005 8592.5550000000021 118.27558542875845 10023.938500000002
decision_type=2 2 2 2 2 2 8 10 2 2 2 2 2 2
left_child=-1 2 -2 8 6 -6 -5 -8 9 11 -11 -3 -10 -14
right_child=1 3 -4 4 5 -7 7 -9 12 10 -12 -13 13 -15
leaf_value=-0.0014818606354900787 0.00039249045480560518 0.00012146974291891156 0.00248246569831455 0.032130940309389809 -0.0096821507352181872 0.0045466814086494115 -0.022517269326375811 0.026968675911319264 0.0021321737850785254 -0.16580227038662257 0.00021301334862473543 0.13973489765893204 -0.02339026411469769 -0.0010385291467929659
leaf_weight=24 22 837 32 27 111 80 29 34 46 21 21 21 37 127
leaf_count=24 22 837 32 27 111 80 29 34 46 21 21 21 37 127
internal_value=0.000510204 0.000726141 0.0127273 0.000251437 0.00336879 -0.000260417 0.010989 0.00546875 -0.000540054 0.000554939 -0.0139535 0.00128056 -0.00521327 -0.00848485
internal_weight=1469 1445 54 1391 281 191 90 63 1110 900 42 858 210 164
internal_count=1469 1445 54 1391 281 191 90 63 1110 900 42 858 210 164
is_linear=0
shrinkage=0.05


Tree=396
num_leaves=15
num_cat=0
split_feature=4 0 0 1 7 7 1 1 0 2 2 2 1 1
split_gain=1.59401 3.54489 2.88534 5.04664 3.16757 2.15564 2.63784 4.07142 3.43901 1.94071 2.91014 2.14807 2.10779 6.92618
threshold=245.22000000000006 89.41200000000002 64.5634546516212 13621.290000000003 0.80434149419877532 -0.67035190254998855 8502.7950000000001 7596.8950000000013 94.801058589234387 1282.6665000000003 2195.3900000000003 3149.9250000000006 4122.755000000001 3891.1085000000003
decision_type=8 2 2 2 10 10 2 2 2 2 2 2 2 2
left_child=1 -1 3 4 -2 9 7 -7 -8 -4 -11 -12 13 -13
right_child=2 -3 5 -5 -6 6 8 -9 -10 10 11 12 -14 -15
leaf_value=-0.0015935946579665025 -0.00029684705904335922 0.028100245314134732 0.013337185748074666 0.0032328828794413473 0.0019831599224066632 -0.00053809147789740663 0.0019296113525594323 0.0045322114446791446 -0.0073339358743936718 -0.020576053014406848 0.0062946933519327786 0.0024179524442625834 0.0022831986844648266 -0.16048426263964866
leaf_weight=30 61 25 38 24 32 589 27 28 36 46 55 132 325 21
leaf_count=30 61 25 38 24 32 589 27 28 36 46 55 132 325 21
internal_value=0.000238095 -0.00803571 0.000565371 0.00805085 0.00265957 -0.000115562 -0.0020558 -0.00105178 -0.0117188 0.00202265 0.0012931 0.00234082 0.00125261 -0.00357143
internal_weight=1469 55 1414 117 93 1297 680 617 63 617 579 533 478 153
internal_count=1469 55 1414 117 93 1297 680 617 63 617 579 533 478 153
is_linear=0
shrinkage=0.05


Tree=397
num_leaves=15
num_cat=0
split_feature=4 0 0 6 6 4 6 2 2 6 1 4 6 1
split_gain=1.81436 1.59408 1.72329 2.87879 1.84768 2.61971 2.29895 1.0352 4.34356 2.6249 1.89311 2.34936 4.76852 2.48757
threshold=194.67555615416498 30.074703209716684 52.030013044333622 68.948557162028436 53.518592474592801 253.85425055935312 63.941665933779468 7985.6630000000014 7727.6250000000009 230.33742563271883 3249.9800000000005 613.44416666666677 168.19629711813096 2791.8700000000003
decision_type=8 2 2 2 2 8 2 2 2 2 2 10 2 2
left_child=-1 -2 3 -3 -4 -6 -7 8 10 -9 11 -8 13 -13
right_child=1 2 4 -5 5 6 7 9 -10 -11 -12 12 -14 -15
leaf_value=-0.0034965303866459742 -0.0013280878708172518 0.0031657346682882935 -0.022036087611431981 -9.7812548648584807e-05 0.026122815967090009 0.00700176533425074 -0.00287716346002162 -0.0016405471716731471 0.037224549425919067 0.0056896418075367827 0.0010958827972370883 0.00024547449226561963 0.013520012091233458 -0.023447445346241005
leaf_weight=20 24 20 20 21 22 26 244 326 30 40 480 147 23 26
leaf_count=20 24 20 20 21 22 26 244 326 30 40 480 147 23 26
internal_value=0.000306122 0.000517241 0.000736325 0.0107143 0.000433213 0.000659341 0.000372301 7.59301e-05 0.000946372 -0.00217984 0.000325733 -0.00204082 0.00203046 -0.000862069
internal_weight=1469 1449 1425 41 1384 1364 1342 1316 950 366 920 440 196 173
internal_count=1469 1449 1425 41 1384 1364 1342 1316 950 366 920 440 196 173
is_linear=0
shrinkage=0.05


Tree=398
num_leaves=15
num_cat=0
split_feature=4 7 4 1 1 7 7 7 3 7 1 2 7 6
split_gain=2.36958 1.98905 4.00864 3.45176 3.26866 3.62956 6.20974 3.32866 4.06123 3.91384 4.66635 4.53329 2.85703 3.03696
threshold=211.3252941176471 0.27950259011122119 281.04000000000002 4887.8150000000014 2648.8255000000004 2.5168172785243148 4.5201709807455765 8.5652508453472453 149.00058525390557 32.933758037515219 4463.2200000000012 6308.3300000000008 1.1141055494729672 118.27558542875845
decision_type=8 10 8 2 2 10 10 10 2 10 2 2 10 2
left_child=-1 2 -2 4 -3 -6 -7 8 -8 10 11 -9 -5 -14
right_child=1 3 -4 12 5 6 7 9 -10 -11 -12 -13 13 -15
leaf_value=-0.0012550142281804802 0.0028353466549803532 -0.00083727577052978848 0.0011215748124508652 -0.0068601636896628545 0.016284718934253154 -0.0097757137700350046 0.00061287065072850033 -0.00056546665790351285 0.058664176670810655 0.017004867134475226 0.080335162469161503 -0.21660882369166323 0.003465425739788525 -0.0020664385511642374
leaf_weight=35 20 176 728 36 44 34 39 33 29 34 20 22 51 168
leaf_count=35 20 176 728 36 44 34 39 33 29 34 20 22 51 168
internal_value=0.000170068 0.000487805 0.00226969 -0.0014556 0.00127315 0.00488281 0.00212264 0.00589888 0.0144928 0.000454545 -0.00592105 -0.0133929 -0.00605469 -0.00386364
internal_weight=1469 1434 748 686 431 255 211 177 68 109 75 55 255 219
internal_count=1469 1434 748 686 431 255 211 177 68 109 75 55 255 219
is_linear=0
shrinkage=0.05


Tree=399
num_leaves=15
num_cat=0
split_feature=4 1 1 1 4 4 4 4 4 3 3 3 3 2
split_gain=2.49833 2.04945 6.02829 3.56021 3.21407 5.17241 2.90613 2.2894 1.97242 4.47921 3.65838 3.62278 3.55098 2.47954
threshold=211.3252941176471 4870.3100000000013 4764.2660000000005 5240.0825000000013 946.95500000000004 891.35333333333335 802.3517647058826 825.95000000000016 431.9550000000001 83.159304027490649 65.066463251201881 110.13159224308035 175.53682203461094 5022.4300000000003
decision_type=8 2 2 2 10 10 10 10 10 2 2 2 2 2
left_child=-1 2 4 -3 5 6 -2 -8 9 10 -5 -11 -13 -10
right_child=1 3 -4 8 -6 -7 7 -9 13 11 -12 12 -14 -15
leaf_value=-0.0011922635167714566 0.00097819628283734596 -0.018230093416336513 0.019672988930116778 0.00059310176147107799 -0.0039666460520941969 0.0014163741377108353 -0.012819449532801896 -0.00045826862300808459 -0.0097325809905278952 0.058261118273866069 -0.12241545750769936 -0.015284623005562083 0.2790056077178622 -0.00032583761786062485
leaf_weight=35 719 62 23 62 24 40 22 35 25 35 22 46 26 293
leaf_count=35 719 62 23 62 24 40 22 35 25 35 22 46 26 293
internal_value=0.000510204 0.000836237 0.00237269 -0.00148601 0.00166468 0.00220318 0.001287 -0.00948276 -9.80392e-05 0.00390625 -0.00470588 0.0106481 0.00410959 -0.00250784
internal_weight=1469 1434 863 571 840 816 776 57 509 191 84 107 72 318
internal_count=1469 1434 863 571 840 816 776 57 509 191 84 107 72 318
is_linear=0
shrinkage=0.05


end of trees

feature_importances:
stage_delta_prev=1032
rainfall_mm=954
neighbour_stage_mean=876
extraction_total_ham=741
stage_pct=668
recharge_total_ham=667
extraction_over_recharge_pct=570
year_gap=75
category_ordinal=17

parameters:
[boosting: gbdt]
[objective: regression_l1]
[metric: l1]
[tree_learner: serial]
[device_type: cpu]
[data_sample_strategy: bagging]
[data: ]
[valid: ]
[num_iterations: 400]
[learning_rate: 0.05]
[num_leaves: 15]
[num_threads: 12]
[seed: 0]
[deterministic: 0]
[force_col_wise: 0]
[force_row_wise: 0]
[histogram_pool_size: -1]
[max_depth: -1]
[min_data_in_leaf: 20]
[min_sum_hessian_in_leaf: 0.001]
[bagging_fraction: 0.9]
[pos_bagging_fraction: 1]
[neg_bagging_fraction: 1]
[bagging_freq: 0]
[bagging_seed: 3]
[bagging_by_query: 0]
[feature_fraction: 0.8]
[feature_fraction_bynode: 1]
[feature_fraction_seed: 2]
[extra_trees: 0]
[extra_seed: 6]
[early_stopping_round: 0]
[early_stopping_min_delta: 0]
[first_metric_only: 0]
[max_delta_step: 0]
[lambda_l1: 0]
[lambda_l2: 1]
[linear_lambda: 0]
[min_gain_to_split: 0]
[drop_rate: 0.1]
[max_drop: 50]
[skip_drop: 0.5]
[xgboost_dart_mode: 0]
[uniform_drop: 0]
[drop_seed: 4]
[top_rate: 0.2]
[other_rate: 0.1]
[min_data_per_group: 100]
[max_cat_threshold: 32]
[cat_l2: 10]
[cat_smooth: 10]
[max_cat_to_onehot: 4]
[top_k: 20]
[monotone_constraints: ]
[monotone_constraints_method: basic]
[monotone_penalty: 0]
[feature_contri: ]
[forcedsplits_filename: ]
[refit_decay_rate: 0.9]
[cegb_tradeoff: 1]
[cegb_penalty_split: 0]
[cegb_penalty_feature_lazy: ]
[cegb_penalty_feature_coupled: ]
[path_smooth: 0]
[interaction_constraints: ]
[verbosity: -1]
[saved_feature_importance_type: 0]
[use_quantized_grad: 0]
[num_grad_quant_bins: 4]
[quant_train_renew_leaf: 0]
[stochastic_rounding: 1]
[linear_tree: 0]
[max_bin: 255]
[max_bin_by_feature: ]
[min_data_in_bin: 3]
[bin_construct_sample_cnt: 200000]
[data_random_seed: 1]
[is_enable_sparse: 1]
[enable_bundle: 1]
[use_missing: 1]
[zero_as_missing: 0]
[feature_pre_filter: 1]
[pre_partition: 0]
[two_round: 0]
[header: 0]
[label_column: ]
[weight_column: ]
[group_column: ]
[ignore_column: ]
[categorical_feature: ]
[forcedbins_filename: ]
[precise_float_parser: 0]
[parser_config_file: ]
[objective_seed: 5]
[num_class: 1]
[is_unbalance: 0]
[scale_pos_weight: 1]
[sigmoid: 1]
[boost_from_average: 1]
[reg_sqrt: 0]
[alpha: 0.9]
[fair_c: 1]
[poisson_max_delta_step: 0.7]
[tweedie_variance_power: 1.5]
[lambdarank_truncation_level: 30]
[lambdarank_norm: 1]
[label_gain: ]
[lambdarank_position_bias_regularization: 0]
[eval_at: ]
[multi_error_top_k: 1]
[auc_mu_weights: ]
[num_machines: 1]
[local_listen_port: 12400]
[time_out: 120]
[machine_list_filename: ]
[machines: ]
[gpu_platform_id: -1]
[gpu_device_id: -1]
[gpu_device_id_list: ]
[gpu_use_dp: 0]
[num_gpu: 1]

end of parameters

pandas_categorical:[]
